{"type":"FeatureCollection","metadata":{"generated":"2026-04-07T00:48:13+00:00","crs":"EPSG:4326","description":"Brazilian offshore sedimentary basins","source":"data/sedimentary_basins/ shapefiles","total_basins":16},"features":[{"type":"Feature","id":"pelotas","properties":{"id":"pelotas","name":"Pelotas_Mar","display_name":"Bacia de Pelotas","bbox":[-53.3694,-35.8217,-44.6246,-27.8291],"area_km2":409880.8},"geometry":{"type":"Polygon","coordinates":[[[-48.7614,-28.5373],[-48.7581,-28.5387],[-48.7556,-28.5281],[-48.759,-28.5258],[-48.758,-28.5194],[-48.7484,-28.5081],[-48.7434,-28.5086],[-48.743,-28.504],[-48.7486,-28.5013],[-48.7474,-28.4957],[-48.7635,-28.4939],[-48.7676,-28.4653],[-48.7602,-28.4447],[-48.7492,-28.4298],[-48.7396,-28.4237],[-48.7471,-28.421],[-48.7484,-28.4139],[-48.7415,-28.3873],[-48.7279,-28.3646],[-48.7081,-28.3421],[-48.7048,-28.3432],[-48.6989,-28.338],[-48.7067,-28.3374],[-48.7106,-28.3285],[-48.7022,-28.2988],[-48.6776,-28.2575],[-48.6469,-28.2345],[-48.6508,-28.228],[-48.6547,-28.234],[-48.6621,-28.2312],[-48.668,-28.2163],[-48.6632,-28.2094],[-48.6663,-28.2051],[-48.6583,-28.196],[-48.6585,-28.1923],[-48.6631,-28.1908],[-48.664,-28.1824],[-48.6543,-28.1556],[-48.6482,-28.1506],[-48.6472,-28.1449],[-48.6369,-28.1398],[-48.6435,-28.1365],[-48.6436,-28.1329],[-48.6397,-28.1232],[-48.6327,-28.1228],[-48.6313,-28.1196],[-48.6364,-28.118],[-48.6349,-28.1136],[-48.6311,-28.1086],[-48.6372,-28.1081],[-48.6379,-28.1051],[-48.6314,-28.091],[-48.6322,-28.0843],[-48.6287,-28.0834],[-48.6275,-28.076],[-48.6223,-28.0761],[-48.6182,-28.0671],[-48.6104,-28.063],[-48.6078,-28.053],[-48.6105,-28.0412],[-48.6054,-28.0349],[-48.6006,-28.0356],[-48.5992,-28.0313],[-48.61,-28.0173],[-48.6179,-28.0241],[-48.6307,-28.0117],[-48.6315,-27.9952],[-48.6251,-27.9727],[-48.62,-27.9634],[-48.6251,-27.9595],[-48.624,-27.952],[-48.62,-27.9448],[-48.614,-27.9342],[-48.5999,-27.9169],[-48.5871,-27.9055],[-48.5838,-27.9065],[-48.5744,-27.8906],[-48.5753,-27.8778],[-48.5786,-27.8834],[-48.5884,-27.8819],[-48.5923,-27.8858],[-48.6003,-27.8789],[-48.6028,-27.8685],[-48.5984,-27.8537],[-48.587,-27.8483],[-48.5808,-27.8492],[-48.5809,-27.8539],[-48.5762,-27.8455],[-48.5787,-27.8291],[-45.2635,-27.8653],[-44.6246,-27.8748],[-44.6267,-27.8914],[-44.629,-27.9079],[-44.63,-27.9159],[-44.6322,-27.9325],[-44.6345,-27.9491],[-44.6369,-27.9657],[-44.6393,-27.9822],[-44.6419,-27.9988],[-44.6445,-28.0153],[-44.6473,-28.0318],[-44.6501,-28.0484],[-44.653,-28.0649],[-44.656,-28.0813],[-44.6591,-28.0978],[-44.6623,-28.1143],[-44.6657,-28.1307],[-44.669,-28.1471],[-44.6725,-28.1636],[-44.6761,-28.18],[-44.6798,-28.1963],[-44.6836,-28.2127],[-44.6874,-28.2291],[-44.6888,-28.2413],[-44.6908,-28.2579],[-44.6929,-28.2745],[-44.6951,-28.2911],[-44.6974,-28.3077],[-44.6998,-28.3243],[-44.7022,-28.3408],[-44.7048,-28.3574],[-44.7075,-28.3739],[-44.7102,-28.3904],[-44.7131,-28.407],[-44.716,-28.4235],[-44.719,-28.4399],[-44.7222,-28.4564],[-44.7254,-28.4729],[-44.7287,-28.4893],[-44.7321,-28.5057],[-44.7356,-28.5222],[-44.7392,-28.5385],[-44.7429,-28.5549],[-44.7467,-28.5713],[-44.7506,-28.5876],[-44.7545,-28.604],[-44.7586,-28.6203],[-44.7627,-28.6366],[-44.767,-28.6528],[-44.7713,-28.6691],[-44.7758,-28.6853],[-44.7803,-28.7016],[-44.7849,-28.7177],[-44.7897,-28.7339],[-44.7945,-28.7501],[-44.7994,-28.7662],[-44.8044,-28.7823],[-44.8095,-28.7984],[-44.8146,-28.8145],[-44.8199,-28.8305],[-44.8253,-28.8465],[-44.8307,-28.8625],[-44.8363,-28.8785],[-44.8419,-28.8944],[-44.8477,-28.9104],[-44.8535,-28.9262],[-44.8594,-28.9421],[-44.8654,-28.958],[-44.8715,-28.9738],[-44.8777,-28.9896],[-44.8847,-29.0086],[-44.8882,-29.025],[-44.8918,-29.0414],[-44.8955,-29.0578],[-44.8993,-29.0741],[-44.9031,-29.0905],[-44.9071,-29.1068],[-44.9112,-29.1231],[-44.9153,-29.1394],[-44.9196,-29.1557],[-44.9239,-29.172],[-44.9283,-29.1882],[-44.9329,-29.2044],[-44.9375,-29.2206],[-44.9422,-29.2368],[-44.947,-29.253],[-44.9519,-29.2691],[-44.9569,-29.2852],[-44.962,-29.3013],[-44.9672,-29.3174],[-44.9725,-29.3334],[-44.9779,-29.3494],[-44.9833,-29.3654],[-44.9889,-29.3814],[-44.9945,-29.3974],[-45.0003,-29.4133],[-45.0061,-29.4292],[-45.0121,-29.4451],[-45.0181,-29.4609],[-45.0242,-29.4767],[-45.0304,-29.4925],[-45.0367,-29.5083],[-45.0431,-29.524],[-45.0496,-29.5397],[-45.0561,-29.5554],[-45.0628,-29.571],[-45.0696,-29.5867],[-45.0764,-29.6022],[-45.0833,-29.6178],[-45.0904,-29.6333],[-45.0975,-29.6488],[-45.1047,-29.6643],[-45.112,-29.6797],[-45.1194,-29.6951],[-45.1269,-29.7105],[-45.1344,-29.7258],[-45.1421,-29.7411],[-45.1498,-29.7564],[-45.1577,-29.7716],[-45.1656,-29.7868],[-45.1736,-29.802],[-45.1817,-29.8171],[-45.1899,-29.8322],[-45.1982,-29.8473],[-45.2066,-29.8623],[-45.2151,-29.8773],[-45.2236,-29.8922],[-45.2323,-29.9071],[-45.241,-29.922],[-45.2498,-29.9368],[-45.2587,-29.9516],[-45.2677,-29.9664],[-45.2768,-29.9811],[-45.2859,-29.9957],[-45.2952,-30.0104],[-45.3045,-30.025],[-45.3139,-30.0395],[-45.3234,-30.054],[-45.333,-30.0685],[-45.3427,-30.0829],[-45.3525,-30.0973],[-45.3623,-30.1116],[-45.3723,-30.1259],[-45.3823,-30.1401],[-45.3924,-30.1543],[-45.4026,-30.1685],[-45.4129,-30.1826],[-45.4232,-30.1967],[-45.4337,-30.2107],[-45.4442,-30.2246],[-45.4548,-30.2386],[-45.4655,-30.2525],[-45.4762,-30.2663],[-45.4871,-30.2801],[-45.498,-30.2938],[-45.5091,-30.3075],[-45.5202,-30.3211],[-45.5313,-30.3347],[-45.5426,-30.3483],[-45.554,-30.3617],[-45.5654,-30.3752],[-45.5769,-30.3886],[-45.5885,-30.4019],[-45.6001,-30.4152],[-45.6043,-30.4209],[-45.6145,-30.435],[-45.6249,-30.4491],[-45.6354,-30.4631],[-45.6459,-30.4771],[-45.6566,-30.491],[-45.6673,-30.5049],[-45.6781,-30.5187],[-45.6889,-30.5325],[-45.6999,-30.5463],[-45.7109,-30.5599],[-45.7221,-30.5736],[-45.7333,-30.5872],[-45.7446,-30.6007],[-45.7559,-30.6142],[-45.7674,-30.6277],[-45.7789,-30.6411],[-45.7905,-30.6544],[-45.8022,-30.6677],[-45.814,-30.6809],[-45.8258,-30.6941],[-45.8377,-30.7072],[-45.8497,-30.7203],[-45.8618,-30.7334],[-45.874,-30.7463],[-45.8862,-30.7593],[-45.8985,-30.7721],[-45.9109,-30.7849],[-45.9234,-30.7977],[-45.936,-30.8104],[-45.9486,-30.823],[-45.9613,-30.8356],[-45.9741,-30.8482],[-45.9869,-30.8607],[-45.9999,-30.8731],[-46.0129,-30.8854],[-46.026,-30.8977],[-46.0391,-30.91],[-46.0523,-30.9222],[-46.0656,-30.9343],[-46.079,-30.9464],[-46.0925,-30.9584],[-46.106,-30.9704],[-46.1196,-30.9823],[-46.1332,-30.9941],[-46.147,-31.0059],[-46.1608,-31.0176],[-46.1747,-31.0292],[-46.1886,-31.0408],[-46.2027,-31.0524],[-46.2167,-31.0638],[-46.2309,-31.0752],[-46.2451,-31.0866],[-46.2594,-31.0979],[-46.2738,-31.1091],[-46.2882,-31.1202],[-46.3027,-31.1313],[-46.3173,-31.1424],[-46.332,-31.1533],[-46.3467,-31.1642],[-46.3614,-31.1751],[-46.3763,-31.1858],[-46.3912,-31.1965],[-46.4062,-31.2071],[-46.4212,-31.2177],[-46.4363,-31.2282],[-46.4515,-31.2387],[-46.4667,-31.249],[-46.482,-31.2593],[-46.4973,-31.2696],[-46.5127,-31.2797],[-46.5282,-31.2898],[-46.5438,-31.2999],[-46.5594,-31.3098],[-46.5633,-31.3207],[-46.5692,-31.3366],[-46.5752,-31.3525],[-46.5813,-31.3683],[-46.5848,-31.3789],[-46.5898,-31.3941],[-46.5951,-31.4102],[-46.6005,-31.4262],[-46.6061,-31.4422],[-46.6117,-31.4582],[-46.6174,-31.4742],[-46.6232,-31.4901],[-46.6292,-31.506],[-46.6352,-31.5219],[-46.6413,-31.5377],[-46.6475,-31.5536],[-46.6538,-31.5694],[-46.6601,-31.5851],[-46.6666,-31.6009],[-46.6732,-31.6166],[-46.6799,-31.6323],[-46.6866,-31.648],[-46.6935,-31.6636],[-46.7004,-31.6792],[-46.7075,-31.6947],[-46.7146,-31.7103],[-46.7218,-31.7258],[-46.7292,-31.7413],[-46.7366,-31.7567],[-46.7441,-31.7721],[-46.7517,-31.7875],[-46.7594,-31.8029],[-46.7671,-31.8182],[-46.775,-31.8334],[-46.783,-31.8487],[-46.791,-31.8639],[-46.7992,-31.8791],[-46.8018,-31.8844],[-46.8093,-31.8998],[-46.8168,-31.9152],[-46.8245,-31.9305],[-46.8323,-31.9459],[-46.8402,-31.9612],[-46.8481,-31.9764],[-46.8562,-31.9916],[-46.8643,-32.0068],[-46.8726,-32.0219],[-46.8809,-32.0371],[-46.8893,-32.0521],[-46.8978,-32.0672],[-46.9064,-32.0822],[-46.9151,-32.0971],[-46.9239,-32.112],[-46.9328,-32.1269],[-46.9417,-32.1418],[-46.9508,-32.1566],[-46.9599,-32.1714],[-46.9692,-32.1861],[-46.9785,-32.2008],[-46.9879,-32.2154],[-46.9974,-32.23],[-47.007,-32.2446],[-47.0167,-32.2591],[-47.0264,-32.2736],[-47.0363,-32.2881],[-47.0462,-32.3025],[-47.0562,-32.3168],[-47.0664,-32.3311],[-47.0766,-32.3454],[-47.0868,-32.3596],[-47.0972,-32.3738],[-47.1077,-32.3879],[-47.1205,-32.4056],[-47.1297,-32.4203],[-47.139,-32.4351],[-47.1484,-32.4497],[-47.1579,-32.4643],[-47.1675,-32.4789],[-47.1772,-32.4935],[-47.1869,-32.5079],[-47.1968,-32.5224],[-47.2067,-32.5368],[-47.2156,-32.5499],[-47.2255,-32.5643],[-47.2356,-32.5786],[-47.2457,-32.593],[-47.2559,-32.6072],[-47.2662,-32.6215],[-47.2766,-32.6357],[-47.287,-32.6498],[-47.2976,-32.6639],[-47.3107,-32.6819],[-47.3201,-32.6966],[-47.3296,-32.7112],[-47.3391,-32.7258],[-47.3492,-32.741],[-47.3585,-32.7557],[-47.368,-32.7703],[-47.3776,-32.7849],[-47.3872,-32.7995],[-47.3969,-32.814],[-47.4068,-32.8285],[-47.4167,-32.843],[-47.4267,-32.8574],[-47.4368,-32.8717],[-47.4469,-32.886],[-47.4572,-32.9003],[-47.4676,-32.9145],[-47.478,-32.9287],[-47.4885,-32.9428],[-47.4991,-32.9569],[-47.5098,-32.971],[-47.5206,-32.985],[-47.5315,-32.9989],[-47.5424,-33.0128],[-47.5535,-33.0267],[-47.5646,-33.0405],[-47.5758,-33.0542],[-47.5871,-33.0679],[-47.5985,-33.0816],[-47.61,-33.0952],[-47.6215,-33.1088],[-47.6332,-33.1223],[-47.6449,-33.1358],[-47.6567,-33.1492],[-47.6686,-33.1625],[-47.6806,-33.1759],[-47.6926,-33.1891],[-47.7047,-33.2023],[-47.717,-33.2155],[-47.7293,-33.2286],[-47.7416,-33.2416],[-47.7541,-33.2546],[-47.7666,-33.2676],[-47.7784,-33.2807],[-47.7905,-33.294],[-47.8026,-33.3072],[-47.8148,-33.3204],[-47.8271,-33.3335],[-47.8395,-33.3466],[-47.8519,-33.3596],[-47.8644,-33.3725],[-47.8771,-33.3854],[-47.8898,-33.3983],[-47.9025,-33.4111],[-47.9154,-33.4238],[-47.9283,-33.4365],[-47.9413,-33.4491],[-47.9544,-33.4617],[-47.9676,-33.4742],[-47.9808,-33.4867],[-47.9942,-33.4991],[-48.0076,-33.5114],[-48.0211,-33.5237],[-48.0346,-33.5359],[-48.0482,-33.5481],[-48.062,-33.5602],[-48.0757,-33.5723],[-48.0943,-33.5887],[-48.1076,-33.6011],[-48.1209,-33.6135],[-48.1344,-33.6258],[-48.1479,-33.6381],[-48.1615,-33.6503],[-48.1752,-33.6624],[-48.189,-33.6745],[-48.2028,-33.6865],[-48.2123,-33.6966],[-48.2247,-33.7096],[-48.2373,-33.7226],[-48.2499,-33.7355],[-48.2626,-33.7484],[-48.2754,-33.7613],[-48.2882,-33.774],[-48.3012,-33.7867],[-48.3142,-33.7994],[-48.3273,-33.812],[-48.3404,-33.8246],[-48.3537,-33.8371],[-48.367,-33.8495],[-48.3804,-33.8619],[-48.3939,-33.8742],[-48.4075,-33.8865],[-48.4211,-33.8987],[-48.4349,-33.9108],[-48.4487,-33.9229],[-48.4625,-33.9349],[-48.4765,-33.9469],[-48.4905,-33.9588],[-48.5046,-33.9707],[-48.5188,-33.9825],[-48.533,-33.9942],[-48.5474,-34.0059],[-48.5618,-34.0175],[-48.5762,-34.029],[-48.5908,-34.0405],[-48.6054,-34.0519],[-48.6201,-34.0633],[-48.6348,-34.0746],[-48.6497,-34.0858],[-48.6646,-34.097],[-48.6795,-34.1081],[-48.6924,-34.118],[-48.7072,-34.1293],[-48.7221,-34.1405],[-48.737,-34.1516],[-48.752,-34.1627],[-48.7671,-34.1737],[-48.7823,-34.1847],[-48.7975,-34.1956],[-48.8127,-34.2064],[-48.8281,-34.2172],[-48.8435,-34.2278],[-48.8611,-34.24],[-48.8676,-34.2524],[-48.8745,-34.2681],[-48.8815,-34.2837],[-48.8886,-34.2994],[-48.8957,-34.3149],[-48.903,-34.3305],[-48.9104,-34.346],[-48.9179,-34.3615],[-48.9254,-34.377],[-48.9331,-34.3924],[-48.9408,-34.4078],[-48.9487,-34.4232],[-48.9567,-34.4385],[-48.9647,-34.4538],[-48.9728,-34.4691],[-48.9811,-34.4843],[-48.9894,-34.4995],[-48.9978,-34.5146],[-49.0063,-34.5298],[-49.015,-34.5449],[-49.0237,-34.5599],[-49.0324,-34.5749],[-49.0413,-34.5899],[-49.0503,-34.6048],[-49.0594,-34.6197],[-49.0686,-34.6346],[-49.0779,-34.6494],[-49.0872,-34.6642],[-49.0967,-34.679],[-49.1062,-34.6937],[-49.1158,-34.7083],[-49.1256,-34.7229],[-49.1294,-34.7292],[-49.1385,-34.7441],[-49.1478,-34.7589],[-49.1572,-34.7737],[-49.1666,-34.7884],[-49.1761,-34.8032],[-49.1858,-34.8178],[-49.1955,-34.8325],[-49.2053,-34.8471],[-49.2152,-34.8616],[-49.2252,-34.8761],[-49.2353,-34.8906],[-49.2455,-34.905],[-49.2557,-34.9194],[-49.2661,-34.9337],[-49.2765,-34.948],[-49.2871,-34.9623],[-49.2977,-34.9765],[-49.3099,-34.9926],[-49.3205,-35.0068],[-49.3313,-35.0209],[-49.3421,-35.035],[-49.353,-35.0491],[-49.364,-35.0631],[-49.3751,-35.077],[-49.3863,-35.091],[-49.3976,-35.1048],[-49.409,-35.1186],[-49.4204,-35.1324],[-49.432,-35.1462],[-49.4436,-35.1598],[-49.4553,-35.1735],[-49.4671,-35.187],[-49.479,-35.2006],[-49.491,-35.214],[-49.5031,-35.2275],[-49.5152,-35.2409],[-49.5275,-35.2542],[-49.5398,-35.2675],[-49.5522,-35.2807],[-49.5641,-35.2941],[-49.5762,-35.3075],[-49.5884,-35.3209],[-49.6007,-35.3342],[-49.613,-35.3475],[-49.6255,-35.3607],[-49.638,-35.3738],[-49.6506,-35.3869],[-49.6633,-35.4],[-49.676,-35.413],[-49.6889,-35.4259],[-49.7018,-35.4388],[-49.7149,-35.4517],[-49.728,-35.4644],[-49.7411,-35.4772],[-49.7544,-35.4898],[-49.7678,-35.5024],[-49.7812,-35.515],[-49.7947,-35.5275],[-49.8083,-35.54],[-49.8219,-35.5523],[-49.8357,-35.5647],[-49.8495,-35.577],[-49.8634,-35.5892],[-49.8774,-35.6013],[-49.8915,-35.6134],[-49.9056,-35.6255],[-49.9199,-35.6375],[-49.9342,-35.6494],[-49.9485,-35.6612],[-49.963,-35.673],[-49.975,-35.6834],[-49.9891,-35.6954],[-50.0033,-35.7074],[-50.0176,-35.7194],[-50.032,-35.7313],[-50.0464,-35.7431],[-50.0609,-35.7548],[-50.0755,-35.7665],[-50.0902,-35.7782],[-50.1464,-35.8217],[-50.1466,-35.8215],[-50.1469,-35.8213],[-50.1472,-35.8212],[-50.1475,-35.821],[-50.1478,-35.8208],[-50.148,-35.8206],[-50.1483,-35.8204],[-50.1486,-35.8203],[-50.1489,-35.8201],[-50.1491,-35.8199],[-50.1494,-35.8197],[-50.1497,-35.8196],[-50.15,-35.8194],[-50.1503,-35.8192],[-50.1505,-35.819],[-50.1508,-35.8188],[-50.1511,-35.8187],[-50.1514,-35.8185],[-50.1517,-35.8183],[-50.1519,-35.8181],[-50.1522,-35.818],[-50.1525,-35.8178],[-50.1528,-35.8176],[-50.1531,-35.8174],[-50.1533,-35.8172],[-50.1536,-35.8171],[-50.1539,-35.8169],[-50.1542,-35.8167],[-50.1545,-35.8165],[-50.1547,-35.8164],[-50.155,-35.8162],[-50.1553,-35.816],[-50.1556,-35.8158],[-50.1558,-35.8156],[-50.1561,-35.8155],[-50.1564,-35.8153],[-50.1567,-35.8151],[-50.157,-35.8149],[-50.1572,-35.8148],[-50.1575,-35.8146],[-50.1578,-35.8144],[-50.1581,-35.8142],[-50.1584,-35.8141],[-50.1586,-35.8139],[-50.1589,-35.8137],[-50.1592,-35.8135],[-50.1595,-35.8133],[-50.1598,-35.8132],[-50.16,-35.813],[-50.1603,-35.8128],[-50.1606,-35.8126],[-50.1609,-35.8125],[-50.1612,-35.8123],[-50.1614,-35.8121],[-50.1617,-35.8119],[-50.162,-35.8117],[-50.1623,-35.8116],[-50.1625,-35.8114],[-50.1628,-35.8112],[-50.1631,-35.811],[-50.1634,-35.8109],[-50.1637,-35.8107],[-50.1639,-35.8105],[-50.1642,-35.8103],[-50.1645,-35.8101],[-50.1648,-35.81],[-50.1651,-35.8098],[-50.1653,-35.8096],[-50.1656,-35.8094],[-50.1659,-35.8093],[-50.1662,-35.8091],[-50.1665,-35.8089],[-50.1667,-35.8087],[-50.167,-35.8085],[-50.1673,-35.8084],[-50.1676,-35.8082],[-50.1679,-35.808],[-50.1681,-35.8078],[-50.1684,-35.8077],[-50.1687,-35.8075],[-50.169,-35.8073],[-50.1692,-35.8071],[-50.1695,-35.8069],[-50.1698,-35.8068],[-50.1701,-35.8066],[-50.1704,-35.8064],[-50.1706,-35.8062],[-50.1709,-35.8061],[-50.1712,-35.8059],[-50.1715,-35.8057],[-50.1718,-35.8055],[-50.172,-35.8053],[-50.1723,-35.8052],[-50.1726,-35.805],[-50.1729,-35.8048],[-50.1732,-35.8046],[-50.1734,-35.8045],[-50.1737,-35.8043],[-50.174,-35.8041],[-50.1743,-35.8039],[-50.1745,-35.8037],[-50.1748,-35.8036],[-50.1751,-35.8034],[-50.1754,-35.8032],[-50.1757,-35.803],[-50.1759,-35.8029],[-50.1762,-35.8027],[-50.1765,-35.8025],[-50.1768,-35.8023],[-50.1771,-35.8021],[-50.1773,-35.802],[-50.1776,-35.8018],[-50.1779,-35.8016],[-50.1782,-35.8014],[-50.1785,-35.8013],[-50.1787,-35.8011],[-50.179,-35.8009],[-50.1793,-35.8007],[-50.1796,-35.8006],[-50.1799,-35.8004],[-50.1801,-35.8002],[-50.1804,-35.8],[-50.1807,-35.7998],[-50.181,-35.7997],[-50.1812,-35.7995],[-50.1815,-35.7993],[-50.1818,-35.7991],[-50.1821,-35.799],[-50.1824,-35.7988],[-50.1826,-35.7986],[-50.1829,-35.7984],[-50.1832,-35.7982],[-50.1835,-35.7981],[-50.1838,-35.7979],[-50.184,-35.7977],[-50.1843,-35.7975],[-50.1846,-35.7974],[-50.1849,-35.7972],[-50.1852,-35.797],[-50.1854,-35.7968],[-50.1857,-35.7966],[-50.186,-35.7965],[-50.1863,-35.7963],[-50.1866,-35.7961],[-50.1868,-35.7959],[-50.1871,-35.7958],[-50.1874,-35.7956],[-50.1877,-35.7954],[-50.1879,-35.7952],[-50.1882,-35.795],[-50.1885,-35.7949],[-50.1888,-35.7947],[-50.1891,-35.7945],[-50.1893,-35.7943],[-50.1896,-35.7942],[-50.1899,-35.794],[-50.1902,-35.7938],[-50.1905,-35.7936],[-50.1907,-35.7934],[-50.191,-35.7933],[-50.1913,-35.7931],[-50.1916,-35.7929],[-50.1919,-35.7927],[-50.1921,-35.7926],[-50.1924,-35.7924],[-50.1927,-35.7922],[-50.193,-35.792],[-50.1932,-35.7918],[-50.1935,-35.7917],[-50.1938,-35.7915],[-50.1941,-35.7913],[-50.1944,-35.7911],[-50.1946,-35.791],[-50.1949,-35.7908],[-50.1952,-35.7906],[-50.1955,-35.7904],[-50.1958,-35.7902],[-50.196,-35.7901],[-50.1963,-35.7899],[-50.1966,-35.7897],[-50.1969,-35.7895],[-50.1972,-35.7894],[-50.1974,-35.7892],[-50.1977,-35.789],[-50.198,-35.7888],[-50.1983,-35.7886],[-50.1985,-35.7885],[-50.1988,-35.7883],[-50.1991,-35.7881],[-50.1994,-35.7879],[-50.1997,-35.7878],[-50.1999,-35.7876],[-50.2002,-35.7874],[-50.2005,-35.7872],[-50.2008,-35.7871],[-50.2011,-35.7869],[-50.2013,-35.7867],[-50.2016,-35.7865],[-50.2019,-35.7863],[-50.2022,-35.7862],[-50.2025,-35.786],[-50.2027,-35.7858],[-50.203,-35.7856],[-50.2033,-35.7855],[-50.2036,-35.7853],[-50.2039,-35.7851],[-50.2041,-35.7849],[-50.2044,-35.7847],[-50.2047,-35.7846],[-50.205,-35.7844],[-50.2052,-35.7842],[-50.2055,-35.784],[-50.2058,-35.7839],[-50.2061,-35.7837],[-50.2064,-35.7835],[-50.2066,-35.7833],[-50.2069,-35.7831],[-50.2072,-35.783],[-50.2075,-35.7828],[-50.2078,-35.7826],[-50.208,-35.7824],[-50.2083,-35.7823],[-50.2086,-35.7821],[-50.2089,-35.7819],[-50.2092,-35.7817],[-50.2094,-35.7815],[-50.2097,-35.7814],[-50.21,-35.7812],[-50.2103,-35.781],[-50.2105,-35.7808],[-50.2108,-35.7807],[-50.2111,-35.7805],[-50.2114,-35.7803],[-50.2117,-35.7801],[-50.2119,-35.7799],[-50.2122,-35.7798],[-50.2125,-35.7796],[-50.2128,-35.7794],[-50.2131,-35.7792],[-50.2133,-35.7791],[-50.2136,-35.7789],[-50.2139,-35.7787],[-50.2142,-35.7785],[-50.2145,-35.7783],[-50.2147,-35.7782],[-50.215,-35.778],[-50.2153,-35.7778],[-50.2156,-35.7776],[-50.2158,-35.7775],[-50.2161,-35.7773],[-50.2164,-35.7771],[-50.2167,-35.7769],[-50.217,-35.7767],[-50.2172,-35.7766],[-50.2175,-35.7764],[-50.2178,-35.7762],[-50.2181,-35.776],[-50.2184,-35.7759],[-50.2186,-35.7757],[-50.2189,-35.7755],[-50.2192,-35.7753],[-50.2195,-35.7751],[-50.2198,-35.775],[-50.22,-35.7748],[-50.2203,-35.7746],[-50.2206,-35.7744],[-50.2209,-35.7743],[-50.2211,-35.7741],[-50.2214,-35.7739],[-50.2217,-35.7737],[-50.222,-35.7736],[-50.2223,-35.7734],[-50.2225,-35.7732],[-50.2228,-35.773],[-50.2231,-35.7728],[-50.2234,-35.7727],[-50.2237,-35.7725],[-50.2239,-35.7723],[-50.2242,-35.7721],[-50.2245,-35.772],[-50.2248,-35.7718],[-50.2251,-35.7716],[-50.2253,-35.7714],[-50.2256,-35.7712],[-50.2259,-35.7711],[-50.2262,-35.7709],[-50.2265,-35.7707],[-50.2267,-35.7705],[-50.227,-35.7704],[-50.2273,-35.7702],[-50.2276,-35.77],[-50.2278,-35.7698],[-50.2281,-35.7696],[-50.2284,-35.7695],[-50.2287,-35.7693],[-50.229,-35.7691],[-50.2292,-35.7689],[-50.2295,-35.7688],[-50.2298,-35.7686],[-50.2301,-35.7684],[-50.2304,-35.7682],[-50.2306,-35.768],[-50.2309,-35.7679],[-50.2312,-35.7677],[-50.2315,-35.7675],[-50.2318,-35.7673],[-50.232,-35.7672],[-50.2323,-35.767],[-50.2326,-35.7668],[-50.2329,-35.7666],[-50.2331,-35.7664],[-50.2334,-35.7663],[-50.2337,-35.7661],[-50.234,-35.7659],[-50.2343,-35.7657],[-50.2345,-35.7656],[-50.2348,-35.7654],[-50.2351,-35.7652],[-50.2354,-35.765],[-50.2357,-35.7648],[-50.2359,-35.7647],[-50.2362,-35.7645],[-50.2365,-35.7643],[-50.2368,-35.7641],[-50.2371,-35.764],[-50.2373,-35.7638],[-50.2376,-35.7636],[-50.2379,-35.7634],[-50.2382,-35.7632],[-50.2384,-35.7631],[-50.2387,-35.7629],[-50.239,-35.7627],[-50.2393,-35.7625],[-50.2396,-35.7624],[-50.2398,-35.7622],[-50.2401,-35.762],[-50.2404,-35.7618],[-50.2407,-35.7616],[-50.241,-35.7615],[-50.2412,-35.7613],[-50.2415,-35.7611],[-50.2418,-35.7609],[-50.2421,-35.7608],[-50.2424,-35.7606],[-50.2426,-35.7604],[-50.2429,-35.7602],[-50.2432,-35.7601],[-50.2435,-35.7599],[-50.2437,-35.7597],[-50.244,-35.7595],[-50.2443,-35.7593],[-50.2446,-35.7592],[-50.2449,-35.759],[-50.2451,-35.7588],[-50.2454,-35.7586],[-50.2457,-35.7585],[-50.246,-35.7583],[-50.2463,-35.7581],[-50.2465,-35.7579],[-50.2468,-35.7577],[-50.2471,-35.7576],[-50.2474,-35.7574],[-50.2477,-35.7572],[-50.2479,-35.757],[-50.2482,-35.7569],[-50.2485,-35.7567],[-50.2488,-35.7565],[-50.249,-35.7563],[-50.2493,-35.7561],[-50.2496,-35.756],[-50.2499,-35.7558],[-50.2502,-35.7556],[-50.2504,-35.7554],[-50.2507,-35.7553],[-50.251,-35.7551],[-50.2513,-35.7549],[-50.2516,-35.7547],[-50.2518,-35.7545],[-50.2521,-35.7544],[-50.2524,-35.7542],[-50.2527,-35.754],[-50.253,-35.7538],[-50.2532,-35.7537],[-50.2535,-35.7535],[-50.2538,-35.7533],[-50.2541,-35.7531],[-50.2543,-35.7529],[-50.2546,-35.7528],[-50.2549,-35.7526],[-50.2552,-35.7524],[-50.2555,-35.7522],[-50.2557,-35.7521],[-50.256,-35.7519],[-50.2563,-35.7517],[-50.2566,-35.7515],[-50.2569,-35.7513],[-50.2571,-35.7512],[-50.2574,-35.751],[-50.2577,-35.7508],[-50.258,-35.7506],[-50.2583,-35.7505],[-50.2585,-35.7503],[-50.2588,-35.7501],[-50.2591,-35.7499],[-50.2594,-35.7497],[-50.2596,-35.7496],[-50.2599,-35.7494],[-50.2602,-35.7492],[-50.2605,-35.749],[-50.2608,-35.7489],[-50.261,-35.7487],[-50.2613,-35.7485],[-50.2616,-35.7483],[-50.2619,-35.7481],[-50.2622,-35.748],[-50.2624,-35.7478],[-50.2627,-35.7476],[-50.263,-35.7474],[-50.2633,-35.7473],[-50.2635,-35.7471],[-50.2638,-35.7469],[-50.2641,-35.7467],[-50.2644,-35.7466],[-50.2647,-35.7464],[-50.2649,-35.7462],[-50.2652,-35.746],[-50.2655,-35.7458],[-50.2658,-35.7457],[-50.2661,-35.7455],[-50.2663,-35.7453],[-50.2666,-35.7451],[-50.2669,-35.745],[-50.2672,-35.7448],[-50.2675,-35.7446],[-50.2677,-35.7444],[-50.268,-35.7442],[-50.2683,-35.7441],[-50.2686,-35.7439],[-50.2688,-35.7437],[-50.2691,-35.7435],[-50.2694,-35.7434],[-50.2697,-35.7432],[-50.27,-35.743],[-50.2702,-35.7428],[-50.2705,-35.7426],[-50.2708,-35.7425],[-50.2711,-35.7423],[-50.2714,-35.7421],[-50.2716,-35.7419],[-50.2719,-35.7418],[-50.2722,-35.7416],[-50.2725,-35.7414],[-50.2728,-35.7412],[-50.273,-35.741],[-50.2733,-35.7409],[-50.2736,-35.7407],[-50.2739,-35.7405],[-50.2741,-35.7403],[-50.2744,-35.7402],[-50.2747,-35.74],[-50.275,-35.7398],[-50.2753,-35.7396],[-50.2755,-35.7394],[-50.2758,-35.7393],[-50.2761,-35.7391],[-50.2764,-35.7389],[-50.2767,-35.7387],[-50.2769,-35.7386],[-50.2772,-35.7384],[-50.2775,-35.7382],[-50.2778,-35.738],[-50.2781,-35.7378],[-50.2783,-35.7377],[-50.2786,-35.7375],[-50.2789,-35.7373],[-50.2792,-35.7371],[-50.2794,-35.737],[-50.2797,-35.7368],[-50.28,-35.7366],[-50.2803,-35.7364],[-50.2806,-35.7362],[-50.2808,-35.7361],[-50.2811,-35.7359],[-50.2814,-35.7357],[-50.2817,-35.7355],[-50.282,-35.7354],[-50.2822,-35.7352],[-50.2825,-35.735],[-50.2828,-35.7348],[-50.2831,-35.7346],[-50.2834,-35.7345],[-50.2836,-35.7343],[-50.2839,-35.7341],[-50.2842,-35.7339],[-50.2845,-35.7338],[-50.2847,-35.7336],[-50.285,-35.7334],[-50.2853,-35.7332],[-50.2856,-35.7331],[-50.2859,-35.7329],[-50.2861,-35.7327],[-50.2864,-35.7325],[-50.2867,-35.7323],[-50.287,-35.7322],[-50.2873,-35.732],[-50.2875,-35.7318],[-50.2878,-35.7316],[-50.2881,-35.7315],[-50.2884,-35.7313],[-50.2886,-35.7311],[-50.2889,-35.7309],[-50.2892,-35.7307],[-50.2895,-35.7306],[-50.2898,-35.7304],[-50.29,-35.7302],[-50.2903,-35.73],[-50.2906,-35.7299],[-50.2909,-35.7297],[-50.2912,-35.7295],[-50.2914,-35.7293],[-50.2917,-35.7291],[-50.292,-35.729],[-50.2923,-35.7288],[-50.2926,-35.7286],[-50.2928,-35.7284],[-50.2931,-35.7283],[-50.2934,-35.7281],[-50.2937,-35.7279],[-50.2939,-35.7277],[-50.2942,-35.7275],[-50.2945,-35.7274],[-50.2948,-35.7272],[-50.2951,-35.727],[-50.2953,-35.7268],[-50.2956,-35.7267],[-50.2959,-35.7265],[-50.2962,-35.7263],[-50.2965,-35.7261],[-50.2967,-35.7259],[-50.297,-35.7258],[-50.2973,-35.7256],[-50.2976,-35.7254],[-50.2978,-35.7252],[-50.2981,-35.7251],[-50.2984,-35.7249],[-50.2987,-35.7247],[-50.299,-35.7245],[-50.2992,-35.7243],[-50.2995,-35.7242],[-50.2998,-35.724],[-50.3001,-35.7238],[-50.3004,-35.7236],[-50.3006,-35.7235],[-50.3009,-35.7233],[-50.3012,-35.7231],[-50.3015,-35.7229],[-50.3018,-35.7227],[-50.302,-35.7226],[-50.3023,-35.7224],[-50.3026,-35.7222],[-50.3029,-35.722],[-50.3031,-35.7219],[-50.3034,-35.7217],[-50.3037,-35.7215],[-50.304,-35.7213],[-50.3043,-35.7211],[-50.3045,-35.721],[-50.3048,-35.7208],[-50.3051,-35.7206],[-50.3054,-35.7204],[-50.3057,-35.7203],[-50.3059,-35.7201],[-50.3062,-35.7199],[-50.3065,-35.7197],[-50.3068,-35.7196],[-50.3071,-35.7194],[-50.3073,-35.7192],[-50.3076,-35.719],[-50.3079,-35.7188],[-50.3082,-35.7187],[-50.3084,-35.7185],[-50.3087,-35.7183],[-50.309,-35.7181],[-50.3093,-35.718],[-50.3096,-35.7178],[-50.3098,-35.7176],[-50.3101,-35.7174],[-50.3104,-35.7172],[-50.3107,-35.7171],[-50.311,-35.7169],[-50.3112,-35.7167],[-50.3115,-35.7165],[-50.3118,-35.7164],[-50.3121,-35.7162],[-50.3123,-35.716],[-50.3126,-35.7158],[-50.3129,-35.7156],[-50.3132,-35.7155],[-50.3135,-35.7153],[-50.3137,-35.7151],[-50.314,-35.7149],[-50.3143,-35.7148],[-50.3146,-35.7146],[-50.3149,-35.7144],[-50.3151,-35.7142],[-50.3154,-35.714],[-50.3157,-35.7139],[-50.316,-35.7137],[-50.3163,-35.7135],[-50.3165,-35.7133],[-50.3168,-35.7132],[-50.3171,-35.713],[-50.3174,-35.7128],[-50.3176,-35.7126],[-50.3179,-35.7124],[-50.3182,-35.7123],[-50.3185,-35.7121],[-50.3188,-35.7119],[-50.319,-35.7117],[-50.3193,-35.7116],[-50.3196,-35.7114],[-50.3199,-35.7112],[-50.3202,-35.711],[-50.3204,-35.7108],[-50.3207,-35.7107],[-50.321,-35.7105],[-50.3213,-35.7103],[-50.3215,-35.7101],[-50.3218,-35.71],[-50.3221,-35.7098],[-50.3224,-35.7096],[-50.3227,-35.7094],[-50.3229,-35.7092],[-50.3232,-35.7091],[-50.3235,-35.7089],[-50.3238,-35.7087],[-50.3241,-35.7085],[-50.3243,-35.7084],[-50.3246,-35.7082],[-50.3249,-35.708],[-50.3252,-35.7078],[-50.3255,-35.7076],[-50.3257,-35.7075],[-50.326,-35.7073],[-50.3263,-35.7071],[-50.3266,-35.7069],[-50.3268,-35.7068],[-50.3271,-35.7066],[-50.3274,-35.7064],[-50.3277,-35.7062],[-50.328,-35.7061],[-50.3282,-35.7059],[-50.3285,-35.7057],[-50.3288,-35.7055],[-50.3291,-35.7053],[-50.3294,-35.7052],[-50.3296,-35.705],[-50.3299,-35.7048],[-50.3302,-35.7046],[-50.3305,-35.7045],[-50.3307,-35.7043],[-50.331,-35.7041],[-50.3313,-35.7039],[-50.3316,-35.7037],[-50.3319,-35.7036],[-50.3321,-35.7034],[-50.3324,-35.7032],[-50.3327,-35.703],[-50.333,-35.7029],[-50.3333,-35.7027],[-50.3335,-35.7025],[-50.3338,-35.7023],[-50.3341,-35.7021],[-50.3344,-35.702],[-50.3346,-35.7018],[-50.3349,-35.7016],[-50.3352,-35.7014],[-50.3355,-35.7013],[-50.3358,-35.7011],[-50.336,-35.7009],[-50.3363,-35.7007],[-50.3366,-35.7005],[-50.3369,-35.7004],[-50.3372,-35.7002],[-50.3374,-35.7],[-50.3377,-35.6998],[-50.338,-35.6997],[-50.3383,-35.6995],[-50.3386,-35.6993],[-50.3388,-35.6991],[-50.3391,-35.6989],[-50.3394,-35.6988],[-50.3397,-35.6986],[-50.3399,-35.6984],[-50.3402,-35.6982],[-50.3405,-35.6981],[-50.3408,-35.6979],[-50.3411,-35.6977],[-50.3413,-35.6975],[-50.3416,-35.6973],[-50.3419,-35.6972],[-50.3422,-35.697],[-50.3425,-35.6968],[-50.3427,-35.6966],[-50.343,-35.6965],[-50.3433,-35.6963],[-50.3436,-35.6961],[-50.3438,-35.6959],[-50.3441,-35.6957],[-50.3444,-35.6956],[-50.3447,-35.6954],[-50.345,-35.6952],[-50.3452,-35.695],[-50.3455,-35.6949],[-50.3458,-35.6947],[-50.3461,-35.6945],[-50.3464,-35.6943],[-50.3466,-35.6941],[-50.3469,-35.694],[-50.3472,-35.6938],[-50.3475,-35.6936],[-50.3477,-35.6934],[-50.348,-35.6933],[-50.3483,-35.6931],[-50.3486,-35.6929],[-50.3489,-35.6927],[-50.3491,-35.6926],[-50.3494,-35.6924],[-50.3497,-35.6922],[-50.35,-35.692],[-50.3503,-35.6918],[-50.3505,-35.6917],[-50.3508,-35.6915],[-50.3511,-35.6913],[-50.3514,-35.6911],[-50.3517,-35.691],[-50.3519,-35.6908],[-50.3522,-35.6906],[-50.3525,-35.6904],[-50.3528,-35.6902],[-50.353,-35.6901],[-50.3533,-35.6899],[-50.3536,-35.6897],[-50.3539,-35.6895],[-50.3542,-35.6894],[-50.3544,-35.6892],[-50.3547,-35.689],[-50.355,-35.6888],[-50.3553,-35.6886],[-50.3556,-35.6885],[-50.3558,-35.6883],[-50.3561,-35.6881],[-50.3564,-35.6879],[-50.3567,-35.6878],[-50.3569,-35.6876],[-50.3572,-35.6874],[-50.3575,-35.6872],[-50.3578,-35.687],[-50.3581,-35.6869],[-50.3583,-35.6867],[-50.3586,-35.6865],[-50.3589,-35.6863],[-50.3592,-35.6862],[-50.3595,-35.686],[-50.3597,-35.6858],[-50.36,-35.6856],[-50.3603,-35.6854],[-50.3606,-35.6853],[-50.3608,-35.6851],[-50.3611,-35.6849],[-50.3614,-35.6847],[-50.3617,-35.6846],[-50.362,-35.6844],[-50.3622,-35.6842],[-50.3625,-35.684],[-50.3628,-35.6838],[-50.3631,-35.6837],[-50.3634,-35.6835],[-50.3636,-35.6833],[-50.3639,-35.6831],[-50.3642,-35.683],[-50.3645,-35.6828],[-50.3647,-35.6826],[-50.365,-35.6824],[-50.3653,-35.6822],[-50.3656,-35.6821],[-50.3659,-35.6819],[-50.3661,-35.6817],[-50.3664,-35.6815],[-50.3667,-35.6814],[-50.367,-35.6812],[-50.3673,-35.681],[-50.3675,-35.6808],[-50.3678,-35.6806],[-50.3681,-35.6805],[-50.3684,-35.6803],[-50.3687,-35.6801],[-50.3689,-35.6799],[-50.3692,-35.6798],[-50.3695,-35.6796],[-50.3698,-35.6794],[-50.37,-35.6792],[-50.3703,-35.6791],[-50.3706,-35.6789],[-50.3709,-35.6787],[-50.3712,-35.6785],[-50.3714,-35.6783],[-50.3717,-35.6782],[-50.372,-35.678],[-50.3723,-35.6778],[-50.3726,-35.6776],[-50.3728,-35.6775],[-50.3731,-35.6773],[-50.3734,-35.6771],[-50.3737,-35.6769],[-50.3739,-35.6767],[-50.3742,-35.6766],[-50.3745,-35.6764],[-50.3748,-35.6762],[-50.3751,-35.676],[-50.3753,-35.6759],[-50.3756,-35.6757],[-50.3759,-35.6755],[-50.3762,-35.6753],[-50.3765,-35.6751],[-50.3767,-35.675],[-50.377,-35.6748],[-50.3773,-35.6746],[-50.3776,-35.6744],[-50.3778,-35.6743],[-50.3781,-35.6741],[-50.3784,-35.6739],[-50.3787,-35.6737],[-50.379,-35.6735],[-50.3792,-35.6734],[-50.3795,-35.6732],[-50.3798,-35.673],[-50.3801,-35.6728],[-50.3804,-35.6727],[-50.3806,-35.6725],[-50.3809,-35.6723],[-50.3812,-35.6721],[-50.3815,-35.6719],[-50.3817,-35.6718],[-50.382,-35.6716],[-50.3823,-35.6714],[-50.3826,-35.6712],[-50.3829,-35.6711],[-50.3831,-35.6709],[-50.3834,-35.6707],[-50.3837,-35.6705],[-50.384,-35.6703],[-50.3843,-35.6702],[-50.3845,-35.67],[-50.3848,-35.6698],[-50.3851,-35.6696],[-50.3854,-35.6695],[-50.3856,-35.6693],[-50.3859,-35.6691],[-50.3862,-35.6689],[-50.3865,-35.6687],[-50.3868,-35.6686],[-50.387,-35.6684],[-50.3873,-35.6682],[-50.3876,-35.668],[-50.3879,-35.6679],[-50.3882,-35.6677],[-50.3884,-35.6675],[-50.3887,-35.6673],[-50.389,-35.6671],[-50.3893,-35.667],[-50.3895,-35.6668],[-50.3898,-35.6666],[-50.3901,-35.6664],[-50.3904,-35.6663],[-50.3907,-35.6661],[-50.3909,-35.6659],[-50.3912,-35.6657],[-50.3915,-35.6656],[-50.3918,-35.6654],[-50.3921,-35.6652],[-50.3923,-35.665],[-50.3926,-35.6648],[-50.3929,-35.6647],[-50.3932,-35.6645],[-50.3934,-35.6643],[-50.3937,-35.6641],[-50.394,-35.664],[-50.3943,-35.6638],[-50.3946,-35.6636],[-50.3948,-35.6634],[-50.3951,-35.6632],[-50.3954,-35.6631],[-50.3957,-35.6629],[-50.396,-35.6627],[-50.3962,-35.6625],[-50.3965,-35.6624],[-50.3968,-35.6622],[-50.3971,-35.662],[-50.3973,-35.6618],[-50.3976,-35.6616],[-50.3979,-35.6615],[-50.3982,-35.6613],[-50.3985,-35.6611],[-50.3987,-35.6609],[-50.399,-35.6608],[-50.3993,-35.6606],[-50.3996,-35.6604],[-50.3999,-35.6602],[-50.4001,-35.66],[-50.4004,-35.6599],[-50.4007,-35.6597],[-50.401,-35.6595],[-50.4013,-35.6593],[-50.4015,-35.6592],[-50.4018,-35.659],[-50.4021,-35.6588],[-50.4024,-35.6586],[-50.4026,-35.6584],[-50.4029,-35.6583],[-50.4032,-35.6581],[-50.4035,-35.6579],[-50.4038,-35.6577],[-50.404,-35.6576],[-50.4043,-35.6574],[-50.4046,-35.6572],[-50.4049,-35.657],[-50.4052,-35.6568],[-50.4054,-35.6567],[-50.4057,-35.6565],[-50.406,-35.6563],[-50.4063,-35.6561],[-50.4065,-35.656],[-50.4068,-35.6558],[-50.4071,-35.6556],[-50.4074,-35.6554],[-50.4077,-35.6552],[-50.4079,-35.6551],[-50.4082,-35.6549],[-50.4085,-35.6547],[-50.4088,-35.6545],[-50.4091,-35.6544],[-50.4093,-35.6542],[-50.4096,-35.654],[-50.4099,-35.6538],[-50.4102,-35.6536],[-50.4104,-35.6535],[-50.4107,-35.6533],[-50.411,-35.6531],[-50.4113,-35.6529],[-50.4116,-35.6528],[-50.4118,-35.6526],[-50.4121,-35.6524],[-50.4124,-35.6522],[-50.4127,-35.652],[-50.413,-35.6519],[-50.4132,-35.6517],[-50.4135,-35.6515],[-50.4138,-35.6513],[-50.4141,-35.6512],[-50.4143,-35.651],[-50.4146,-35.6508],[-50.4149,-35.6506],[-50.4152,-35.6505],[-50.4155,-35.6503],[-50.4157,-35.6501],[-50.416,-35.6499],[-50.4163,-35.6497],[-50.4166,-35.6496],[-50.4169,-35.6494],[-50.4171,-35.6492],[-50.4174,-35.649],[-50.4177,-35.6489],[-50.418,-35.6487],[-50.4182,-35.6485],[-50.4185,-35.6483],[-50.4188,-35.6481],[-50.4191,-35.648],[-50.4194,-35.6478],[-50.4196,-35.6476],[-50.4199,-35.6474],[-50.4202,-35.6473],[-50.4205,-35.6471],[-50.4208,-35.6469],[-50.421,-35.6467],[-50.4213,-35.6465],[-50.4216,-35.6464],[-50.4219,-35.6462],[-50.4221,-35.646],[-50.4224,-35.6458],[-50.4227,-35.6457],[-50.423,-35.6455],[-50.4233,-35.6453],[-50.4235,-35.6451],[-50.4238,-35.6449],[-50.4241,-35.6448],[-50.4244,-35.6446],[-50.4246,-35.6444],[-50.4249,-35.6442],[-50.4252,-35.6441],[-50.4255,-35.6439],[-50.4258,-35.6437],[-50.426,-35.6435],[-50.4263,-35.6433],[-50.4266,-35.6432],[-50.4269,-35.643],[-50.4272,-35.6428],[-50.4274,-35.6426],[-50.4277,-35.6425],[-50.428,-35.6423],[-50.4283,-35.6421],[-50.4285,-35.6419],[-50.4288,-35.6417],[-50.4291,-35.6416],[-50.4294,-35.6414],[-50.4297,-35.6412],[-50.4299,-35.641],[-50.4302,-35.6409],[-50.4305,-35.6407],[-50.4308,-35.6405],[-50.4311,-35.6403],[-50.4313,-35.6401],[-50.4316,-35.64],[-50.4319,-35.6398],[-50.4322,-35.6396],[-50.4324,-35.6394],[-50.4327,-35.6393],[-50.433,-35.6391],[-50.4333,-35.6389],[-50.4336,-35.6387],[-50.4338,-35.6385],[-50.4341,-35.6384],[-50.4344,-35.6382],[-50.4347,-35.638],[-50.435,-35.6378],[-50.4352,-35.6377],[-50.4355,-35.6375],[-50.4358,-35.6373],[-50.4361,-35.6371],[-50.4363,-35.637],[-50.4366,-35.6368],[-50.4369,-35.6366],[-50.4372,-35.6364],[-50.4375,-35.6362],[-50.4377,-35.6361],[-50.438,-35.6359],[-50.4383,-35.6357],[-50.4386,-35.6355],[-50.4389,-35.6354],[-50.4391,-35.6352],[-50.4394,-35.635],[-50.4397,-35.6348],[-50.44,-35.6346],[-50.4402,-35.6345],[-50.4405,-35.6343],[-50.4408,-35.6341],[-50.4411,-35.6339],[-50.4414,-35.6338],[-50.4416,-35.6336],[-50.4419,-35.6334],[-50.4422,-35.6332],[-50.4425,-35.633],[-50.4428,-35.6329],[-50.443,-35.6327],[-50.4433,-35.6325],[-50.4436,-35.6323],[-50.4439,-35.6322],[-50.4441,-35.632],[-50.4444,-35.6318],[-50.4447,-35.6316],[-50.445,-35.6314],[-50.4453,-35.6313],[-50.4455,-35.6311],[-50.4458,-35.6309],[-50.4461,-35.6307],[-50.4464,-35.6306],[-50.4467,-35.6304],[-50.4469,-35.6302],[-50.4472,-35.63],[-50.4475,-35.6298],[-50.4478,-35.6297],[-50.448,-35.6295],[-50.4483,-35.6293],[-50.4486,-35.6291],[-50.4489,-35.629],[-50.4492,-35.6288],[-50.4494,-35.6286],[-50.4497,-35.6284],[-50.45,-35.6282],[-50.4503,-35.6281],[-50.4506,-35.6279],[-50.4508,-35.6277],[-50.4511,-35.6275],[-50.4514,-35.6274],[-50.4517,-35.6272],[-50.4519,-35.627],[-50.4522,-35.6268],[-50.4525,-35.6266],[-50.4528,-35.6265],[-50.4531,-35.6263],[-50.4533,-35.6261],[-50.4536,-35.6259],[-50.4539,-35.6258],[-50.4542,-35.6256],[-50.4544,-35.6254],[-50.4547,-35.6252],[-50.455,-35.625],[-50.4553,-35.6249],[-50.4556,-35.6247],[-50.4558,-35.6245],[-50.4561,-35.6243],[-50.4564,-35.6242],[-50.4567,-35.624],[-50.457,-35.6238],[-50.4572,-35.6236],[-50.4575,-35.6235],[-50.4578,-35.6233],[-50.4581,-35.6231],[-50.4583,-35.6229],[-50.4586,-35.6227],[-50.4589,-35.6226],[-50.4592,-35.6224],[-50.4595,-35.6222],[-50.4597,-35.622],[-50.46,-35.6219],[-50.4603,-35.6217],[-50.4606,-35.6215],[-50.4609,-35.6213],[-50.4611,-35.6211],[-50.4614,-35.621],[-50.4617,-35.6208],[-50.462,-35.6206],[-50.4622,-35.6204],[-50.4625,-35.6203],[-50.4628,-35.6201],[-50.4631,-35.6199],[-50.4634,-35.6197],[-50.4636,-35.6195],[-50.4639,-35.6194],[-50.4642,-35.6192],[-50.4645,-35.619],[-50.4648,-35.6188],[-50.465,-35.6187],[-50.4653,-35.6185],[-50.4656,-35.6183],[-50.4659,-35.6181],[-50.4661,-35.6179],[-50.4664,-35.6178],[-50.4667,-35.6176],[-50.467,-35.6174],[-50.4673,-35.6172],[-50.4675,-35.6171],[-50.4678,-35.6169],[-50.4681,-35.6167],[-50.4684,-35.6165],[-50.4687,-35.6163],[-50.4689,-35.6162],[-50.4692,-35.616],[-50.4695,-35.6158],[-50.4698,-35.6156],[-50.47,-35.6155],[-50.4703,-35.6153],[-50.4706,-35.6151],[-50.4709,-35.6149],[-50.4712,-35.6147],[-50.4714,-35.6146],[-50.4717,-35.6144],[-50.472,-35.6142],[-50.4723,-35.614],[-50.4725,-35.6139],[-50.4728,-35.6137],[-50.4731,-35.6135],[-50.4734,-35.6133],[-50.4737,-35.6131],[-50.4739,-35.613],[-50.4742,-35.6128],[-50.4745,-35.6126],[-50.4748,-35.6124],[-50.4751,-35.6123],[-50.4753,-35.6121],[-50.4756,-35.6119],[-50.4759,-35.6117],[-50.4762,-35.6115],[-50.4764,-35.6114],[-50.4767,-35.6112],[-50.477,-35.611],[-50.4773,-35.6108],[-50.4776,-35.6107],[-50.4778,-35.6105],[-50.4781,-35.6103],[-50.4784,-35.6101],[-50.4787,-35.61],[-50.479,-35.6098],[-50.4792,-35.6096],[-50.4795,-35.6094],[-50.4798,-35.6092],[-50.4801,-35.6091],[-50.4803,-35.6089],[-50.4806,-35.6087],[-50.4809,-35.6085],[-50.4812,-35.6084],[-50.4815,-35.6082],[-50.4817,-35.608],[-50.482,-35.6078],[-50.4823,-35.6076],[-50.4826,-35.6075],[-50.4829,-35.6073],[-50.4831,-35.6071],[-50.4834,-35.6069],[-50.4837,-35.6068],[-50.484,-35.6066],[-50.4842,-35.6064],[-50.4845,-35.6062],[-50.4848,-35.606],[-50.4851,-35.6059],[-50.4854,-35.6057],[-50.4856,-35.6055],[-50.4859,-35.6053],[-50.4862,-35.6052],[-50.4865,-35.605],[-50.4867,-35.6048],[-50.487,-35.6046],[-50.4873,-35.6044],[-50.4876,-35.6043],[-50.4879,-35.6041],[-50.4881,-35.6039],[-50.4884,-35.6037],[-50.4887,-35.6036],[-50.489,-35.6034],[-50.4893,-35.6032],[-50.4895,-35.603],[-50.4898,-35.6028],[-50.4901,-35.6027],[-50.4904,-35.6025],[-50.4906,-35.6023],[-50.4909,-35.6021],[-50.4912,-35.602],[-50.4915,-35.6018],[-50.4918,-35.6016],[-50.492,-35.6014],[-50.4923,-35.6012],[-50.4926,-35.6011],[-50.4929,-35.6009],[-50.4932,-35.6007],[-50.4934,-35.6005],[-50.4937,-35.6004],[-50.494,-35.6002],[-50.4943,-35.6],[-50.4945,-35.5998],[-50.4948,-35.5996],[-50.4951,-35.5995],[-50.4954,-35.5993],[-50.4957,-35.5991],[-50.4959,-35.5989],[-50.4962,-35.5988],[-50.4965,-35.5986],[-50.4968,-35.5984],[-50.497,-35.5982],[-50.4973,-35.598],[-50.4976,-35.5979],[-50.4979,-35.5977],[-50.4982,-35.5975],[-50.4984,-35.5973],[-50.4987,-35.5972],[-50.499,-35.597],[-50.4993,-35.5968],[-50.4996,-35.5966],[-50.4998,-35.5964],[-50.5001,-35.5963],[-50.5004,-35.5961],[-50.5007,-35.5959],[-50.5009,-35.5957],[-50.5012,-35.5956],[-50.5015,-35.5954],[-50.5018,-35.5952],[-50.5021,-35.595],[-50.5023,-35.5949],[-50.5026,-35.5947],[-50.5029,-35.5945],[-50.5032,-35.5943],[-50.5035,-35.5941],[-50.5037,-35.594],[-50.504,-35.5938],[-50.5043,-35.5936],[-50.5046,-35.5934],[-50.5048,-35.5933],[-50.5051,-35.5931],[-50.5054,-35.5929],[-50.5057,-35.5927],[-50.506,-35.5925],[-50.5062,-35.5924],[-50.5065,-35.5922],[-50.5068,-35.592],[-50.5071,-35.5918],[-50.5073,-35.5917],[-50.5076,-35.5915],[-50.5079,-35.5913],[-50.5082,-35.5911],[-50.5085,-35.5909],[-50.5087,-35.5908],[-50.509,-35.5906],[-50.5093,-35.5904],[-50.5096,-35.5902],[-50.5099,-35.5901],[-50.5101,-35.5899],[-50.5104,-35.5897],[-50.5107,-35.5895],[-50.511,-35.5893],[-50.5112,-35.5892],[-50.5115,-35.589],[-50.5118,-35.5888],[-50.5121,-35.5886],[-50.5124,-35.5885],[-50.5126,-35.5883],[-50.5129,-35.5881],[-50.5132,-35.5879],[-50.5135,-35.5877],[-50.5138,-35.5876],[-50.514,-35.5874],[-50.5143,-35.5872],[-50.5146,-35.587],[-50.5149,-35.5869],[-50.5151,-35.5867],[-50.5154,-35.5865],[-50.5157,-35.5863],[-50.516,-35.5861],[-50.5163,-35.586],[-50.5165,-35.5858],[-50.5168,-35.5856],[-50.5171,-35.5854],[-50.5174,-35.5853],[-50.5176,-35.5851],[-50.5179,-35.5849],[-50.5182,-35.5847],[-50.5185,-35.5845],[-50.5188,-35.5844],[-50.519,-35.5842],[-50.5193,-35.584],[-50.5196,-35.5838],[-50.5199,-35.5837],[-50.5202,-35.5835],[-50.5204,-35.5833],[-50.5207,-35.5831],[-50.521,-35.5829],[-50.5213,-35.5828],[-50.5215,-35.5826],[-50.5218,-35.5824],[-50.5221,-35.5822],[-50.5224,-35.5821],[-50.5227,-35.5819],[-50.5229,-35.5817],[-50.5232,-35.5815],[-50.5235,-35.5814],[-50.5238,-35.5812],[-50.524,-35.581],[-50.5243,-35.5808],[-50.5246,-35.5806],[-50.5249,-35.5805],[-50.5252,-35.5803],[-50.5254,-35.5801],[-50.5257,-35.5799],[-50.526,-35.5798],[-50.5263,-35.5796],[-50.5266,-35.5794],[-50.5268,-35.5792],[-50.5271,-35.579],[-50.5274,-35.5789],[-50.5277,-35.5787],[-50.5279,-35.5785],[-50.5282,-35.5783],[-50.5285,-35.5782],[-50.5288,-35.578],[-50.5291,-35.5778],[-50.5293,-35.5776],[-50.5296,-35.5774],[-50.5299,-35.5773],[-50.5302,-35.5771],[-50.5305,-35.5769],[-50.5307,-35.5767],[-50.531,-35.5766],[-50.5313,-35.5764],[-50.5316,-35.5762],[-50.5318,-35.576],[-50.5321,-35.5758],[-50.5324,-35.5757],[-50.5327,-35.5755],[-50.533,-35.5753],[-50.5332,-35.5751],[-50.5335,-35.575],[-50.5338,-35.5748],[-50.5341,-35.5746],[-50.5343,-35.5744],[-50.5346,-35.5742],[-50.5349,-35.5741],[-50.5352,-35.5739],[-50.5355,-35.5737],[-50.5357,-35.5735],[-50.536,-35.5734],[-50.5363,-35.5732],[-50.5366,-35.573],[-50.5369,-35.5728],[-50.5371,-35.5726],[-50.5374,-35.5725],[-50.5377,-35.5723],[-50.538,-35.5721],[-50.5382,-35.5719],[-50.5385,-35.5718],[-50.5388,-35.5716],[-50.5391,-35.5714],[-50.5394,-35.5712],[-50.5396,-35.571],[-50.5399,-35.5709],[-50.5402,-35.5707],[-50.5405,-35.5705],[-50.5407,-35.5703],[-50.541,-35.5702],[-50.5413,-35.57],[-50.5416,-35.5698],[-50.5419,-35.5696],[-50.5421,-35.5694],[-50.5424,-35.5693],[-50.5427,-35.5691],[-50.543,-35.5689],[-50.5433,-35.5687],[-50.5435,-35.5686],[-50.5438,-35.5684],[-50.5441,-35.5682],[-50.5444,-35.568],[-50.5446,-35.5679],[-50.5449,-35.5677],[-50.5452,-35.5675],[-50.5455,-35.5673],[-50.5458,-35.5671],[-50.546,-35.567],[-50.5463,-35.5668],[-50.5466,-35.5666],[-50.5469,-35.5664],[-50.5471,-35.5663],[-50.5474,-35.5661],[-50.5477,-35.5659],[-50.548,-35.5657],[-50.5483,-35.5655],[-50.5485,-35.5654],[-50.5488,-35.5652],[-50.5491,-35.565],[-50.5494,-35.5648],[-50.5497,-35.5647],[-50.5499,-35.5645],[-50.5502,-35.5643],[-50.5505,-35.5641],[-50.5508,-35.5639],[-50.551,-35.5638],[-50.5513,-35.5636],[-50.5516,-35.5634],[-50.5519,-35.5632],[-50.5522,-35.5631],[-50.5524,-35.5629],[-50.5527,-35.5627],[-50.553,-35.5625],[-50.5533,-35.5623],[-50.5535,-35.5622],[-50.5538,-35.562],[-50.5541,-35.5618],[-50.5544,-35.5616],[-50.5547,-35.5615],[-50.5549,-35.5613],[-50.5552,-35.5611],[-50.5555,-35.5609],[-50.5558,-35.5607],[-50.5561,-35.5606],[-50.5563,-35.5604],[-50.5566,-35.5602],[-50.5569,-35.56],[-50.5572,-35.5599],[-50.5574,-35.5597],[-50.5577,-35.5595],[-50.558,-35.5593],[-50.5583,-35.5591],[-50.5586,-35.559],[-50.5588,-35.5588],[-50.5591,-35.5586],[-50.5594,-35.5584],[-50.5597,-35.5583],[-50.5599,-35.5581],[-50.5602,-35.5579],[-50.5605,-35.5577],[-50.5608,-35.5575],[-50.5611,-35.5574],[-50.5613,-35.5572],[-50.5616,-35.557],[-50.5619,-35.5568],[-50.5622,-35.5567],[-50.5625,-35.5565],[-50.5627,-35.5563],[-50.563,-35.5561],[-50.5633,-35.5559],[-50.5636,-35.5558],[-50.5638,-35.5556],[-50.5641,-35.5554],[-50.5644,-35.5552],[-50.5647,-35.5551],[-50.565,-35.5549],[-50.5652,-35.5547],[-50.5655,-35.5545],[-50.5658,-35.5543],[-50.5661,-35.5542],[-50.5663,-35.554],[-50.5666,-35.5538],[-50.5669,-35.5536],[-50.5672,-35.5535],[-50.5675,-35.5533],[-50.5677,-35.5531],[-50.568,-35.5529],[-50.5683,-35.5528],[-50.5686,-35.5526],[-50.5689,-35.5524],[-50.5691,-35.5522],[-50.5694,-35.552],[-50.5697,-35.5519],[-50.57,-35.5517],[-50.5702,-35.5515],[-50.5705,-35.5513],[-50.5708,-35.5512],[-50.5711,-35.551],[-50.5714,-35.5508],[-50.5716,-35.5506],[-50.5719,-35.5504],[-50.5722,-35.5503],[-50.5725,-35.5501],[-50.5727,-35.5499],[-50.573,-35.5497],[-50.5733,-35.5496],[-50.5736,-35.5494],[-50.5739,-35.5492],[-50.5741,-35.549],[-50.5744,-35.5488],[-50.5747,-35.5487],[-50.575,-35.5485],[-50.5752,-35.5483],[-50.5755,-35.5481],[-50.5758,-35.548],[-50.5761,-35.5478],[-50.5764,-35.5476],[-50.5766,-35.5474],[-50.5769,-35.5472],[-50.5772,-35.5471],[-50.5775,-35.5469],[-50.5778,-35.5467],[-50.578,-35.5465],[-50.5783,-35.5464],[-50.5786,-35.5462],[-50.5789,-35.546],[-50.5791,-35.5458],[-50.5794,-35.5456],[-50.5797,-35.5455],[-50.58,-35.5453],[-50.5803,-35.5451],[-50.5805,-35.5449],[-50.5808,-35.5448],[-50.5811,-35.5446],[-50.5814,-35.5444],[-50.5816,-35.5442],[-50.5819,-35.544],[-50.5822,-35.5439],[-50.5825,-35.5437],[-50.5828,-35.5435],[-50.583,-35.5433],[-50.5833,-35.5432],[-50.5836,-35.543],[-50.5839,-35.5428],[-50.5842,-35.5426],[-50.5844,-35.5424],[-50.5847,-35.5423],[-50.585,-35.5421],[-50.5853,-35.5419],[-50.5855,-35.5417],[-50.5858,-35.5416],[-50.5861,-35.5414],[-50.5864,-35.5412],[-50.5867,-35.541],[-50.5869,-35.5408],[-50.5872,-35.5407],[-50.5875,-35.5405],[-50.5878,-35.5403],[-50.588,-35.5401],[-50.5883,-35.54],[-50.5886,-35.5398],[-50.5889,-35.5396],[-50.5892,-35.5394],[-50.5894,-35.5393],[-50.5897,-35.5391],[-50.59,-35.5389],[-50.5903,-35.5387],[-50.5906,-35.5385],[-50.5908,-35.5384],[-50.5911,-35.5382],[-50.5914,-35.538],[-50.5917,-35.5378],[-50.5919,-35.5377],[-50.5922,-35.5375],[-50.5925,-35.5373],[-50.5928,-35.5371],[-50.5931,-35.5369],[-50.5933,-35.5368],[-50.5936,-35.5366],[-50.5939,-35.5364],[-50.5942,-35.5362],[-50.5944,-35.5361],[-50.5947,-35.5359],[-50.595,-35.5357],[-50.5953,-35.5355],[-50.5956,-35.5353],[-50.5958,-35.5352],[-50.5961,-35.535],[-50.5964,-35.5348],[-50.5967,-35.5346],[-50.5969,-35.5345],[-50.5972,-35.5343],[-50.5975,-35.5341],[-50.5978,-35.5339],[-50.5981,-35.5337],[-50.5983,-35.5336],[-50.5986,-35.5334],[-50.5989,-35.5332],[-50.5992,-35.533],[-50.5995,-35.5329],[-50.5997,-35.5327],[-50.6,-35.5325],[-50.6003,-35.5323],[-50.6006,-35.5321],[-50.6008,-35.532],[-50.6011,-35.5318],[-50.6014,-35.5316],[-50.6017,-35.5314],[-50.602,-35.5313],[-50.6022,-35.5311],[-50.6025,-35.5309],[-50.6028,-35.5307],[-50.6031,-35.5305],[-50.6033,-35.5304],[-50.6036,-35.5302],[-50.6039,-35.53],[-50.6042,-35.5298],[-50.6045,-35.5297],[-50.6047,-35.5295],[-50.605,-35.5293],[-50.6053,-35.5291],[-50.6056,-35.5289],[-50.6058,-35.5288],[-50.6061,-35.5286],[-50.6064,-35.5284],[-50.6067,-35.5282],[-50.607,-35.5281],[-50.6072,-35.5279],[-50.6075,-35.5277],[-50.6078,-35.5275],[-50.6081,-35.5273],[-50.6084,-35.5272],[-50.6086,-35.527],[-50.6089,-35.5268],[-50.6092,-35.5266],[-50.6095,-35.5265],[-50.6097,-35.5263],[-50.61,-35.5261],[-50.6103,-35.5259],[-50.6106,-35.5258],[-50.6109,-35.5256],[-50.6111,-35.5254],[-50.6114,-35.5252],[-50.6117,-35.525],[-50.612,-35.5249],[-50.6122,-35.5247],[-50.6125,-35.5245],[-50.6128,-35.5243],[-50.6131,-35.5242],[-50.6134,-35.524],[-50.6136,-35.5238],[-50.6139,-35.5236],[-50.6142,-35.5234],[-50.6145,-35.5233],[-50.6147,-35.5231],[-50.615,-35.5229],[-50.6153,-35.5227],[-50.6156,-35.5226],[-50.6159,-35.5224],[-50.6161,-35.5222],[-50.6164,-35.522],[-50.6167,-35.5218],[-50.617,-35.5217],[-50.6173,-35.5215],[-50.6175,-35.5213],[-50.6178,-35.5211],[-50.6181,-35.521],[-50.6184,-35.5208],[-50.6186,-35.5206],[-50.6189,-35.5204],[-50.6192,-35.5202],[-50.6195,-35.5201],[-50.6198,-35.5199],[-50.62,-35.5197],[-50.6203,-35.5195],[-50.6206,-35.5194],[-50.6209,-35.5192],[-50.6211,-35.519],[-50.6214,-35.5188],[-50.6217,-35.5186],[-50.622,-35.5185],[-50.6223,-35.5183],[-50.6225,-35.5181],[-50.6228,-35.5179],[-50.6231,-35.5178],[-50.6234,-35.5176],[-50.6236,-35.5174],[-50.6239,-35.5172],[-50.6242,-35.517],[-50.6245,-35.5169],[-50.6248,-35.5167],[-50.625,-35.5165],[-50.6253,-35.5163],[-50.6256,-35.5162],[-50.6259,-35.516],[-50.6262,-35.5158],[-50.6264,-35.5156],[-50.6267,-35.5154],[-50.627,-35.5153],[-50.6273,-35.5151],[-50.6275,-35.5149],[-50.6278,-35.5147],[-50.6281,-35.5146],[-50.6284,-35.5144],[-50.6287,-35.5142],[-50.6289,-35.514],[-50.6292,-35.5138],[-50.6295,-35.5137],[-50.6298,-35.5135],[-50.63,-35.5133],[-50.6303,-35.5131],[-50.6306,-35.513],[-50.6309,-35.5128],[-50.6312,-35.5126],[-50.6314,-35.5124],[-50.6317,-35.5122],[-50.632,-35.5121],[-50.6323,-35.5119],[-50.6325,-35.5117],[-50.6328,-35.5115],[-50.6331,-35.5114],[-50.6334,-35.5112],[-50.6337,-35.511],[-50.6339,-35.5108],[-50.6342,-35.5107],[-50.6345,-35.5105],[-50.6348,-35.5103],[-50.6351,-35.5101],[-50.6353,-35.5099],[-50.6356,-35.5098],[-50.6359,-35.5096],[-50.6362,-35.5094],[-50.6364,-35.5092],[-50.6367,-35.5091],[-50.637,-35.5089],[-50.6373,-35.5087],[-50.6376,-35.5085],[-50.6378,-35.5083],[-50.6381,-35.5082],[-50.6384,-35.508],[-50.6387,-35.5078],[-50.6389,-35.5076],[-50.6392,-35.5075],[-50.6395,-35.5073],[-50.6398,-35.5071],[-50.6401,-35.5069],[-50.6403,-35.5067],[-50.6406,-35.5066],[-50.6409,-35.5064],[-50.6412,-35.5062],[-50.6414,-35.506],[-50.6417,-35.5059],[-50.642,-35.5057],[-50.6423,-35.5055],[-50.6426,-35.5053],[-50.6428,-35.5051],[-50.6431,-35.505],[-50.6434,-35.5048],[-50.6437,-35.5046],[-50.6439,-35.5044],[-50.6442,-35.5043],[-50.6445,-35.5041],[-50.6448,-35.5039],[-50.6451,-35.5037],[-50.6453,-35.5035],[-50.6456,-35.5034],[-50.6459,-35.5032],[-50.6462,-35.503],[-50.6465,-35.5028],[-50.6467,-35.5027],[-50.647,-35.5025],[-50.6473,-35.5023],[-50.6476,-35.5021],[-50.6478,-35.5019],[-50.6481,-35.5018],[-50.6484,-35.5016],[-50.6487,-35.5014],[-50.649,-35.5012],[-50.6492,-35.5011],[-50.6495,-35.5009],[-50.6498,-35.5007],[-50.6501,-35.5005],[-50.6503,-35.5003],[-50.6506,-35.5002],[-50.6509,-35.5],[-50.6512,-35.4998],[-50.6515,-35.4996],[-50.6517,-35.4995],[-50.652,-35.4993],[-50.6523,-35.4991],[-50.6526,-35.4989],[-50.6528,-35.4987],[-50.6531,-35.4986],[-50.6534,-35.4984],[-50.6537,-35.4982],[-50.654,-35.498],[-50.6542,-35.4979],[-50.6545,-35.4977],[-50.6548,-35.4975],[-50.6551,-35.4973],[-50.6553,-35.4972],[-50.6556,-35.497],[-50.6559,-35.4968],[-50.6562,-35.4966],[-50.6565,-35.4964],[-50.6567,-35.4963],[-50.657,-35.4961],[-50.6573,-35.4959],[-50.6576,-35.4957],[-50.6579,-35.4956],[-50.6581,-35.4954],[-50.6584,-35.4952],[-50.6587,-35.495],[-50.659,-35.4948],[-50.6592,-35.4947],[-50.6595,-35.4945],[-50.6598,-35.4943],[-50.6601,-35.4941],[-50.6604,-35.494],[-50.6606,-35.4938],[-50.6609,-35.4936],[-50.6612,-35.4934],[-50.6615,-35.4932],[-50.6617,-35.4931],[-50.662,-35.4929],[-50.6623,-35.4927],[-50.6626,-35.4925],[-50.6629,-35.4924],[-50.6631,-35.4922],[-50.6634,-35.492],[-50.6637,-35.4918],[-50.664,-35.4916],[-50.6642,-35.4915],[-50.6645,-35.4913],[-50.6648,-35.4911],[-50.6651,-35.4909],[-50.6654,-35.4908],[-50.6656,-35.4906],[-50.6659,-35.4904],[-50.6662,-35.4902],[-50.6665,-35.49],[-50.6667,-35.4899],[-50.667,-35.4897],[-50.6673,-35.4895],[-50.6676,-35.4893],[-50.6679,-35.4892],[-50.6681,-35.489],[-50.6684,-35.4888],[-50.6687,-35.4886],[-50.669,-35.4884],[-50.6692,-35.4883],[-50.6695,-35.4881],[-50.6698,-35.4879],[-50.6701,-35.4877],[-50.6704,-35.4876],[-50.6706,-35.4874],[-50.6709,-35.4872],[-50.6712,-35.487],[-50.6715,-35.4868],[-50.6718,-35.4867],[-50.672,-35.4865],[-50.6723,-35.4863],[-50.6726,-35.4861],[-50.6729,-35.486],[-50.6731,-35.4858],[-50.6734,-35.4856],[-50.6737,-35.4854],[-50.674,-35.4852],[-50.6743,-35.4851],[-50.6745,-35.4849],[-50.6748,-35.4847],[-50.6751,-35.4845],[-50.6754,-35.4844],[-50.6756,-35.4842],[-50.6759,-35.484],[-50.6762,-35.4838],[-50.6765,-35.4836],[-50.6768,-35.4835],[-50.677,-35.4833],[-50.6773,-35.4831],[-50.6776,-35.4829],[-50.6779,-35.4828],[-50.6781,-35.4826],[-50.6784,-35.4824],[-50.6787,-35.4822],[-50.679,-35.4821],[-50.6793,-35.4819],[-50.6795,-35.4817],[-50.6798,-35.4815],[-50.6801,-35.4813],[-50.6804,-35.4812],[-50.6806,-35.481],[-50.6809,-35.4808],[-50.6812,-35.4806],[-50.6815,-35.4805],[-50.6818,-35.4803],[-50.682,-35.4801],[-50.6823,-35.4799],[-50.6826,-35.4797],[-50.6829,-35.4796],[-50.6831,-35.4794],[-50.6834,-35.4792],[-50.6837,-35.479],[-50.684,-35.4789],[-50.6843,-35.4787],[-50.6845,-35.4785],[-50.6848,-35.4783],[-50.6851,-35.4781],[-50.6854,-35.478],[-50.6856,-35.4778],[-50.6859,-35.4776],[-50.6862,-35.4774],[-50.6865,-35.4773],[-50.6868,-35.4771],[-50.687,-35.4769],[-50.6873,-35.4767],[-50.6876,-35.4765],[-50.6879,-35.4764],[-50.6882,-35.4762],[-50.6884,-35.476],[-50.6887,-35.4758],[-50.689,-35.4757],[-50.6893,-35.4755],[-50.6895,-35.4753],[-50.6898,-35.4751],[-50.6901,-35.4749],[-50.6904,-35.4748],[-50.6907,-35.4746],[-50.6909,-35.4744],[-50.6912,-35.4742],[-50.6915,-35.4741],[-50.6918,-35.4739],[-50.692,-35.4737],[-50.6923,-35.4735],[-50.6926,-35.4733],[-50.6929,-35.4732],[-50.6932,-35.473],[-50.6934,-35.4728],[-50.6937,-35.4726],[-50.694,-35.4725],[-50.6943,-35.4723],[-50.6945,-35.4721],[-50.6948,-35.4719],[-50.6951,-35.4717],[-50.6954,-35.4716],[-50.6957,-35.4714],[-50.6959,-35.4712],[-50.6962,-35.471],[-50.6965,-35.4709],[-50.6968,-35.4707],[-50.697,-35.4705],[-50.6973,-35.4703],[-50.6976,-35.4701],[-50.6979,-35.47],[-50.6982,-35.4698],[-50.6984,-35.4696],[-50.6987,-35.4694],[-50.699,-35.4693],[-50.6993,-35.4691],[-50.6995,-35.4689],[-50.6998,-35.4687],[-50.7001,-35.4686],[-50.7004,-35.4684],[-50.7007,-35.4682],[-50.7009,-35.468],[-50.7012,-35.4678],[-50.7015,-35.4677],[-50.7018,-35.4675],[-50.702,-35.4673],[-50.7023,-35.4671],[-50.7026,-35.467],[-50.7029,-35.4668],[-50.7032,-35.4666],[-50.7034,-35.4664],[-50.7037,-35.4662],[-50.704,-35.4661],[-50.7043,-35.4659],[-50.7045,-35.4657],[-50.7048,-35.4655],[-50.7051,-35.4654],[-50.7054,-35.4652],[-50.7057,-35.465],[-50.7059,-35.4648],[-50.7062,-35.4646],[-50.7065,-35.4645],[-50.7068,-35.4643],[-50.7071,-35.4641],[-50.7073,-35.4639],[-50.7076,-35.4638],[-50.7079,-35.4636],[-50.7082,-35.4634],[-50.7084,-35.4632],[-50.7087,-35.463],[-50.709,-35.4629],[-50.7093,-35.4627],[-50.7096,-35.4625],[-50.7098,-35.4623],[-50.7101,-35.4622],[-50.7104,-35.462],[-50.7107,-35.4618],[-50.7109,-35.4616],[-50.7112,-35.4614],[-50.7115,-35.4613],[-50.7118,-35.4611],[-50.7121,-35.4609],[-50.7123,-35.4607],[-50.7126,-35.4606],[-50.7129,-35.4604],[-50.7132,-35.4602],[-50.7134,-35.46],[-50.7137,-35.4598],[-50.714,-35.4597],[-50.7143,-35.4595],[-50.7146,-35.4593],[-50.7148,-35.4591],[-50.7151,-35.459],[-50.7154,-35.4588],[-50.7157,-35.4586],[-50.7159,-35.4584],[-50.7162,-35.4582],[-50.7165,-35.4581],[-50.7168,-35.4579],[-50.7171,-35.4577],[-50.7173,-35.4575],[-50.7176,-35.4574],[-50.7179,-35.4572],[-50.7182,-35.457],[-50.7184,-35.4568],[-50.7187,-35.4566],[-50.719,-35.4565],[-50.7193,-35.4563],[-50.7196,-35.4561],[-50.7198,-35.4559],[-50.7201,-35.4558],[-50.7204,-35.4556],[-50.7207,-35.4554],[-50.7209,-35.4552],[-50.7212,-35.455],[-50.7215,-35.4549],[-50.7218,-35.4547],[-50.7221,-35.4545],[-50.7223,-35.4543],[-50.7226,-35.4542],[-50.7229,-35.454],[-50.7232,-35.4538],[-50.7234,-35.4536],[-50.7237,-35.4535],[-50.724,-35.4533],[-50.7243,-35.4531],[-50.7246,-35.4529],[-50.7248,-35.4527],[-50.7251,-35.4526],[-50.7254,-35.4524],[-50.7257,-35.4522],[-50.7259,-35.452],[-50.7262,-35.4519],[-50.7265,-35.4517],[-50.7268,-35.4515],[-50.7271,-35.4513],[-50.7273,-35.4511],[-50.7276,-35.451],[-50.7279,-35.4508],[-50.7282,-35.4506],[-50.7284,-35.4504],[-50.7287,-35.4503],[-50.729,-35.4501],[-50.7293,-35.4499],[-50.7296,-35.4497],[-50.7298,-35.4495],[-50.7301,-35.4494],[-50.7304,-35.4492],[-50.7307,-35.449],[-50.7309,-35.4488],[-50.7312,-35.4487],[-50.7315,-35.4485],[-50.7318,-35.4483],[-50.7321,-35.4481],[-50.7323,-35.4479],[-50.7326,-35.4478],[-50.7329,-35.4476],[-50.7332,-35.4474],[-50.7335,-35.4472],[-50.7337,-35.4471],[-50.734,-35.4469],[-50.7343,-35.4467],[-50.7346,-35.4465],[-50.7348,-35.4463],[-50.7351,-35.4462],[-50.7354,-35.446],[-50.7357,-35.4458],[-50.736,-35.4456],[-50.7362,-35.4455],[-50.7365,-35.4453],[-50.7368,-35.4451],[-50.7371,-35.4449],[-50.7373,-35.4447],[-50.7376,-35.4446],[-50.7379,-35.4444],[-50.7382,-35.4442],[-50.7385,-35.444],[-50.7387,-35.4439],[-50.739,-35.4437],[-50.7393,-35.4435],[-50.7396,-35.4433],[-50.7398,-35.4431],[-50.7401,-35.443],[-50.7404,-35.4428],[-50.7407,-35.4426],[-50.741,-35.4424],[-50.7412,-35.4423],[-50.7415,-35.4421],[-50.7418,-35.4419],[-50.7421,-35.4417],[-50.7423,-35.4415],[-50.7426,-35.4414],[-50.7429,-35.4412],[-50.7432,-35.441],[-50.7435,-35.4408],[-50.7437,-35.4407],[-50.744,-35.4405],[-50.7443,-35.4403],[-50.7446,-35.4401],[-50.7448,-35.44],[-50.7451,-35.4398],[-50.7454,-35.4396],[-50.7457,-35.4394],[-50.746,-35.4392],[-50.7462,-35.4391],[-50.7465,-35.4389],[-50.7468,-35.4387],[-50.7471,-35.4385],[-50.7473,-35.4384],[-50.7476,-35.4382],[-50.7479,-35.438],[-50.7482,-35.4378],[-50.7485,-35.4376],[-50.7487,-35.4375],[-50.749,-35.4373],[-50.7493,-35.4371],[-50.7496,-35.4369],[-50.7498,-35.4368],[-50.7501,-35.4366],[-50.7504,-35.4364],[-50.7507,-35.4362],[-50.751,-35.436],[-50.7512,-35.4359],[-50.7515,-35.4357],[-50.7518,-35.4355],[-50.7521,-35.4353],[-50.7523,-35.4352],[-50.7526,-35.435],[-50.7529,-35.4348],[-50.7532,-35.4346],[-50.7535,-35.4344],[-50.7537,-35.4343],[-50.754,-35.4341],[-50.7543,-35.4339],[-50.7546,-35.4337],[-50.7548,-35.4336],[-50.7551,-35.4334],[-50.7554,-35.4332],[-50.7557,-35.433],[-50.756,-35.4328],[-50.7562,-35.4327],[-50.7565,-35.4325],[-50.7568,-35.4323],[-50.7571,-35.4321],[-50.7573,-35.432],[-50.7576,-35.4318],[-50.7579,-35.4316],[-50.7582,-35.4314],[-50.7585,-35.4312],[-50.7587,-35.4311],[-50.759,-35.4309],[-50.7593,-35.4307],[-50.7596,-35.4305],[-50.7598,-35.4304],[-50.7601,-35.4302],[-50.7604,-35.43],[-50.7607,-35.4298],[-50.761,-35.4296],[-50.7612,-35.4295],[-50.7615,-35.4293],[-50.7618,-35.4291],[-50.7621,-35.4289],[-50.7623,-35.4288],[-50.7626,-35.4286],[-50.7629,-35.4284],[-50.7632,-35.4282],[-50.7635,-35.428],[-50.7637,-35.4279],[-50.764,-35.4277],[-50.7643,-35.4275],[-50.7646,-35.4273],[-50.7648,-35.4272],[-50.7651,-35.427],[-50.7654,-35.4268],[-50.7657,-35.4266],[-50.766,-35.4264],[-50.7662,-35.4263],[-50.7665,-35.4261],[-50.7668,-35.4259],[-50.7671,-35.4257],[-50.7673,-35.4256],[-50.7676,-35.4254],[-50.7679,-35.4252],[-50.7682,-35.425],[-50.7685,-35.4249],[-50.7687,-35.4247],[-50.769,-35.4245],[-50.7693,-35.4243],[-50.7696,-35.4241],[-50.7698,-35.424],[-50.7701,-35.4238],[-50.7704,-35.4236],[-50.7707,-35.4234],[-50.771,-35.4233],[-50.7712,-35.4231],[-50.7715,-35.4229],[-50.7718,-35.4227],[-50.7721,-35.4225],[-50.7723,-35.4224],[-50.7726,-35.4222],[-50.7729,-35.422],[-50.7732,-35.4218],[-50.7735,-35.4217],[-50.7737,-35.4215],[-50.774,-35.4213],[-50.7743,-35.4211],[-50.7746,-35.4209],[-50.7748,-35.4208],[-50.7751,-35.4206],[-50.7754,-35.4204],[-50.7757,-35.4202],[-50.776,-35.4201],[-50.7762,-35.4199],[-50.7765,-35.4197],[-50.7768,-35.4195],[-50.7771,-35.4193],[-50.7773,-35.4192],[-50.7776,-35.419],[-50.7779,-35.4188],[-50.7782,-35.4186],[-50.7785,-35.4185],[-50.7787,-35.4183],[-50.779,-35.4181],[-50.7793,-35.4179],[-50.7796,-35.4177],[-50.7798,-35.4176],[-50.7801,-35.4174],[-50.7804,-35.4172],[-50.7807,-35.417],[-50.781,-35.4169],[-50.7812,-35.4167],[-50.7815,-35.4165],[-50.7818,-35.4163],[-50.7821,-35.4161],[-50.7823,-35.416],[-50.7826,-35.4158],[-50.7829,-35.4156],[-50.7832,-35.4154],[-50.7835,-35.4153],[-50.7837,-35.4151],[-50.784,-35.4149],[-50.7843,-35.4147],[-50.7846,-35.4145],[-50.7848,-35.4144],[-50.7851,-35.4142],[-50.7854,-35.414],[-50.7857,-35.4138],[-50.786,-35.4137],[-50.7862,-35.4135],[-50.7865,-35.4133],[-50.7868,-35.4131],[-50.7871,-35.4129],[-50.7873,-35.4128],[-50.7876,-35.4126],[-50.7879,-35.4124],[-50.7882,-35.4122],[-50.7885,-35.4121],[-50.7887,-35.4119],[-50.789,-35.4117],[-50.7893,-35.4115],[-50.7896,-35.4114],[-50.7898,-35.4112],[-50.7901,-35.411],[-50.7904,-35.4108],[-50.7907,-35.4106],[-50.791,-35.4105],[-50.7912,-35.4103],[-50.7915,-35.4101],[-50.7918,-35.4099],[-50.7921,-35.4098],[-50.7923,-35.4096],[-50.7926,-35.4094],[-50.7929,-35.4092],[-50.7932,-35.409],[-50.7935,-35.4089],[-50.7937,-35.4087],[-50.794,-35.4085],[-50.7943,-35.4083],[-50.7946,-35.4082],[-50.7948,-35.408],[-50.7951,-35.4078],[-50.7954,-35.4076],[-50.7957,-35.4074],[-50.796,-35.4073],[-50.7962,-35.4071],[-50.7965,-35.4069],[-50.7968,-35.4067],[-50.7971,-35.4066],[-50.7973,-35.4064],[-50.7976,-35.4062],[-50.7979,-35.406],[-50.7982,-35.4058],[-50.7985,-35.4057],[-50.7987,-35.4055],[-50.799,-35.4053],[-50.7993,-35.4051],[-50.7996,-35.405],[-50.7998,-35.4048],[-50.8001,-35.4046],[-50.8004,-35.4044],[-50.8007,-35.4042],[-50.801,-35.4041],[-50.8012,-35.4039],[-50.8015,-35.4037],[-50.8018,-35.4035],[-50.8021,-35.4034],[-50.8023,-35.4032],[-50.8026,-35.403],[-50.8029,-35.4028],[-50.8032,-35.4026],[-50.8035,-35.4025],[-50.8037,-35.4023],[-50.804,-35.4021],[-50.8043,-35.4019],[-50.8046,-35.4018],[-50.8048,-35.4016],[-50.8051,-35.4014],[-50.8054,-35.4012],[-50.8057,-35.401],[-50.806,-35.4009],[-50.8062,-35.4007],[-50.8065,-35.4005],[-50.8068,-35.4003],[-50.8071,-35.4002],[-50.8073,-35.4],[-50.8076,-35.3998],[-50.8079,-35.3996],[-50.8082,-35.3994],[-50.8084,-35.3993],[-50.8087,-35.3991],[-50.809,-35.3989],[-50.8093,-35.3987],[-50.8096,-35.3986],[-50.8098,-35.3984],[-50.8101,-35.3982],[-50.8104,-35.398],[-50.8107,-35.3978],[-50.8109,-35.3977],[-50.8112,-35.3975],[-50.8115,-35.3973],[-50.8118,-35.3971],[-50.8121,-35.397],[-50.8123,-35.3968],[-50.8126,-35.3966],[-50.8129,-35.3964],[-50.8132,-35.3963],[-50.8134,-35.3961],[-50.8137,-35.3959],[-50.814,-35.3957],[-50.8143,-35.3955],[-50.8146,-35.3954],[-50.8148,-35.3952],[-50.8151,-35.395],[-50.8154,-35.3948],[-50.8157,-35.3947],[-50.8159,-35.3945],[-50.8162,-35.3943],[-50.8165,-35.3941],[-50.8168,-35.3939],[-50.8171,-35.3938],[-50.8173,-35.3936],[-50.8176,-35.3934],[-50.8179,-35.3932],[-50.8182,-35.3931],[-50.8184,-35.3929],[-50.8187,-35.3927],[-50.819,-35.3925],[-50.8193,-35.3923],[-50.8196,-35.3922],[-50.8198,-35.392],[-50.8201,-35.3918],[-50.8204,-35.3916],[-50.8207,-35.3915],[-50.8209,-35.3913],[-50.8212,-35.3911],[-50.8215,-35.3909],[-50.8218,-35.3907],[-50.8221,-35.3906],[-50.8223,-35.3904],[-50.8226,-35.3902],[-50.8229,-35.39],[-50.8232,-35.3899],[-50.8234,-35.3897],[-50.8237,-35.3895],[-50.824,-35.3893],[-50.8243,-35.3891],[-50.8246,-35.389],[-50.8248,-35.3888],[-50.8251,-35.3886],[-50.8254,-35.3884],[-50.8257,-35.3883],[-50.8259,-35.3881],[-50.8262,-35.3879],[-50.8265,-35.3877],[-50.8268,-35.3875],[-50.8271,-35.3874],[-50.8273,-35.3872],[-50.8276,-35.387],[-50.8279,-35.3868],[-50.8282,-35.3867],[-50.8284,-35.3865],[-50.8287,-35.3863],[-50.829,-35.3861],[-50.8293,-35.3859],[-50.8296,-35.3858],[-50.8298,-35.3856],[-50.8301,-35.3854],[-50.8304,-35.3852],[-50.8307,-35.3851],[-50.8309,-35.3849],[-50.8312,-35.3847],[-50.8315,-35.3845],[-50.8318,-35.3843],[-50.8321,-35.3842],[-50.8323,-35.384],[-50.8326,-35.3838],[-50.8329,-35.3836],[-50.8332,-35.3835],[-50.8334,-35.3833],[-50.8337,-35.3831],[-50.834,-35.3829],[-50.8343,-35.3828],[-50.8345,-35.3826],[-50.8348,-35.3824],[-50.8351,-35.3822],[-50.8354,-35.382],[-50.8357,-35.3819],[-50.8359,-35.3817],[-50.8362,-35.3815],[-50.8365,-35.3813],[-50.8368,-35.3812],[-50.837,-35.381],[-50.8373,-35.3808],[-50.8376,-35.3806],[-50.8379,-35.3804],[-50.8382,-35.3803],[-50.8384,-35.3801],[-50.8387,-35.3799],[-50.839,-35.3797],[-50.8393,-35.3796],[-50.8395,-35.3794],[-50.8398,-35.3792],[-50.8401,-35.379],[-50.8404,-35.3788],[-50.8407,-35.3787],[-50.8409,-35.3785],[-50.8412,-35.3783],[-50.8415,-35.3781],[-50.8418,-35.378],[-50.842,-35.3778],[-50.8423,-35.3776],[-50.8426,-35.3774],[-50.8429,-35.3772],[-50.8432,-35.3771],[-50.8434,-35.3769],[-50.8437,-35.3767],[-50.844,-35.3765],[-50.8443,-35.3764],[-50.8445,-35.3762],[-50.8448,-35.376],[-50.8451,-35.3758],[-50.8454,-35.3756],[-50.8457,-35.3755],[-50.8459,-35.3753],[-50.8462,-35.3751],[-50.8465,-35.3749],[-50.8468,-35.3748],[-50.847,-35.3746],[-50.8473,-35.3744],[-50.8476,-35.3742],[-50.8479,-35.374],[-50.8482,-35.3739],[-50.8484,-35.3737],[-50.8487,-35.3735],[-50.849,-35.3733],[-50.8493,-35.3732],[-50.8495,-35.373],[-50.8498,-35.3728],[-50.8501,-35.3726],[-50.8504,-35.3724],[-50.8507,-35.3723],[-50.8509,-35.3721],[-50.8512,-35.3719],[-50.8515,-35.3717],[-50.8518,-35.3716],[-50.852,-35.3714],[-50.8523,-35.3712],[-50.8526,-35.371],[-50.8529,-35.3708],[-50.8532,-35.3707],[-50.8534,-35.3705],[-50.8537,-35.3703],[-50.854,-35.3701],[-50.8543,-35.37],[-50.8545,-35.3698],[-50.8548,-35.3696],[-50.8551,-35.3694],[-50.8554,-35.3692],[-50.8556,-35.3691],[-50.8559,-35.3689],[-50.8562,-35.3687],[-50.8565,-35.3685],[-50.8568,-35.3684],[-50.857,-35.3682],[-50.8573,-35.368],[-50.8576,-35.3678],[-50.8579,-35.3677],[-50.8581,-35.3675],[-50.8584,-35.3673],[-50.8587,-35.3671],[-50.859,-35.3669],[-50.8593,-35.3668],[-50.8595,-35.3666],[-50.8598,-35.3664],[-50.8601,-35.3662],[-50.8604,-35.3661],[-50.8606,-35.3659],[-50.8609,-35.3657],[-50.8612,-35.3655],[-50.8615,-35.3653],[-50.8618,-35.3652],[-50.862,-35.365],[-50.8623,-35.3648],[-50.8626,-35.3646],[-50.8629,-35.3645],[-50.8631,-35.3643],[-50.8634,-35.3641],[-50.8637,-35.3639],[-50.864,-35.3637],[-50.8643,-35.3636],[-50.8645,-35.3634],[-50.8648,-35.3632],[-50.8651,-35.363],[-50.8654,-35.3629],[-50.8656,-35.3627],[-50.8659,-35.3625],[-50.8662,-35.3623],[-50.8665,-35.3621],[-50.8668,-35.362],[-50.867,-35.3618],[-50.8673,-35.3616],[-50.8676,-35.3614],[-50.8679,-35.3613],[-50.8681,-35.3611],[-50.8684,-35.3609],[-50.8687,-35.3607],[-50.869,-35.3605],[-50.8692,-35.3604],[-50.8695,-35.3602],[-50.8698,-35.36],[-50.8701,-35.3598],[-50.8704,-35.3597],[-50.8706,-35.3595],[-50.8709,-35.3593],[-50.8712,-35.3591],[-50.8715,-35.3589],[-50.8717,-35.3588],[-50.872,-35.3586],[-50.8723,-35.3584],[-50.8726,-35.3582],[-50.8729,-35.3581],[-50.8731,-35.3579],[-50.8734,-35.3577],[-50.8737,-35.3575],[-50.874,-35.3573],[-50.8742,-35.3572],[-50.8745,-35.357],[-50.8748,-35.3568],[-50.8751,-35.3566],[-50.8754,-35.3565],[-50.8756,-35.3563],[-50.8759,-35.3561],[-50.8762,-35.3559],[-50.8765,-35.3557],[-50.8767,-35.3556],[-50.877,-35.3554],[-50.8773,-35.3552],[-50.8776,-35.355],[-50.8779,-35.3549],[-50.8781,-35.3547],[-50.8784,-35.3545],[-50.8787,-35.3543],[-50.879,-35.3541],[-50.8792,-35.354],[-50.8795,-35.3538],[-50.8798,-35.3536],[-50.8801,-35.3534],[-50.8804,-35.3533],[-50.8806,-35.3531],[-50.8809,-35.3529],[-50.8812,-35.3527],[-50.8815,-35.3526],[-50.8817,-35.3524],[-50.882,-35.3522],[-50.8823,-35.352],[-50.8826,-35.3518],[-50.8828,-35.3517],[-50.8831,-35.3515],[-50.8834,-35.3513],[-50.8837,-35.3511],[-50.884,-35.351],[-50.8842,-35.3508],[-50.8845,-35.3506],[-50.8848,-35.3504],[-50.8851,-35.3502],[-50.8853,-35.3501],[-50.8856,-35.3499],[-50.8859,-35.3497],[-50.8862,-35.3495],[-50.8865,-35.3494],[-50.8867,-35.3492],[-50.887,-35.349],[-50.8873,-35.3488],[-50.8876,-35.3486],[-50.8878,-35.3485],[-50.8881,-35.3483],[-50.8884,-35.3481],[-50.8887,-35.3479],[-50.889,-35.3478],[-50.8892,-35.3476],[-50.8895,-35.3474],[-50.8898,-35.3472],[-50.8901,-35.347],[-50.8903,-35.3469],[-50.8906,-35.3467],[-50.8909,-35.3465],[-50.8912,-35.3463],[-50.8915,-35.3462],[-50.8917,-35.346],[-50.892,-35.3458],[-50.8923,-35.3456],[-50.8926,-35.3454],[-50.8928,-35.3453],[-50.8931,-35.3451],[-50.8934,-35.3449],[-50.8937,-35.3447],[-50.8939,-35.3446],[-50.8942,-35.3444],[-50.8945,-35.3442],[-50.8948,-35.344],[-50.8951,-35.3438],[-50.8953,-35.3437],[-50.8956,-35.3435],[-50.8959,-35.3433],[-50.8962,-35.3431],[-50.8964,-35.343],[-50.8967,-35.3428],[-50.897,-35.3426],[-50.8973,-35.3424],[-50.8976,-35.3422],[-50.8978,-35.3421],[-50.8981,-35.3419],[-50.8984,-35.3417],[-50.8987,-35.3415],[-50.8989,-35.3414],[-50.8992,-35.3412],[-50.8995,-35.341],[-50.8998,-35.3408],[-50.9001,-35.3406],[-50.9003,-35.3405],[-50.9006,-35.3403],[-50.9009,-35.3401],[-50.9012,-35.3399],[-50.9014,-35.3398],[-50.9017,-35.3396],[-50.902,-35.3394],[-50.9023,-35.3392],[-50.9026,-35.3391],[-50.9028,-35.3389],[-50.9031,-35.3387],[-50.9034,-35.3385],[-50.9037,-35.3383],[-50.9039,-35.3382],[-50.9042,-35.338],[-50.9045,-35.3378],[-50.9048,-35.3376],[-50.905,-35.3375],[-50.9053,-35.3373],[-50.9056,-35.3371],[-50.9059,-35.3369],[-50.9062,-35.3367],[-50.9064,-35.3366],[-50.9067,-35.3364],[-50.907,-35.3362],[-50.9073,-35.336],[-50.9075,-35.3359],[-50.9078,-35.3357],[-50.9081,-35.3355],[-50.9084,-35.3353],[-50.9087,-35.3351],[-50.9089,-35.335],[-50.9092,-35.3348],[-50.9095,-35.3346],[-50.9098,-35.3344],[-50.91,-35.3343],[-50.9103,-35.3341],[-50.9106,-35.3339],[-50.9109,-35.3337],[-50.9112,-35.3335],[-50.9114,-35.3334],[-50.9117,-35.3332],[-50.912,-35.333],[-50.9123,-35.3328],[-50.9125,-35.3327],[-50.9128,-35.3325],[-50.9131,-35.3323],[-50.9134,-35.3321],[-50.9137,-35.3319],[-50.9139,-35.3318],[-50.9142,-35.3316],[-50.9145,-35.3314],[-50.9148,-35.3312],[-50.915,-35.3311],[-50.9153,-35.3309],[-50.9156,-35.3307],[-50.9159,-35.3305],[-50.9161,-35.3303],[-50.9164,-35.3302],[-50.9167,-35.33],[-50.917,-35.3298],[-50.9173,-35.3296],[-50.9175,-35.3295],[-50.9178,-35.3293],[-50.9181,-35.3291],[-50.9184,-35.3289],[-50.9186,-35.3287],[-50.9189,-35.3286],[-50.9192,-35.3284],[-50.9195,-35.3282],[-50.9198,-35.328],[-50.92,-35.3279],[-50.9203,-35.3277],[-50.9206,-35.3275],[-50.9209,-35.3273],[-50.9211,-35.3271],[-50.9214,-35.327],[-50.9217,-35.3268],[-50.922,-35.3266],[-50.9223,-35.3264],[-50.9225,-35.3263],[-50.9228,-35.3261],[-50.9231,-35.3259],[-50.9234,-35.3257],[-50.9236,-35.3255],[-50.9239,-35.3254],[-50.9242,-35.3252],[-50.9245,-35.325],[-50.9247,-35.3248],[-50.925,-35.3247],[-50.9253,-35.3245],[-50.9256,-35.3243],[-50.9259,-35.3241],[-50.9261,-35.324],[-50.9264,-35.3238],[-50.9267,-35.3236],[-50.927,-35.3234],[-50.9272,-35.3232],[-50.9275,-35.3231],[-50.9278,-35.3229],[-50.9281,-35.3227],[-50.9284,-35.3225],[-50.9286,-35.3224],[-50.9289,-35.3222],[-50.9292,-35.322],[-50.9295,-35.3218],[-50.9297,-35.3216],[-50.93,-35.3215],[-50.9303,-35.3213],[-50.9306,-35.3211],[-50.9309,-35.3209],[-50.9311,-35.3208],[-50.9314,-35.3206],[-50.9317,-35.3204],[-50.932,-35.3202],[-50.9322,-35.32],[-50.9325,-35.3199],[-50.9328,-35.3197],[-50.9331,-35.3195],[-50.9333,-35.3193],[-50.9336,-35.3192],[-50.9339,-35.319],[-50.9342,-35.3188],[-50.9345,-35.3186],[-50.9347,-35.3184],[-50.935,-35.3183],[-50.9353,-35.3181],[-50.9356,-35.3179],[-50.9358,-35.3177],[-50.9361,-35.3176],[-50.9364,-35.3174],[-50.9367,-35.3172],[-50.937,-35.317],[-50.9372,-35.3168],[-50.9375,-35.3167],[-50.9378,-35.3165],[-50.9381,-35.3163],[-50.9383,-35.3161],[-50.9386,-35.316],[-50.9389,-35.3158],[-50.9392,-35.3156],[-50.9395,-35.3154],[-50.9397,-35.3152],[-50.94,-35.3151],[-50.9403,-35.3149],[-50.9406,-35.3147],[-50.9408,-35.3145],[-50.9411,-35.3144],[-50.9414,-35.3142],[-50.9417,-35.314],[-50.9419,-35.3138],[-50.9422,-35.3136],[-50.9425,-35.3135],[-50.9428,-35.3133],[-50.9431,-35.3131],[-50.9433,-35.3129],[-50.9436,-35.3128],[-50.9439,-35.3126],[-50.9442,-35.3124],[-50.9444,-35.3122],[-50.9447,-35.312],[-50.945,-35.3119],[-50.9453,-35.3117],[-50.9456,-35.3115],[-50.9458,-35.3113],[-50.9461,-35.3112],[-50.9464,-35.311],[-50.9467,-35.3108],[-50.9469,-35.3106],[-50.9472,-35.3104],[-50.9475,-35.3103],[-50.9478,-35.3101],[-50.9481,-35.3099],[-50.9483,-35.3097],[-50.9486,-35.3096],[-50.9489,-35.3094],[-50.9492,-35.3092],[-50.9494,-35.309],[-50.9497,-35.3089],[-50.95,-35.3087],[-50.9503,-35.3085],[-50.9505,-35.3083],[-50.9508,-35.3081],[-50.9511,-35.308],[-50.9514,-35.3078],[-50.9517,-35.3076],[-50.9519,-35.3074],[-50.9522,-35.3073],[-50.9525,-35.3071],[-50.9528,-35.3069],[-50.953,-35.3067],[-50.9533,-35.3065],[-50.9536,-35.3064],[-50.9539,-35.3062],[-50.9542,-35.306],[-50.9544,-35.3058],[-50.9547,-35.3057],[-50.955,-35.3055],[-50.9553,-35.3053],[-50.9555,-35.3051],[-50.9558,-35.3049],[-50.9561,-35.3048],[-50.9564,-35.3046],[-50.9567,-35.3044],[-50.9569,-35.3042],[-50.9572,-35.3041],[-50.9575,-35.3039],[-50.9578,-35.3037],[-50.958,-35.3035],[-50.9583,-35.3033],[-50.9586,-35.3032],[-50.9589,-35.303],[-50.9591,-35.3028],[-50.9594,-35.3026],[-50.9597,-35.3025],[-50.96,-35.3023],[-50.9603,-35.3021],[-50.9605,-35.3019],[-50.9608,-35.3017],[-50.9611,-35.3016],[-50.9614,-35.3014],[-50.9616,-35.3012],[-50.9619,-35.301],[-50.9622,-35.3009],[-50.9625,-35.3007],[-50.9628,-35.3005],[-50.963,-35.3003],[-50.9633,-35.3001],[-50.9636,-35.3],[-50.9639,-35.2998],[-50.9641,-35.2996],[-50.9644,-35.2994],[-50.9647,-35.2993],[-50.965,-35.2991],[-50.9652,-35.2989],[-50.9655,-35.2987],[-50.9658,-35.2985],[-50.9661,-35.2984],[-50.9664,-35.2982],[-50.9666,-35.298],[-50.9669,-35.2978],[-50.9672,-35.2977],[-50.9675,-35.2975],[-50.9677,-35.2973],[-50.968,-35.2971],[-50.9683,-35.2969],[-50.9686,-35.2968],[-50.9689,-35.2966],[-50.9691,-35.2964],[-50.9694,-35.2962],[-50.9697,-35.2961],[-50.97,-35.2959],[-50.9702,-35.2957],[-50.9705,-35.2955],[-50.9708,-35.2954],[-50.9711,-35.2952],[-50.9714,-35.295],[-50.9716,-35.2948],[-50.9719,-35.2946],[-50.9722,-35.2945],[-50.9725,-35.2943],[-50.9727,-35.2941],[-50.973,-35.2939],[-50.9733,-35.2938],[-50.9736,-35.2936],[-50.9738,-35.2934],[-50.9741,-35.2932],[-50.9744,-35.293],[-50.9747,-35.2929],[-50.975,-35.2927],[-50.9752,-35.2925],[-50.9755,-35.2923],[-50.9758,-35.2922],[-50.9761,-35.292],[-50.9763,-35.2918],[-50.9766,-35.2916],[-50.9769,-35.2914],[-50.9772,-35.2913],[-50.9775,-35.2911],[-50.9777,-35.2909],[-50.978,-35.2907],[-50.9783,-35.2906],[-50.9786,-35.2904],[-50.9788,-35.2902],[-50.9791,-35.29],[-50.9794,-35.2898],[-50.9797,-35.2897],[-50.9799,-35.2895],[-50.9802,-35.2893],[-50.9805,-35.2891],[-50.9808,-35.289],[-50.9811,-35.2888],[-50.9813,-35.2886],[-50.9816,-35.2884],[-50.9819,-35.2882],[-50.9822,-35.2881],[-50.9824,-35.2879],[-50.9827,-35.2877],[-50.983,-35.2875],[-50.9833,-35.2874],[-50.9836,-35.2872],[-50.9838,-35.287],[-50.9841,-35.2868],[-50.9844,-35.2866],[-50.9847,-35.2865],[-50.9849,-35.2863],[-50.9852,-35.2861],[-50.9855,-35.2859],[-50.9858,-35.2858],[-50.986,-35.2856],[-50.9863,-35.2854],[-50.9866,-35.2852],[-50.9869,-35.285],[-50.9872,-35.2849],[-50.9874,-35.2847],[-50.9877,-35.2845],[-50.988,-35.2843],[-50.9883,-35.2842],[-50.9885,-35.284],[-50.9888,-35.2838],[-50.9891,-35.2836],[-50.9894,-35.2834],[-50.9897,-35.2833],[-50.9899,-35.2831],[-50.9902,-35.2829],[-50.9905,-35.2827],[-50.9908,-35.2826],[-50.991,-35.2824],[-50.9913,-35.2822],[-50.9916,-35.282],[-50.9919,-35.2818],[-50.9921,-35.2817],[-50.9924,-35.2815],[-50.9927,-35.2813],[-50.993,-35.2811],[-50.9933,-35.281],[-50.9935,-35.2808],[-50.9938,-35.2806],[-50.9941,-35.2804],[-50.9944,-35.2803],[-50.9946,-35.2801],[-50.9949,-35.2799],[-50.9952,-35.2797],[-50.9955,-35.2795],[-50.9958,-35.2794],[-50.996,-35.2792],[-50.9963,-35.279],[-50.9966,-35.2788],[-50.9969,-35.2787],[-50.9971,-35.2785],[-50.9974,-35.2783],[-50.9977,-35.2781],[-50.998,-35.2779],[-50.9982,-35.2778],[-50.9985,-35.2776],[-50.9988,-35.2774],[-50.9991,-35.2772],[-50.9994,-35.2771],[-50.9996,-35.2769],[-50.9999,-35.2767],[-51.0002,-35.2765],[-51.0005,-35.2763],[-51.0007,-35.2762],[-51.001,-35.276],[-51.0013,-35.2758],[-51.0016,-35.2756],[-51.0019,-35.2755],[-51.0021,-35.2753],[-51.0024,-35.2751],[-51.0027,-35.2749],[-51.003,-35.2747],[-51.0032,-35.2746],[-51.0035,-35.2744],[-51.0038,-35.2742],[-51.0041,-35.274],[-51.0043,-35.2739],[-51.0046,-35.2737],[-51.0049,-35.2735],[-51.0052,-35.2733],[-51.0055,-35.2731],[-51.0057,-35.273],[-51.006,-35.2728],[-51.0063,-35.2726],[-51.0066,-35.2724],[-51.0068,-35.2723],[-51.0071,-35.2721],[-51.0074,-35.2719],[-51.0077,-35.2717],[-51.008,-35.2715],[-51.0082,-35.2714],[-51.0085,-35.2712],[-51.0088,-35.271],[-51.0091,-35.2708],[-51.0093,-35.2707],[-51.0096,-35.2705],[-51.0099,-35.2703],[-51.0102,-35.2701],[-51.0104,-35.2699],[-51.0107,-35.2698],[-51.011,-35.2696],[-51.0113,-35.2694],[-51.0116,-35.2692],[-51.0118,-35.2691],[-51.0121,-35.2689],[-51.0124,-35.2687],[-51.0127,-35.2685],[-51.0129,-35.2683],[-51.0132,-35.2682],[-51.0135,-35.268],[-51.0138,-35.2678],[-51.0141,-35.2676],[-51.0143,-35.2675],[-51.0146,-35.2673],[-51.0149,-35.2671],[-51.0152,-35.2669],[-51.0154,-35.2667],[-51.0157,-35.2666],[-51.016,-35.2664],[-51.0163,-35.2662],[-51.0165,-35.266],[-51.0168,-35.2659],[-51.0171,-35.2657],[-51.0174,-35.2655],[-51.0177,-35.2653],[-51.0179,-35.2652],[-51.0182,-35.265],[-51.0185,-35.2648],[-51.0188,-35.2646],[-51.019,-35.2644],[-51.0193,-35.2643],[-51.0196,-35.2641],[-51.0199,-35.2639],[-51.0202,-35.2637],[-51.0204,-35.2636],[-51.0207,-35.2634],[-51.021,-35.2632],[-51.0213,-35.263],[-51.0215,-35.2628],[-51.0218,-35.2627],[-51.0221,-35.2625],[-51.0224,-35.2623],[-51.0226,-35.2621],[-51.0229,-35.262],[-51.0232,-35.2618],[-51.0235,-35.2616],[-51.0238,-35.2614],[-51.024,-35.2612],[-51.0243,-35.2611],[-51.0246,-35.2609],[-51.0249,-35.2607],[-51.0251,-35.2605],[-51.0254,-35.2604],[-51.0257,-35.2602],[-51.026,-35.26],[-51.0263,-35.2598],[-51.0265,-35.2596],[-51.0268,-35.2595],[-51.0271,-35.2593],[-51.0274,-35.2591],[-51.0276,-35.2589],[-51.0279,-35.2588],[-51.0282,-35.2586],[-51.0285,-35.2584],[-51.0287,-35.2582],[-51.029,-35.258],[-51.0293,-35.2579],[-51.0296,-35.2577],[-51.0299,-35.2575],[-51.0301,-35.2573],[-51.0304,-35.2572],[-51.0307,-35.257],[-51.031,-35.2568],[-51.0312,-35.2566],[-51.0315,-35.2564],[-51.0318,-35.2563],[-51.0321,-35.2561],[-51.0323,-35.2559],[-51.0326,-35.2557],[-51.0329,-35.2556],[-51.0332,-35.2554],[-51.0335,-35.2552],[-51.0337,-35.255],[-51.034,-35.2548],[-51.0343,-35.2547],[-51.0346,-35.2545],[-51.0348,-35.2543],[-51.0351,-35.2541],[-51.0354,-35.254],[-51.0357,-35.2538],[-51.036,-35.2536],[-51.0362,-35.2534],[-51.0365,-35.2532],[-51.0368,-35.2531],[-51.0371,-35.2529],[-51.0373,-35.2527],[-51.0376,-35.2525],[-51.0379,-35.2524],[-51.0382,-35.2522],[-51.0384,-35.252],[-51.0387,-35.2518],[-51.039,-35.2516],[-51.0393,-35.2515],[-51.0396,-35.2513],[-51.0398,-35.2511],[-51.0401,-35.2509],[-51.0404,-35.2508],[-51.0407,-35.2506],[-51.0409,-35.2504],[-51.0412,-35.2502],[-51.0415,-35.2501],[-51.0418,-35.2499],[-51.0421,-35.2497],[-51.0423,-35.2495],[-51.0426,-35.2493],[-51.0429,-35.2492],[-51.0432,-35.249],[-51.0434,-35.2488],[-51.0437,-35.2486],[-51.044,-35.2485],[-51.0443,-35.2483],[-51.0445,-35.2481],[-51.0448,-35.2479],[-51.0451,-35.2477],[-51.0454,-35.2476],[-51.0457,-35.2474],[-51.0459,-35.2472],[-51.0462,-35.247],[-51.0465,-35.2469],[-51.0468,-35.2467],[-51.047,-35.2465],[-51.0473,-35.2463],[-51.0476,-35.2461],[-51.0479,-35.246],[-51.0481,-35.2458],[-51.0484,-35.2456],[-51.0487,-35.2454],[-51.049,-35.2453],[-51.0493,-35.2451],[-51.0495,-35.2449],[-51.0498,-35.2447],[-51.0501,-35.2445],[-51.0504,-35.2444],[-51.0506,-35.2442],[-51.0509,-35.244],[-51.0512,-35.2438],[-51.0515,-35.2437],[-51.0518,-35.2435],[-51.052,-35.2433],[-51.0523,-35.2431],[-51.0526,-35.2429],[-51.0529,-35.2428],[-51.0531,-35.2426],[-51.0534,-35.2424],[-51.0537,-35.2422],[-51.054,-35.2421],[-51.0542,-35.2419],[-51.0545,-35.2417],[-51.0548,-35.2415],[-51.0551,-35.2413],[-51.0554,-35.2412],[-51.0556,-35.241],[-51.0559,-35.2408],[-51.0562,-35.2406],[-51.0565,-35.2405],[-51.0567,-35.2403],[-51.057,-35.2401],[-51.0573,-35.2399],[-51.0576,-35.2397],[-51.0578,-35.2396],[-51.0581,-35.2394],[-51.0584,-35.2392],[-51.0587,-35.239],[-51.059,-35.2389],[-51.0592,-35.2387],[-51.0595,-35.2385],[-51.0598,-35.2383],[-51.0601,-35.2381],[-51.0603,-35.238],[-51.0606,-35.2378],[-51.0609,-35.2376],[-51.0612,-35.2374],[-51.0615,-35.2373],[-51.0617,-35.2371],[-51.062,-35.2369],[-51.0623,-35.2367],[-51.0626,-35.2366],[-51.0628,-35.2364],[-51.0631,-35.2362],[-51.0634,-35.236],[-51.0637,-35.2358],[-51.0639,-35.2357],[-51.0642,-35.2355],[-51.0645,-35.2353],[-51.0648,-35.2351],[-51.0651,-35.235],[-51.0653,-35.2348],[-51.0656,-35.2346],[-51.0659,-35.2344],[-51.0662,-35.2342],[-51.0664,-35.2341],[-51.0667,-35.2339],[-51.067,-35.2337],[-51.0673,-35.2335],[-51.0675,-35.2334],[-51.0678,-35.2332],[-51.0681,-35.233],[-51.0684,-35.2328],[-51.0687,-35.2326],[-51.0689,-35.2325],[-51.0692,-35.2323],[-51.0695,-35.2321],[-51.0698,-35.2319],[-51.07,-35.2318],[-51.0703,-35.2316],[-51.0706,-35.2314],[-51.0709,-35.2312],[-51.0712,-35.231],[-51.0714,-35.2309],[-51.0717,-35.2307],[-51.072,-35.2305],[-51.0723,-35.2303],[-51.0725,-35.2302],[-51.0728,-35.23],[-51.0731,-35.2298],[-51.0734,-35.2296],[-51.0736,-35.2294],[-51.0739,-35.2293],[-51.0742,-35.2291],[-51.0745,-35.2289],[-51.0748,-35.2287],[-51.075,-35.2286],[-51.0753,-35.2284],[-51.0756,-35.2282],[-51.0759,-35.228],[-51.0761,-35.2278],[-51.0764,-35.2277],[-51.0767,-35.2275],[-51.077,-35.2273],[-51.0772,-35.2271],[-51.0775,-35.227],[-51.0778,-35.2268],[-51.0781,-35.2266],[-51.0784,-35.2264],[-51.0786,-35.2262],[-51.0789,-35.2261],[-51.0792,-35.2259],[-51.0795,-35.2257],[-51.0797,-35.2255],[-51.08,-35.2254],[-51.0803,-35.2252],[-51.0806,-35.225],[-51.0809,-35.2248],[-51.0811,-35.2246],[-51.0814,-35.2245],[-51.0817,-35.2243],[-51.082,-35.2241],[-51.0822,-35.2239],[-51.0825,-35.2238],[-51.0828,-35.2236],[-51.0831,-35.2234],[-51.0833,-35.2232],[-51.0836,-35.223],[-51.0839,-35.2229],[-51.0842,-35.2227],[-51.0845,-35.2225],[-51.0847,-35.2223],[-51.085,-35.2222],[-51.0853,-35.222],[-51.0856,-35.2218],[-51.0858,-35.2216],[-51.0861,-35.2215],[-51.0864,-35.2213],[-51.0867,-35.2211],[-51.0869,-35.2209],[-51.0872,-35.2207],[-51.0875,-35.2206],[-51.0878,-35.2204],[-51.0881,-35.2202],[-51.0883,-35.22],[-51.0886,-35.2199],[-51.0889,-35.2197],[-51.0892,-35.2195],[-51.0894,-35.2193],[-51.0897,-35.2191],[-51.09,-35.219],[-51.0903,-35.2188],[-51.0905,-35.2186],[-51.0908,-35.2184],[-51.0911,-35.2183],[-51.0914,-35.2181],[-51.0917,-35.2179],[-51.0919,-35.2177],[-51.0922,-35.2175],[-51.0925,-35.2174],[-51.0928,-35.2172],[-51.093,-35.217],[-51.0933,-35.2168],[-51.0936,-35.2167],[-51.0939,-35.2165],[-51.0941,-35.2163],[-51.0944,-35.2161],[-51.0947,-35.2159],[-51.095,-35.2158],[-51.0953,-35.2156],[-51.0955,-35.2154],[-51.0958,-35.2152],[-51.0961,-35.2151],[-51.0964,-35.2149],[-51.0966,-35.2147],[-51.0969,-35.2145],[-51.0972,-35.2143],[-51.0975,-35.2142],[-51.0978,-35.214],[-51.098,-35.2138],[-51.0983,-35.2136],[-51.0986,-35.2135],[-51.0989,-35.2133],[-51.0991,-35.2131],[-51.0994,-35.2129],[-51.0997,-35.2127],[-51.1,-35.2126],[-51.1002,-35.2124],[-51.1005,-35.2122],[-51.1008,-35.212],[-51.1011,-35.2119],[-51.1014,-35.2117],[-51.1016,-35.2115],[-51.1019,-35.2113],[-51.1022,-35.2111],[-51.1025,-35.211],[-51.1027,-35.2108],[-51.103,-35.2106],[-51.1033,-35.2104],[-51.1036,-35.2103],[-51.1038,-35.2101],[-51.1041,-35.2099],[-51.1044,-35.2097],[-51.1047,-35.2095],[-51.105,-35.2094],[-51.1052,-35.2092],[-51.1055,-35.209],[-51.1058,-35.2088],[-51.1061,-35.2087],[-51.1063,-35.2085],[-51.1066,-35.2083],[-51.1069,-35.2081],[-51.1072,-35.2079],[-51.1074,-35.2078],[-51.1077,-35.2076],[-51.108,-35.2074],[-51.1083,-35.2072],[-51.1086,-35.2071],[-51.1088,-35.2069],[-51.1091,-35.2067],[-51.1094,-35.2065],[-51.1097,-35.2064],[-51.1099,-35.2062],[-51.1102,-35.206],[-51.1105,-35.2058],[-51.1108,-35.2056],[-51.111,-35.2055],[-51.1113,-35.2053],[-51.1116,-35.2051],[-51.1119,-35.2049],[-51.1122,-35.2048],[-51.1124,-35.2046],[-51.1127,-35.2044],[-51.113,-35.2042],[-51.1133,-35.204],[-51.1135,-35.2039],[-51.1138,-35.2037],[-51.1141,-35.2035],[-51.1144,-35.2033],[-51.1147,-35.2032],[-51.1149,-35.203],[-51.1152,-35.2028],[-51.1155,-35.2026],[-51.1158,-35.2024],[-51.116,-35.2023],[-51.1163,-35.2021],[-51.1166,-35.2019],[-51.1169,-35.2017],[-51.1171,-35.2016],[-51.1174,-35.2014],[-51.1177,-35.2012],[-51.118,-35.201],[-51.1183,-35.2008],[-51.1185,-35.2007],[-51.1188,-35.2005],[-51.1191,-35.2003],[-51.1194,-35.2001],[-51.1196,-35.2],[-51.1199,-35.1998],[-51.1202,-35.1996],[-51.1205,-35.1994],[-51.1207,-35.1992],[-51.121,-35.1991],[-51.1213,-35.1989],[-51.1216,-35.1987],[-51.1219,-35.1985],[-51.1221,-35.1984],[-51.1224,-35.1982],[-51.1227,-35.198],[-51.123,-35.1978],[-51.1232,-35.1976],[-51.1235,-35.1975],[-51.1238,-35.1973],[-51.1241,-35.1971],[-51.1243,-35.1969],[-51.1246,-35.1968],[-51.1249,-35.1966],[-51.1252,-35.1964],[-51.1255,-35.1962],[-51.1257,-35.196],[-51.126,-35.1959],[-51.1263,-35.1957],[-51.1266,-35.1955],[-51.1268,-35.1953],[-51.1271,-35.1952],[-51.1274,-35.195],[-51.1277,-35.1948],[-51.1279,-35.1946],[-51.1282,-35.1944],[-51.1285,-35.1943],[-51.1288,-35.1941],[-51.1291,-35.1939],[-51.1293,-35.1937],[-51.1296,-35.1936],[-51.1299,-35.1934],[-51.1302,-35.1932],[-51.1304,-35.193],[-51.1307,-35.1928],[-51.131,-35.1927],[-51.1313,-35.1925],[-51.1315,-35.1923],[-51.1318,-35.1921],[-51.1321,-35.192],[-51.1324,-35.1918],[-51.1327,-35.1916],[-51.1329,-35.1914],[-51.1332,-35.1913],[-51.1335,-35.1911],[-51.1338,-35.1909],[-51.134,-35.1907],[-51.1343,-35.1905],[-51.1346,-35.1904],[-51.1349,-35.1902],[-51.1351,-35.19],[-51.1354,-35.1898],[-51.1357,-35.1897],[-51.136,-35.1895],[-51.1363,-35.1893],[-51.1365,-35.1891],[-51.1368,-35.1889],[-51.1371,-35.1888],[-51.1374,-35.1886],[-51.1376,-35.1884],[-51.1379,-35.1882],[-51.1382,-35.1881],[-51.1385,-35.1879],[-51.1387,-35.1877],[-51.139,-35.1875],[-51.1393,-35.1873],[-51.1396,-35.1872],[-51.1399,-35.187],[-51.1401,-35.1868],[-51.1404,-35.1866],[-51.1407,-35.1865],[-51.141,-35.1863],[-51.1412,-35.1861],[-51.1415,-35.1859],[-51.1418,-35.1857],[-51.1421,-35.1856],[-51.1424,-35.1854],[-51.1426,-35.1852],[-51.1429,-35.185],[-51.1432,-35.1849],[-51.1435,-35.1847],[-51.1437,-35.1845],[-51.144,-35.1843],[-51.1443,-35.1841],[-51.1446,-35.184],[-51.1448,-35.1838],[-51.1451,-35.1836],[-51.1454,-35.1834],[-51.1457,-35.1833],[-51.146,-35.1831],[-51.1462,-35.1829],[-51.1465,-35.1827],[-51.1468,-35.1825],[-51.1471,-35.1824],[-51.1473,-35.1822],[-51.1476,-35.182],[-51.1479,-35.1818],[-51.1482,-35.1817],[-51.1484,-35.1815],[-51.1487,-35.1813],[-51.149,-35.1811],[-51.1493,-35.1809],[-51.1496,-35.1808],[-51.1498,-35.1806],[-51.1501,-35.1804],[-51.1504,-35.1802],[-51.1507,-35.1801],[-51.1509,-35.1799],[-51.1512,-35.1797],[-51.1515,-35.1795],[-51.1518,-35.1793],[-51.152,-35.1792],[-51.1523,-35.179],[-51.1526,-35.1788],[-51.1529,-35.1786],[-51.1532,-35.1785],[-51.1534,-35.1783],[-51.1537,-35.1781],[-51.154,-35.1779],[-51.1543,-35.1777],[-51.1545,-35.1776],[-51.1548,-35.1774],[-51.1551,-35.1772],[-51.1554,-35.177],[-51.1556,-35.1769],[-51.1559,-35.1767],[-51.1562,-35.1765],[-51.1565,-35.1763],[-51.1568,-35.1762],[-51.157,-35.176],[-51.1573,-35.1758],[-51.1576,-35.1756],[-51.1579,-35.1754],[-51.1581,-35.1753],[-51.1584,-35.1751],[-51.1587,-35.1749],[-51.159,-35.1747],[-51.1592,-35.1746],[-51.1595,-35.1744],[-51.1598,-35.1742],[-51.1601,-35.174],[-51.1604,-35.1738],[-51.1606,-35.1737],[-51.1609,-35.1735],[-51.1612,-35.1733],[-51.1615,-35.1731],[-51.1617,-35.173],[-51.162,-35.1728],[-51.1623,-35.1726],[-51.1626,-35.1724],[-51.1628,-35.1722],[-51.1631,-35.1721],[-51.1634,-35.1719],[-51.1637,-35.1717],[-51.164,-35.1715],[-51.1642,-35.1714],[-51.1645,-35.1712],[-51.1648,-35.171],[-51.1651,-35.1708],[-51.1653,-35.1706],[-51.1656,-35.1705],[-51.1659,-35.1703],[-51.1662,-35.1701],[-51.1664,-35.1699],[-51.1667,-35.1698],[-51.167,-35.1696],[-51.1673,-35.1694],[-51.1676,-35.1692],[-51.1678,-35.169],[-51.1681,-35.1689],[-51.1684,-35.1687],[-51.1687,-35.1685],[-51.1689,-35.1683],[-51.1692,-35.1682],[-51.1695,-35.168],[-51.1698,-35.1678],[-51.17,-35.1676],[-51.1703,-35.1674],[-51.1706,-35.1673],[-51.1709,-35.1671],[-51.1712,-35.1669],[-51.1714,-35.1667],[-51.1717,-35.1666],[-51.172,-35.1664],[-51.1723,-35.1662],[-51.1725,-35.166],[-51.1728,-35.1658],[-51.1731,-35.1657],[-51.1734,-35.1655],[-51.1736,-35.1653],[-51.1739,-35.1651],[-51.1742,-35.165],[-51.1745,-35.1648],[-51.1748,-35.1646],[-51.175,-35.1644],[-51.1753,-35.1642],[-51.1756,-35.1641],[-51.1759,-35.1639],[-51.1761,-35.1637],[-51.1764,-35.1635],[-51.1767,-35.1634],[-51.177,-35.1632],[-51.1772,-35.163],[-51.1775,-35.1628],[-51.1778,-35.1626],[-51.1781,-35.1625],[-51.1784,-35.1623],[-51.1786,-35.1621],[-51.1789,-35.1619],[-51.1792,-35.1618],[-51.1795,-35.1616],[-51.1797,-35.1614],[-51.18,-35.1612],[-51.1803,-35.1611],[-51.1806,-35.1609],[-51.1808,-35.1607],[-51.1811,-35.1605],[-51.1814,-35.1603],[-51.1817,-35.1602],[-51.1819,-35.16],[-51.1822,-35.1598],[-51.1825,-35.1596],[-51.1828,-35.1595],[-51.1831,-35.1593],[-51.1833,-35.1591],[-51.1836,-35.1589],[-51.1839,-35.1587],[-51.1842,-35.1586],[-51.1844,-35.1584],[-51.1847,-35.1582],[-51.185,-35.158],[-51.1853,-35.1579],[-51.1855,-35.1577],[-51.1858,-35.1575],[-51.1861,-35.1573],[-51.1864,-35.1571],[-51.1867,-35.157],[-51.1869,-35.1568],[-51.1872,-35.1566],[-51.1875,-35.1564],[-51.1878,-35.1563],[-51.188,-35.1561],[-51.1883,-35.1559],[-51.1886,-35.1557],[-51.1889,-35.1555],[-51.1891,-35.1554],[-51.1894,-35.1552],[-51.1897,-35.155],[-51.19,-35.1548],[-51.1903,-35.1547],[-51.1905,-35.1545],[-51.1908,-35.1543],[-51.1911,-35.1541],[-51.1914,-35.1539],[-51.1916,-35.1538],[-51.1919,-35.1536],[-51.1922,-35.1534],[-51.1925,-35.1532],[-51.1927,-35.1531],[-51.193,-35.1529],[-51.1933,-35.1527],[-51.1936,-35.1525],[-51.1939,-35.1523],[-51.1941,-35.1522],[-51.1944,-35.152],[-51.1947,-35.1518],[-51.195,-35.1516],[-51.1952,-35.1515],[-51.1955,-35.1513],[-51.1958,-35.1511],[-51.1961,-35.1509],[-51.1963,-35.1507],[-51.1966,-35.1506],[-51.1969,-35.1504],[-51.1972,-35.1502],[-51.1975,-35.15],[-51.1977,-35.1499],[-51.198,-35.1497],[-51.1983,-35.1495],[-51.1986,-35.1493],[-51.1988,-35.1491],[-51.1991,-35.149],[-51.1994,-35.1488],[-51.1997,-35.1486],[-51.1999,-35.1484],[-51.2002,-35.1483],[-51.2005,-35.1481],[-51.2008,-35.1479],[-51.2011,-35.1477],[-51.2013,-35.1475],[-51.2016,-35.1474],[-51.2019,-35.1472],[-51.2022,-35.147],[-51.2024,-35.1468],[-51.2027,-35.1467],[-51.203,-35.1465],[-51.2033,-35.1463],[-51.2035,-35.1461],[-51.2038,-35.146],[-51.2041,-35.1458],[-51.2044,-35.1456],[-51.2047,-35.1454],[-51.2049,-35.1452],[-51.2052,-35.1451],[-51.2055,-35.1449],[-51.2058,-35.1447],[-51.206,-35.1445],[-51.2063,-35.1444],[-51.2066,-35.1442],[-51.2069,-35.144],[-51.2071,-35.1438],[-51.2074,-35.1436],[-51.2077,-35.1435],[-51.208,-35.1433],[-51.2083,-35.1431],[-51.2085,-35.1429],[-51.2088,-35.1428],[-51.2091,-35.1426],[-51.2094,-35.1424],[-51.2096,-35.1422],[-51.2099,-35.142],[-51.2102,-35.1419],[-51.2105,-35.1417],[-51.2107,-35.1415],[-51.211,-35.1413],[-51.2113,-35.1412],[-51.2116,-35.141],[-51.2118,-35.1408],[-51.2121,-35.1406],[-51.2124,-35.1404],[-51.2127,-35.1403],[-51.213,-35.1401],[-51.2132,-35.1399],[-51.2135,-35.1397],[-51.2138,-35.1396],[-51.2141,-35.1394],[-51.2143,-35.1392],[-51.2146,-35.139],[-51.2149,-35.1388],[-51.2152,-35.1387],[-51.2154,-35.1385],[-51.2157,-35.1383],[-51.216,-35.1381],[-51.2163,-35.138],[-51.2166,-35.1378],[-51.2168,-35.1376],[-51.2171,-35.1374],[-51.2174,-35.1372],[-51.2177,-35.1371],[-51.2179,-35.1369],[-51.2182,-35.1367],[-51.2185,-35.1365],[-51.2188,-35.1364],[-51.219,-35.1362],[-51.2193,-35.136],[-51.2196,-35.1358],[-51.2199,-35.1356],[-51.2202,-35.1355],[-51.2204,-35.1353],[-51.2207,-35.1351],[-51.221,-35.1349],[-51.2213,-35.1348],[-51.2215,-35.1346],[-51.2218,-35.1344],[-51.2221,-35.1342],[-51.2224,-35.134],[-51.2226,-35.1339],[-51.2229,-35.1337],[-51.2232,-35.1335],[-51.2235,-35.1333],[-51.2238,-35.1332],[-51.224,-35.133],[-51.2243,-35.1328],[-51.2246,-35.1326],[-51.2249,-35.1324],[-51.2251,-35.1323],[-51.2254,-35.1321],[-51.2257,-35.1319],[-51.226,-35.1317],[-51.2262,-35.1316],[-51.2265,-35.1314],[-51.2268,-35.1312],[-51.2271,-35.131],[-51.2273,-35.1309],[-51.2276,-35.1307],[-51.2279,-35.1305],[-51.2282,-35.1303],[-51.2285,-35.1301],[-51.2287,-35.13],[-51.229,-35.1298],[-51.2293,-35.1296],[-51.2296,-35.1294],[-51.2298,-35.1293],[-51.2301,-35.1291],[-51.2304,-35.1289],[-51.2307,-35.1287],[-51.2309,-35.1285],[-51.2312,-35.1284],[-51.2315,-35.1282],[-51.2318,-35.128],[-51.2321,-35.1278],[-51.2323,-35.1277],[-51.2326,-35.1275],[-51.2329,-35.1273],[-51.2332,-35.1271],[-51.2334,-35.1269],[-51.2337,-35.1268],[-51.234,-35.1266],[-51.2343,-35.1264],[-51.2345,-35.1262],[-51.2348,-35.1261],[-51.2351,-35.1259],[-51.2354,-35.1257],[-51.2357,-35.1255],[-51.2359,-35.1253],[-51.2362,-35.1252],[-51.2365,-35.125],[-51.2368,-35.1248],[-51.237,-35.1246],[-51.2373,-35.1245],[-51.2376,-35.1243],[-51.2379,-35.1241],[-51.2381,-35.1239],[-51.2384,-35.1237],[-51.2387,-35.1236],[-51.239,-35.1234],[-51.2392,-35.1232],[-51.2395,-35.123],[-51.2398,-35.1229],[-51.2401,-35.1227],[-51.2404,-35.1225],[-51.2406,-35.1223],[-51.2409,-35.1221],[-51.2412,-35.122],[-51.2415,-35.1218],[-51.2417,-35.1216],[-51.242,-35.1214],[-51.2423,-35.1213],[-51.2426,-35.1211],[-51.2428,-35.1209],[-51.2431,-35.1207],[-51.2434,-35.1205],[-51.2437,-35.1204],[-51.244,-35.1202],[-51.2442,-35.12],[-51.2445,-35.1198],[-51.2448,-35.1197],[-51.2451,-35.1195],[-51.2453,-35.1193],[-51.2456,-35.1191],[-51.2459,-35.1189],[-51.2462,-35.1188],[-51.2464,-35.1186],[-51.2467,-35.1184],[-51.247,-35.1182],[-51.2473,-35.1181],[-51.2476,-35.1179],[-51.2478,-35.1177],[-51.2481,-35.1175],[-51.2484,-35.1173],[-51.2487,-35.1172],[-51.2489,-35.117],[-51.2492,-35.1168],[-51.2495,-35.1166],[-51.2498,-35.1165],[-51.25,-35.1163],[-51.2503,-35.1161],[-51.2506,-35.1159],[-51.2509,-35.1158],[-51.2511,-35.1156],[-51.2514,-35.1154],[-51.2517,-35.1152],[-51.252,-35.115],[-51.2523,-35.1149],[-51.2525,-35.1147],[-51.2528,-35.1145],[-51.2531,-35.1143],[-51.2534,-35.1142],[-51.2536,-35.114],[-51.2539,-35.1138],[-51.2542,-35.1136],[-51.2545,-35.1134],[-51.2547,-35.1133],[-51.255,-35.1131],[-51.2553,-35.1129],[-51.2556,-35.1127],[-51.2559,-35.1126],[-51.2561,-35.1124],[-51.2564,-35.1122],[-51.2567,-35.112],[-51.257,-35.1118],[-51.2572,-35.1117],[-51.2575,-35.1115],[-51.2578,-35.1113],[-51.2581,-35.1111],[-51.2583,-35.111],[-51.2586,-35.1108],[-51.2589,-35.1106],[-51.2592,-35.1104],[-51.2595,-35.1102],[-51.2597,-35.1101],[-51.26,-35.1099],[-51.2603,-35.1097],[-51.2606,-35.1095],[-51.2608,-35.1094],[-51.2611,-35.1092],[-51.2614,-35.109],[-51.2617,-35.1088],[-51.2619,-35.1086],[-51.2622,-35.1085],[-51.2625,-35.1083],[-51.2628,-35.1081],[-51.263,-35.1079],[-51.2633,-35.1078],[-51.2636,-35.1076],[-51.2639,-35.1074],[-51.2642,-35.1072],[-51.2644,-35.107],[-51.2647,-35.1069],[-51.265,-35.1067],[-51.2653,-35.1065],[-51.2655,-35.1063],[-51.2658,-35.1062],[-51.2661,-35.106],[-51.2664,-35.1058],[-51.2666,-35.1056],[-51.2669,-35.1054],[-51.2672,-35.1053],[-51.2675,-35.1051],[-51.2678,-35.1049],[-51.268,-35.1047],[-51.2683,-35.1046],[-51.2686,-35.1044],[-51.2689,-35.1042],[-51.2691,-35.104],[-51.2694,-35.1038],[-51.2697,-35.1037],[-51.27,-35.1035],[-51.2702,-35.1033],[-51.2705,-35.1031],[-51.2708,-35.103],[-51.2711,-35.1028],[-51.2713,-35.1026],[-51.2716,-35.1024],[-51.2719,-35.1022],[-51.2722,-35.1021],[-51.2725,-35.1019],[-51.2727,-35.1017],[-51.273,-35.1015],[-51.2733,-35.1014],[-51.2736,-35.1012],[-51.2738,-35.101],[-51.2741,-35.1008],[-51.2744,-35.1007],[-51.2747,-35.1005],[-51.2749,-35.1003],[-51.2752,-35.1001],[-51.2755,-35.0999],[-51.2758,-35.0998],[-51.2761,-35.0996],[-51.2763,-35.0994],[-51.2766,-35.0992],[-51.2769,-35.0991],[-51.2772,-35.0989],[-51.2774,-35.0987],[-51.2777,-35.0985],[-51.278,-35.0983],[-51.2783,-35.0982],[-51.2785,-35.098],[-51.2788,-35.0978],[-51.2791,-35.0976],[-51.2794,-35.0975],[-51.2796,-35.0973],[-51.2799,-35.0971],[-51.2802,-35.0969],[-51.2805,-35.0967],[-51.2808,-35.0966],[-51.281,-35.0964],[-51.2813,-35.0962],[-51.2816,-35.096],[-51.2819,-35.0959],[-51.2821,-35.0957],[-51.2824,-35.0955],[-51.2827,-35.0953],[-51.283,-35.0951],[-51.2832,-35.095],[-51.2835,-35.0948],[-51.2838,-35.0946],[-51.2841,-35.0944],[-51.2844,-35.0943],[-51.2846,-35.0941],[-51.2849,-35.0939],[-51.2852,-35.0937],[-51.2855,-35.0935],[-51.2857,-35.0934],[-51.286,-35.0932],[-51.2863,-35.093],[-51.2866,-35.0928],[-51.2868,-35.0927],[-51.2871,-35.0925],[-51.2874,-35.0923],[-51.2877,-35.0921],[-51.2879,-35.0919],[-51.2882,-35.0918],[-51.2885,-35.0916],[-51.2888,-35.0914],[-51.2891,-35.0912],[-51.2893,-35.0911],[-51.2896,-35.0909],[-51.2899,-35.0907],[-51.2902,-35.0905],[-51.2904,-35.0903],[-51.2907,-35.0902],[-51.291,-35.09],[-51.2913,-35.0898],[-51.2915,-35.0896],[-51.2918,-35.0895],[-51.2921,-35.0893],[-51.2924,-35.0891],[-51.2927,-35.0889],[-51.2929,-35.0887],[-51.2932,-35.0886],[-51.2935,-35.0884],[-51.2938,-35.0882],[-51.294,-35.088],[-51.2943,-35.0879],[-51.2946,-35.0877],[-51.2949,-35.0875],[-51.2951,-35.0873],[-51.2954,-35.0871],[-51.2957,-35.087],[-51.296,-35.0868],[-51.2962,-35.0866],[-51.2965,-35.0864],[-51.2968,-35.0863],[-51.2971,-35.0861],[-51.2974,-35.0859],[-51.2976,-35.0857],[-51.2979,-35.0856],[-51.2982,-35.0854],[-51.2985,-35.0852],[-51.2987,-35.085],[-51.299,-35.0848],[-51.2993,-35.0847],[-51.2996,-35.0845],[-51.2998,-35.0843],[-51.3001,-35.0841],[-51.3004,-35.084],[-51.3007,-35.0838],[-51.301,-35.0836],[-51.3012,-35.0834],[-51.3015,-35.0832],[-51.3018,-35.0831],[-51.3021,-35.0829],[-51.3023,-35.0827],[-51.3026,-35.0825],[-51.3029,-35.0824],[-51.3032,-35.0822],[-51.3034,-35.082],[-51.3037,-35.0818],[-51.304,-35.0816],[-51.3043,-35.0815],[-51.3045,-35.0813],[-51.3048,-35.0811],[-51.3051,-35.0809],[-51.3054,-35.0808],[-51.3057,-35.0806],[-51.3059,-35.0804],[-51.3062,-35.0802],[-51.3065,-35.08],[-51.3068,-35.0799],[-51.307,-35.0797],[-51.3073,-35.0795],[-51.3076,-35.0793],[-51.3079,-35.0792],[-51.3081,-35.079],[-51.3084,-35.0788],[-51.3087,-35.0786],[-51.309,-35.0784],[-51.3092,-35.0783],[-51.3095,-35.0781],[-51.3098,-35.0779],[-51.3101,-35.0777],[-51.3104,-35.0776],[-51.3106,-35.0774],[-51.3109,-35.0772],[-51.3112,-35.077],[-51.3115,-35.0768],[-51.3117,-35.0767],[-51.312,-35.0765],[-51.3123,-35.0763],[-51.3126,-35.0761],[-51.3128,-35.076],[-51.3131,-35.0758],[-51.3134,-35.0756],[-51.3137,-35.0754],[-51.314,-35.0752],[-51.3142,-35.0751],[-51.3145,-35.0749],[-51.3148,-35.0747],[-51.3151,-35.0745],[-51.3153,-35.0744],[-51.3156,-35.0742],[-51.3159,-35.074],[-51.3162,-35.0738],[-51.3164,-35.0736],[-51.3167,-35.0735],[-51.317,-35.0733],[-51.3173,-35.0731],[-51.3175,-35.0729],[-51.3178,-35.0728],[-51.3181,-35.0726],[-51.3184,-35.0724],[-51.3187,-35.0722],[-51.3189,-35.072],[-51.3192,-35.0719],[-51.3195,-35.0717],[-51.3198,-35.0715],[-51.32,-35.0713],[-51.3203,-35.0712],[-51.3206,-35.071],[-51.3209,-35.0708],[-51.3211,-35.0706],[-51.3214,-35.0705],[-51.3217,-35.0703],[-51.322,-35.0701],[-51.3222,-35.0699],[-51.3225,-35.0697],[-51.3228,-35.0696],[-51.3231,-35.0694],[-51.3234,-35.0692],[-51.3236,-35.069],[-51.3239,-35.0689],[-51.3242,-35.0687],[-51.3245,-35.0685],[-51.3247,-35.0683],[-51.325,-35.0681],[-51.3253,-35.068],[-51.3256,-35.0678],[-51.3258,-35.0676],[-51.3261,-35.0674],[-51.3264,-35.0673],[-51.3267,-35.0671],[-51.3269,-35.0669],[-51.3272,-35.0667],[-51.3275,-35.0665],[-51.3278,-35.0664],[-51.3281,-35.0662],[-51.3283,-35.066],[-51.3286,-35.0658],[-51.3289,-35.0657],[-51.3292,-35.0655],[-51.3294,-35.0653],[-51.3297,-35.0651],[-51.33,-35.0649],[-51.3303,-35.0648],[-51.3305,-35.0646],[-51.3308,-35.0644],[-51.3311,-35.0642],[-51.3314,-35.0641],[-51.3317,-35.0639],[-51.3319,-35.0637],[-51.3322,-35.0635],[-51.3325,-35.0633],[-51.3328,-35.0632],[-51.333,-35.063],[-51.3333,-35.0628],[-51.3336,-35.0626],[-51.3339,-35.0625],[-51.3341,-35.0623],[-51.3344,-35.0621],[-51.3347,-35.0619],[-51.335,-35.0617],[-51.3352,-35.0616],[-51.3355,-35.0614],[-51.3358,-35.0612],[-51.3361,-35.061],[-51.3364,-35.0609],[-51.3366,-35.0607],[-51.3369,-35.0605],[-51.3372,-35.0603],[-51.3375,-35.0601],[-51.3377,-35.06],[-51.338,-35.0598],[-51.3383,-35.0596],[-51.3386,-35.0594],[-51.3388,-35.0593],[-51.3391,-35.0591],[-51.3394,-35.0589],[-51.3397,-35.0587],[-51.3399,-35.0585],[-51.3402,-35.0584],[-51.3405,-35.0582],[-51.3408,-35.058],[-51.3411,-35.0578],[-51.3413,-35.0577],[-51.3416,-35.0575],[-51.3419,-35.0573],[-51.3422,-35.0571],[-51.3424,-35.0569],[-51.3427,-35.0568],[-51.343,-35.0566],[-51.3433,-35.0564],[-51.3435,-35.0562],[-51.3438,-35.0561],[-51.3441,-35.0559],[-51.3444,-35.0557],[-51.3446,-35.0555],[-51.3449,-35.0554],[-51.3452,-35.0552],[-51.3455,-35.055],[-51.3458,-35.0548],[-51.346,-35.0546],[-51.3463,-35.0545],[-51.3466,-35.0543],[-51.3469,-35.0541],[-51.3471,-35.0539],[-51.3474,-35.0538],[-51.3477,-35.0536],[-51.348,-35.0534],[-51.3482,-35.0532],[-51.3485,-35.053],[-51.3488,-35.0529],[-51.3491,-35.0527],[-51.3493,-35.0525],[-51.3496,-35.0523],[-51.3499,-35.0522],[-51.3502,-35.052],[-51.3505,-35.0518],[-51.3507,-35.0516],[-51.351,-35.0514],[-51.3513,-35.0513],[-51.3516,-35.0511],[-51.3518,-35.0509],[-51.3521,-35.0507],[-51.3524,-35.0506],[-51.3527,-35.0504],[-51.3529,-35.0502],[-51.3532,-35.05],[-51.3535,-35.0498],[-51.3538,-35.0497],[-51.354,-35.0495],[-51.3543,-35.0493],[-51.3546,-35.0491],[-51.3549,-35.049],[-51.3552,-35.0488],[-51.3554,-35.0486],[-51.3557,-35.0484],[-51.356,-35.0482],[-51.3563,-35.0481],[-51.3565,-35.0479],[-51.3568,-35.0477],[-51.3571,-35.0475],[-51.3574,-35.0474],[-51.3576,-35.0472],[-51.3579,-35.047],[-51.3582,-35.0468],[-51.3585,-35.0466],[-51.3587,-35.0465],[-51.359,-35.0463],[-51.3593,-35.0461],[-51.3596,-35.0459],[-51.3599,-35.0458],[-51.3601,-35.0456],[-51.3604,-35.0454],[-51.3607,-35.0452],[-51.361,-35.045],[-51.3612,-35.0449],[-51.3615,-35.0447],[-51.3618,-35.0445],[-51.3621,-35.0443],[-51.3623,-35.0442],[-51.3626,-35.044],[-51.3629,-35.0438],[-51.3632,-35.0436],[-51.3634,-35.0434],[-51.3637,-35.0433],[-51.364,-35.0431],[-51.3643,-35.0429],[-51.3646,-35.0427],[-51.3648,-35.0426],[-51.3651,-35.0424],[-51.3654,-35.0422],[-51.3657,-35.042],[-51.3659,-35.0418],[-51.3662,-35.0417],[-51.3665,-35.0415],[-51.3668,-35.0413],[-51.367,-35.0411],[-51.3673,-35.041],[-51.3676,-35.0408],[-51.3679,-35.0406],[-51.3682,-35.0404],[-51.3684,-35.0402],[-51.3687,-35.0401],[-51.369,-35.0399],[-51.3693,-35.0397],[-51.3695,-35.0395],[-51.3698,-35.0394],[-51.3701,-35.0392],[-51.3704,-35.039],[-51.3706,-35.0388],[-51.3709,-35.0387],[-51.3712,-35.0385],[-51.3715,-35.0383],[-51.3717,-35.0381],[-51.372,-35.0379],[-51.3723,-35.0378],[-51.3726,-35.0376],[-51.3728,-35.0374],[-51.3731,-35.0372],[-51.3734,-35.0371],[-51.3737,-35.0369],[-51.374,-35.0367],[-51.3742,-35.0365],[-51.3745,-35.0363],[-51.3748,-35.0362],[-51.3751,-35.036],[-51.3753,-35.0358],[-51.3756,-35.0356],[-51.3759,-35.0355],[-51.3762,-35.0353],[-51.3764,-35.0351],[-51.3767,-35.0349],[-51.377,-35.0347],[-51.3773,-35.0346],[-51.3775,-35.0344],[-51.3778,-35.0342],[-51.3781,-35.034],[-51.3784,-35.0339],[-51.3787,-35.0337],[-51.3789,-35.0335],[-51.3792,-35.0333],[-51.3795,-35.0331],[-51.3798,-35.033],[-51.38,-35.0328],[-51.3803,-35.0326],[-51.3806,-35.0324],[-51.3809,-35.0323],[-51.3811,-35.0321],[-51.3814,-35.0319],[-51.3817,-35.0317],[-51.382,-35.0315],[-51.3822,-35.0314],[-51.3825,-35.0312],[-51.3828,-35.031],[-51.3831,-35.0308],[-51.3834,-35.0307],[-51.3836,-35.0305],[-51.3839,-35.0303],[-51.3842,-35.0301],[-51.3845,-35.0299],[-51.3847,-35.0298],[-51.385,-35.0296],[-51.3853,-35.0294],[-51.3856,-35.0292],[-51.3858,-35.0291],[-51.3861,-35.0289],[-51.3864,-35.0287],[-51.3867,-35.0285],[-51.3869,-35.0283],[-51.3872,-35.0282],[-51.3875,-35.028],[-51.3878,-35.0278],[-51.3881,-35.0276],[-51.3883,-35.0275],[-51.3886,-35.0273],[-51.3889,-35.0271],[-51.3892,-35.0269],[-51.3894,-35.0267],[-51.3897,-35.0266],[-51.39,-35.0264],[-51.3903,-35.0262],[-51.3905,-35.026],[-51.3908,-35.0259],[-51.3911,-35.0257],[-51.3914,-35.0255],[-51.3916,-35.0253],[-51.3919,-35.0251],[-51.3922,-35.025],[-51.3925,-35.0248],[-51.3928,-35.0246],[-51.393,-35.0244],[-51.3933,-35.0243],[-51.3936,-35.0241],[-51.3939,-35.0239],[-51.3941,-35.0237],[-51.3944,-35.0236],[-51.3947,-35.0234],[-51.395,-35.0232],[-51.3952,-35.023],[-51.3955,-35.0228],[-51.3958,-35.0227],[-51.3961,-35.0225],[-51.3963,-35.0223],[-51.3966,-35.0221],[-51.3969,-35.022],[-51.3972,-35.0218],[-51.3975,-35.0216],[-51.3977,-35.0214],[-51.398,-35.0212],[-51.3983,-35.0211],[-51.3986,-35.0209],[-51.3988,-35.0207],[-51.3991,-35.0205],[-51.3994,-35.0204],[-51.3997,-35.0202],[-51.3999,-35.02],[-51.4002,-35.0198],[-51.4005,-35.0196],[-51.4008,-35.0195],[-51.401,-35.0193],[-51.4013,-35.0191],[-51.4016,-35.0189],[-51.4019,-35.0188],[-51.4022,-35.0186],[-51.4024,-35.0184],[-51.4027,-35.0182],[-51.403,-35.018],[-51.4033,-35.0179],[-51.4035,-35.0177],[-51.4038,-35.0175],[-51.4041,-35.0173],[-51.4044,-35.0172],[-51.4046,-35.017],[-51.4049,-35.0168],[-51.4052,-35.0166],[-51.4055,-35.0164],[-51.4057,-35.0163],[-51.406,-35.0161],[-51.4063,-35.0159],[-51.4066,-35.0157],[-51.4068,-35.0156],[-51.4071,-35.0154],[-51.4074,-35.0152],[-51.4077,-35.015],[-51.408,-35.0148],[-51.4082,-35.0147],[-51.4085,-35.0145],[-51.4088,-35.0143],[-51.4091,-35.0141],[-51.4093,-35.014],[-51.4096,-35.0138],[-51.4099,-35.0136],[-51.4102,-35.0134],[-51.4104,-35.0132],[-51.4107,-35.0131],[-51.411,-35.0129],[-51.4113,-35.0127],[-51.4115,-35.0125],[-51.4118,-35.0124],[-51.4121,-35.0122],[-51.4124,-35.012],[-51.4127,-35.0118],[-51.4129,-35.0116],[-51.4132,-35.0115],[-51.4135,-35.0113],[-51.4138,-35.0111],[-51.414,-35.0109],[-51.4143,-35.0108],[-51.4146,-35.0106],[-51.4149,-35.0104],[-51.4151,-35.0102],[-51.4154,-35.01],[-51.4157,-35.0099],[-51.416,-35.0097],[-51.4162,-35.0095],[-51.4165,-35.0093],[-51.4168,-35.0092],[-51.4171,-35.009],[-51.4174,-35.0088],[-51.4176,-35.0086],[-51.4179,-35.0085],[-51.4182,-35.0083],[-51.4185,-35.0081],[-51.4187,-35.0079],[-51.419,-35.0077],[-51.4193,-35.0076],[-51.4196,-35.0074],[-51.4198,-35.0072],[-51.4201,-35.007],[-51.4204,-35.0069],[-51.4207,-35.0067],[-51.4209,-35.0065],[-51.4212,-35.0063],[-51.4215,-35.0061],[-51.4218,-35.006],[-51.4221,-35.0058],[-51.4223,-35.0056],[-51.4226,-35.0054],[-51.4229,-35.0053],[-51.4232,-35.0051],[-51.4234,-35.0049],[-51.4237,-35.0047],[-51.424,-35.0045],[-51.4243,-35.0044],[-51.4245,-35.0042],[-51.4248,-35.004],[-51.4251,-35.0038],[-51.4254,-35.0037],[-51.4256,-35.0035],[-51.4259,-35.0033],[-51.4262,-35.0031],[-51.4265,-35.0029],[-51.4267,-35.0028],[-51.427,-35.0026],[-51.4273,-35.0024],[-51.4276,-35.0022],[-51.4279,-35.0021],[-51.4281,-35.0019],[-51.4284,-35.0017],[-51.4287,-35.0015],[-51.429,-35.0013],[-51.4292,-35.0012],[-51.4295,-35.001],[-51.4298,-35.0008],[-51.4301,-35.0006],[-51.4303,-35.0005],[-51.4306,-35.0003],[-51.4309,-35.0001],[-51.4312,-34.9999],[-51.4314,-34.9997],[-51.4317,-34.9996],[-51.432,-34.9994],[-51.4323,-34.9992],[-51.4326,-34.999],[-51.4328,-34.9989],[-51.4331,-34.9987],[-51.4334,-34.9985],[-51.4337,-34.9983],[-51.4339,-34.9981],[-51.4342,-34.998],[-51.4345,-34.9978],[-51.4348,-34.9976],[-51.435,-34.9974],[-51.4353,-34.9973],[-51.4356,-34.9971],[-51.4359,-34.9969],[-51.4361,-34.9967],[-51.4364,-34.9965],[-51.4367,-34.9964],[-51.437,-34.9962],[-51.4372,-34.996],[-51.4375,-34.9958],[-51.4378,-34.9957],[-51.4381,-34.9955],[-51.4384,-34.9953],[-51.4386,-34.9951],[-51.4389,-34.9949],[-51.4392,-34.9948],[-51.4395,-34.9946],[-51.4397,-34.9944],[-51.44,-34.9942],[-51.4403,-34.9941],[-51.4406,-34.9939],[-51.4408,-34.9937],[-51.4411,-34.9935],[-51.4414,-34.9934],[-51.4417,-34.9932],[-51.4419,-34.993],[-51.4422,-34.9928],[-51.4425,-34.9926],[-51.4428,-34.9925],[-51.4431,-34.9923],[-51.4433,-34.9921],[-51.4436,-34.9919],[-51.4439,-34.9918],[-51.4442,-34.9916],[-51.4444,-34.9914],[-51.4447,-34.9912],[-51.445,-34.991],[-51.4453,-34.9909],[-51.4455,-34.9907],[-51.4458,-34.9905],[-51.4461,-34.9903],[-51.4464,-34.9902],[-51.4466,-34.99],[-51.4469,-34.9898],[-51.4472,-34.9896],[-51.4475,-34.9894],[-51.4477,-34.9893],[-51.448,-34.9891],[-51.4483,-34.9889],[-51.4486,-34.9887],[-51.4489,-34.9886],[-51.4491,-34.9884],[-51.4494,-34.9882],[-51.4497,-34.988],[-51.45,-34.9878],[-51.4502,-34.9877],[-51.4505,-34.9875],[-51.4508,-34.9873],[-51.4511,-34.9871],[-51.4513,-34.987],[-51.4516,-34.9868],[-51.4519,-34.9866],[-51.4522,-34.9864],[-51.4524,-34.9862],[-51.4527,-34.9861],[-51.453,-34.9859],[-51.4533,-34.9857],[-51.4536,-34.9855],[-51.4538,-34.9854],[-51.4541,-34.9852],[-51.4544,-34.985],[-51.4547,-34.9848],[-51.4549,-34.9846],[-51.4552,-34.9845],[-51.4555,-34.9843],[-51.4558,-34.9841],[-51.456,-34.9839],[-51.4563,-34.9838],[-51.4566,-34.9836],[-51.4569,-34.9834],[-51.4571,-34.9832],[-51.4574,-34.983],[-51.4577,-34.9829],[-51.458,-34.9827],[-51.4582,-34.9825],[-51.4585,-34.9823],[-51.4588,-34.9822],[-51.4591,-34.982],[-51.4594,-34.9818],[-51.4596,-34.9816],[-51.4599,-34.9814],[-51.4602,-34.9813],[-51.4605,-34.9811],[-51.4607,-34.9809],[-51.461,-34.9807],[-51.4613,-34.9806],[-51.4616,-34.9804],[-51.4618,-34.9802],[-51.4621,-34.98],[-51.4624,-34.9798],[-51.4627,-34.9797],[-51.4629,-34.9795],[-51.4632,-34.9793],[-51.4635,-34.9791],[-51.4638,-34.979],[-51.464,-34.9788],[-51.4643,-34.9786],[-51.4646,-34.9784],[-51.4649,-34.9782],[-51.4652,-34.9781],[-51.4654,-34.9779],[-51.4657,-34.9777],[-51.466,-34.9775],[-51.4663,-34.9774],[-51.4665,-34.9772],[-51.4668,-34.977],[-51.4671,-34.9768],[-51.4674,-34.9767],[-51.4676,-34.9765],[-51.4679,-34.9763],[-51.4682,-34.9761],[-51.4685,-34.9759],[-51.4687,-34.9758],[-51.469,-34.9756],[-51.4693,-34.9754],[-51.4696,-34.9752],[-51.4699,-34.9751],[-51.4701,-34.9749],[-51.4704,-34.9747],[-51.4707,-34.9745],[-51.471,-34.9743],[-51.4712,-34.9742],[-51.4715,-34.974],[-51.4718,-34.9738],[-51.4721,-34.9736],[-51.4723,-34.9735],[-51.4726,-34.9733],[-51.4729,-34.9731],[-51.4732,-34.9729],[-51.4734,-34.9727],[-51.4737,-34.9726],[-51.474,-34.9724],[-51.4743,-34.9722],[-51.4745,-34.972],[-51.4748,-34.9719],[-51.4751,-34.9717],[-51.4754,-34.9715],[-51.4757,-34.9713],[-51.4759,-34.9711],[-51.4762,-34.971],[-51.4765,-34.9708],[-51.4768,-34.9706],[-51.477,-34.9704],[-51.4773,-34.9703],[-51.4776,-34.9701],[-51.4779,-34.9699],[-51.4781,-34.9697],[-51.4784,-34.9695],[-51.4787,-34.9694],[-51.479,-34.9692],[-51.4792,-34.969],[-51.4795,-34.9688],[-51.4798,-34.9687],[-51.4801,-34.9685],[-51.4803,-34.9683],[-51.4806,-34.9681],[-51.4809,-34.9679],[-51.4812,-34.9678],[-51.4815,-34.9676],[-51.4817,-34.9674],[-51.482,-34.9672],[-51.4823,-34.9671],[-51.4826,-34.9669],[-51.4828,-34.9667],[-51.4831,-34.9665],[-51.4834,-34.9663],[-51.4837,-34.9662],[-51.4839,-34.966],[-51.4842,-34.9658],[-51.4845,-34.9656],[-51.4848,-34.9655],[-51.485,-34.9653],[-51.4853,-34.9651],[-51.4856,-34.9649],[-51.4859,-34.9647],[-51.4861,-34.9646],[-51.4864,-34.9644],[-51.4867,-34.9642],[-51.487,-34.964],[-51.4873,-34.9639],[-51.4875,-34.9637],[-51.4878,-34.9635],[-51.4881,-34.9633],[-51.4884,-34.9631],[-51.4886,-34.963],[-51.4889,-34.9628],[-51.4892,-34.9626],[-51.4895,-34.9624],[-51.4897,-34.9623],[-51.49,-34.9621],[-51.4903,-34.9619],[-51.4906,-34.9617],[-51.4908,-34.9616],[-51.4911,-34.9614],[-51.4914,-34.9612],[-51.4917,-34.961],[-51.4919,-34.9608],[-51.4922,-34.9607],[-51.4925,-34.9605],[-51.4928,-34.9603],[-51.4931,-34.9601],[-51.4933,-34.96],[-51.4936,-34.9598],[-51.4939,-34.9596],[-51.4942,-34.9594],[-51.4944,-34.9592],[-51.4947,-34.9591],[-51.495,-34.9589],[-51.4953,-34.9587],[-51.4955,-34.9585],[-51.4958,-34.9584],[-51.4961,-34.9582],[-51.4964,-34.958],[-51.4966,-34.9578],[-51.4969,-34.9576],[-51.4972,-34.9575],[-51.4975,-34.9573],[-51.4977,-34.9571],[-51.498,-34.9569],[-51.4983,-34.9568],[-51.4986,-34.9566],[-51.4989,-34.9564],[-51.4991,-34.9562],[-51.4994,-34.956],[-51.4997,-34.9559],[-51.5,-34.9557],[-51.5002,-34.9555],[-51.5005,-34.9553],[-51.5008,-34.9552],[-51.5011,-34.955],[-51.5013,-34.9548],[-51.5016,-34.9546],[-51.5019,-34.9544],[-51.5022,-34.9543],[-51.5024,-34.9541],[-51.5027,-34.9539],[-51.503,-34.9537],[-51.5033,-34.9536],[-51.5035,-34.9534],[-51.5038,-34.9532],[-51.5041,-34.953],[-51.5044,-34.9528],[-51.5047,-34.9527],[-51.5049,-34.9525],[-51.5052,-34.9523],[-51.5055,-34.9521],[-51.5058,-34.952],[-51.506,-34.9518],[-51.5063,-34.9516],[-51.5066,-34.9514],[-51.5069,-34.9512],[-51.5071,-34.9511],[-51.5074,-34.9509],[-51.5077,-34.9507],[-51.508,-34.9505],[-51.5082,-34.9504],[-51.5085,-34.9502],[-51.5088,-34.95],[-51.5091,-34.9498],[-51.5093,-34.9496],[-51.5096,-34.9495],[-51.5099,-34.9493],[-51.5102,-34.9491],[-51.5105,-34.9489],[-51.5107,-34.9488],[-51.511,-34.9486],[-51.5113,-34.9484],[-51.5116,-34.9482],[-51.5118,-34.948],[-51.5121,-34.9479],[-51.5124,-34.9477],[-51.5127,-34.9475],[-51.5129,-34.9473],[-51.5132,-34.9472],[-51.5135,-34.947],[-51.5138,-34.9468],[-51.514,-34.9466],[-51.5143,-34.9465],[-51.5146,-34.9463],[-51.5149,-34.9461],[-51.5151,-34.9459],[-51.5154,-34.9457],[-51.5157,-34.9456],[-51.516,-34.9454],[-51.5163,-34.9452],[-51.5165,-34.945],[-51.5168,-34.9449],[-51.5171,-34.9447],[-51.5174,-34.9445],[-51.5176,-34.9443],[-51.5179,-34.9441],[-51.5182,-34.944],[-51.5185,-34.9438],[-51.5187,-34.9436],[-51.519,-34.9434],[-51.5193,-34.9433],[-51.5196,-34.9431],[-51.5198,-34.9429],[-51.5201,-34.9427],[-51.5204,-34.9425],[-51.5207,-34.9424],[-51.5209,-34.9422],[-51.5212,-34.942],[-51.5215,-34.9418],[-51.5218,-34.9417],[-51.5221,-34.9415],[-51.5223,-34.9413],[-51.5226,-34.9411],[-51.5229,-34.9409],[-51.5232,-34.9408],[-51.5234,-34.9406],[-51.5237,-34.9404],[-51.524,-34.9402],[-51.5243,-34.9401],[-51.5245,-34.9399],[-51.5248,-34.9397],[-51.5251,-34.9395],[-51.5254,-34.9393],[-51.5256,-34.9392],[-51.5259,-34.939],[-51.5262,-34.9388],[-51.5265,-34.9386],[-51.5267,-34.9385],[-51.527,-34.9383],[-51.5273,-34.9381],[-51.5276,-34.9379],[-51.5278,-34.9377],[-51.5281,-34.9376],[-51.5284,-34.9374],[-51.5287,-34.9372],[-51.529,-34.937],[-51.5292,-34.9369],[-51.5295,-34.9367],[-51.5298,-34.9365],[-51.5301,-34.9363],[-51.5303,-34.9361],[-51.5306,-34.936],[-51.5309,-34.9358],[-51.5312,-34.9356],[-51.5314,-34.9354],[-51.5317,-34.9353],[-51.532,-34.9351],[-51.5323,-34.9349],[-51.5325,-34.9347],[-51.5328,-34.9345],[-51.5331,-34.9344],[-51.5334,-34.9342],[-51.5336,-34.934],[-51.5339,-34.9338],[-51.5342,-34.9337],[-51.5345,-34.9335],[-51.5348,-34.9333],[-51.535,-34.9331],[-51.5353,-34.9329],[-51.5356,-34.9328],[-51.5359,-34.9326],[-51.5361,-34.9324],[-51.5364,-34.9322],[-51.5367,-34.9321],[-51.537,-34.9319],[-51.5372,-34.9317],[-51.5375,-34.9315],[-51.5378,-34.9313],[-51.5381,-34.9312],[-51.5383,-34.931],[-51.5386,-34.9308],[-51.5389,-34.9306],[-51.5392,-34.9305],[-51.5394,-34.9303],[-51.5397,-34.9301],[-51.54,-34.9299],[-51.5403,-34.9298],[-51.5406,-34.9296],[-51.5408,-34.9294],[-51.5411,-34.9292],[-51.5414,-34.929],[-51.5417,-34.9289],[-51.5419,-34.9287],[-51.5422,-34.9285],[-51.5425,-34.9283],[-51.5428,-34.9282],[-51.543,-34.928],[-51.5433,-34.9278],[-51.5436,-34.9276],[-51.5439,-34.9274],[-51.5441,-34.9273],[-51.5444,-34.9271],[-51.5447,-34.9269],[-51.545,-34.9267],[-51.5452,-34.9266],[-51.5455,-34.9264],[-51.5458,-34.9262],[-51.5461,-34.926],[-51.5463,-34.9258],[-51.5466,-34.9257],[-51.5469,-34.9255],[-51.5472,-34.9253],[-51.5475,-34.9251],[-51.5477,-34.925],[-51.548,-34.9248],[-51.5483,-34.9246],[-51.5486,-34.9244],[-51.5488,-34.9242],[-51.5491,-34.9241],[-51.5494,-34.9239],[-51.5497,-34.9237],[-51.5499,-34.9235],[-51.5502,-34.9234],[-51.5505,-34.9232],[-51.5508,-34.923],[-51.551,-34.9228],[-51.5513,-34.9226],[-51.5516,-34.9225],[-51.5519,-34.9223],[-51.5521,-34.9221],[-51.5524,-34.9219],[-51.5527,-34.9218],[-51.553,-34.9216],[-51.5533,-34.9214],[-51.5535,-34.9212],[-51.5538,-34.921],[-51.5541,-34.9209],[-51.5544,-34.9207],[-51.5546,-34.9205],[-51.5549,-34.9203],[-51.5552,-34.9202],[-51.5555,-34.92],[-51.5557,-34.9198],[-51.556,-34.9196],[-51.5563,-34.9194],[-51.5566,-34.9193],[-51.5568,-34.9191],[-51.5571,-34.9189],[-51.5574,-34.9187],[-51.5577,-34.9186],[-51.5579,-34.9184],[-51.5582,-34.9182],[-51.5585,-34.918],[-51.5588,-34.9178],[-51.559,-34.9177],[-51.5593,-34.9175],[-51.5596,-34.9173],[-51.5599,-34.9171],[-51.5602,-34.917],[-51.5604,-34.9168],[-51.5607,-34.9166],[-51.561,-34.9164],[-51.5613,-34.9162],[-51.5615,-34.9161],[-51.5618,-34.9159],[-51.5621,-34.9157],[-51.5624,-34.9155],[-51.5626,-34.9154],[-51.5629,-34.9152],[-51.5632,-34.915],[-51.5635,-34.9148],[-51.5637,-34.9147],[-51.564,-34.9145],[-51.5643,-34.9143],[-51.5646,-34.9141],[-51.5648,-34.9139],[-51.5651,-34.9138],[-51.5654,-34.9136],[-51.5657,-34.9134],[-51.5659,-34.9132],[-51.5662,-34.9131],[-51.5665,-34.9129],[-51.5668,-34.9127],[-51.5671,-34.9125],[-51.5673,-34.9123],[-51.5676,-34.9122],[-51.5679,-34.912],[-51.5682,-34.9118],[-51.5684,-34.9116],[-51.5687,-34.9115],[-51.569,-34.9113],[-51.5693,-34.9111],[-51.5695,-34.9109],[-51.5698,-34.9107],[-51.5701,-34.9106],[-51.5704,-34.9104],[-51.5706,-34.9102],[-51.5709,-34.91],[-51.5712,-34.9099],[-51.5715,-34.9097],[-51.5717,-34.9095],[-51.572,-34.9093],[-51.5723,-34.9091],[-51.5726,-34.909],[-51.5728,-34.9088],[-51.5731,-34.9086],[-51.5734,-34.9084],[-51.5737,-34.9083],[-51.574,-34.9081],[-51.5742,-34.9079],[-51.5745,-34.9077],[-51.5748,-34.9075],[-51.5751,-34.9074],[-51.5753,-34.9072],[-51.5756,-34.907],[-51.5759,-34.9068],[-51.5762,-34.9067],[-51.5764,-34.9065],[-51.5767,-34.9063],[-51.577,-34.9061],[-51.5773,-34.9059],[-51.5775,-34.9058],[-51.5778,-34.9056],[-51.5781,-34.9054],[-51.5784,-34.9052],[-51.5786,-34.9051],[-51.5789,-34.9049],[-51.5792,-34.9047],[-51.5795,-34.9045],[-51.5798,-34.9043],[-51.58,-34.9042],[-51.5803,-34.904],[-51.5806,-34.9038],[-51.5809,-34.9036],[-51.5811,-34.9035],[-51.5814,-34.9033],[-51.5817,-34.9031],[-51.582,-34.9029],[-51.5822,-34.9027],[-51.5825,-34.9026],[-51.5828,-34.9024],[-51.5831,-34.9022],[-51.5833,-34.902],[-51.5836,-34.9019],[-51.5839,-34.9017],[-51.5842,-34.9015],[-51.5844,-34.9013],[-51.5847,-34.9011],[-51.585,-34.901],[-51.5853,-34.9008],[-51.5855,-34.9006],[-51.5858,-34.9004],[-51.5861,-34.9003],[-51.5864,-34.9001],[-51.5867,-34.8999],[-51.5869,-34.8997],[-51.5872,-34.8996],[-51.5875,-34.8994],[-51.5878,-34.8992],[-51.588,-34.899],[-51.5883,-34.8988],[-51.5886,-34.8987],[-51.5889,-34.8985],[-51.5891,-34.8983],[-51.5894,-34.8981],[-51.5897,-34.898],[-51.59,-34.8978],[-51.5902,-34.8976],[-51.5905,-34.8974],[-51.5908,-34.8972],[-51.5911,-34.8971],[-51.5913,-34.8969],[-51.5916,-34.8967],[-51.5919,-34.8965],[-51.5922,-34.8964],[-51.5924,-34.8962],[-51.5927,-34.896],[-51.593,-34.8958],[-51.5933,-34.8956],[-51.5936,-34.8955],[-51.5938,-34.8953],[-51.5941,-34.8951],[-51.5944,-34.8949],[-51.5947,-34.8948],[-51.5949,-34.8946],[-51.5952,-34.8944],[-51.5955,-34.8942],[-51.5958,-34.894],[-51.596,-34.8939],[-51.5963,-34.8937],[-51.5966,-34.8935],[-51.5969,-34.8933],[-51.5971,-34.8932],[-51.5974,-34.893],[-51.5977,-34.8928],[-51.598,-34.8926],[-51.5982,-34.8924],[-51.5985,-34.8923],[-51.5988,-34.8921],[-51.5991,-34.8919],[-51.5993,-34.8917],[-51.5996,-34.8916],[-51.5999,-34.8914],[-51.6002,-34.8912],[-51.6004,-34.891],[-51.6007,-34.8908],[-51.601,-34.8907],[-51.6013,-34.8905],[-51.6016,-34.8903],[-51.6018,-34.8901],[-51.6021,-34.89],[-51.6024,-34.8898],[-51.6027,-34.8896],[-51.6029,-34.8894],[-51.6032,-34.8892],[-51.6035,-34.8891],[-51.6038,-34.8889],[-51.604,-34.8887],[-51.6043,-34.8885],[-51.6046,-34.8884],[-51.6049,-34.8882],[-51.6051,-34.888],[-51.6054,-34.8878],[-51.6057,-34.8876],[-51.606,-34.8875],[-51.6062,-34.8873],[-51.6065,-34.8871],[-51.6068,-34.8869],[-51.6071,-34.8868],[-51.6073,-34.8866],[-51.6076,-34.8864],[-51.6079,-34.8862],[-51.6082,-34.886],[-51.6085,-34.8859],[-51.6087,-34.8857],[-51.609,-34.8855],[-51.6093,-34.8853],[-51.6096,-34.8852],[-51.6098,-34.885],[-51.6101,-34.8848],[-51.6104,-34.8846],[-51.6107,-34.8844],[-51.6109,-34.8843],[-51.6112,-34.8841],[-51.6115,-34.8839],[-51.6118,-34.8837],[-51.612,-34.8836],[-51.6123,-34.8834],[-51.6126,-34.8832],[-51.6129,-34.883],[-51.6131,-34.8829],[-51.6134,-34.8827],[-51.6137,-34.8825],[-51.614,-34.8823],[-51.6142,-34.8821],[-51.6145,-34.882],[-51.6148,-34.8818],[-51.6151,-34.8816],[-51.6154,-34.8814],[-51.6156,-34.8813],[-51.6159,-34.8811],[-51.6162,-34.8809],[-51.6165,-34.8807],[-51.6167,-34.8805],[-51.617,-34.8804],[-51.6173,-34.8802],[-51.6176,-34.88],[-51.6178,-34.8798],[-51.6181,-34.8797],[-51.6184,-34.8795],[-51.6187,-34.8793],[-51.6189,-34.8791],[-51.6192,-34.8789],[-51.6195,-34.8788],[-51.6198,-34.8786],[-51.62,-34.8784],[-51.6203,-34.8782],[-51.6206,-34.8781],[-51.6209,-34.8779],[-51.6211,-34.8777],[-51.6214,-34.8775],[-51.6217,-34.8773],[-51.622,-34.8772],[-51.6222,-34.877],[-51.6225,-34.8768],[-51.6228,-34.8766],[-51.6231,-34.8765],[-51.6234,-34.8763],[-51.6236,-34.8761],[-51.6239,-34.8759],[-51.6242,-34.8757],[-51.6245,-34.8756],[-51.6247,-34.8754],[-51.625,-34.8752],[-51.6253,-34.875],[-51.6256,-34.8749],[-51.6258,-34.8747],[-51.6261,-34.8745],[-51.6264,-34.8743],[-51.6267,-34.8741],[-51.6269,-34.874],[-51.6272,-34.8738],[-51.6275,-34.8736],[-51.6278,-34.8734],[-51.628,-34.8733],[-51.6283,-34.8731],[-51.6286,-34.8729],[-51.6289,-34.8727],[-51.6291,-34.8725],[-51.6294,-34.8724],[-51.6297,-34.8722],[-51.63,-34.872],[-51.6303,-34.8718],[-51.6305,-34.8717],[-51.6308,-34.8715],[-51.6311,-34.8713],[-51.6314,-34.8711],[-51.6316,-34.8709],[-51.6319,-34.8708],[-51.6322,-34.8706],[-51.6325,-34.8704],[-51.6327,-34.8702],[-51.633,-34.8701],[-51.6333,-34.8699],[-51.6336,-34.8697],[-51.6338,-34.8695],[-51.6341,-34.8693],[-51.6344,-34.8692],[-51.6347,-34.869],[-51.6349,-34.8688],[-51.6352,-34.8686],[-51.6355,-34.8685],[-51.6358,-34.8683],[-51.636,-34.8681],[-51.6363,-34.8679],[-51.6366,-34.8678],[-51.6369,-34.8676],[-51.6371,-34.8674],[-51.6374,-34.8672],[-51.6377,-34.867],[-51.638,-34.8669],[-51.6383,-34.8667],[-51.6385,-34.8665],[-51.6388,-34.8663],[-51.6391,-34.8662],[-51.6394,-34.866],[-51.6396,-34.8658],[-51.6399,-34.8656],[-51.6402,-34.8654],[-51.6405,-34.8653],[-51.6407,-34.8651],[-51.641,-34.8649],[-51.6413,-34.8647],[-51.6416,-34.8646],[-51.6418,-34.8644],[-51.6421,-34.8642],[-51.6424,-34.864],[-51.6427,-34.8638],[-51.6429,-34.8637],[-51.6432,-34.8635],[-51.6435,-34.8633],[-51.6438,-34.8631],[-51.644,-34.863],[-51.6443,-34.8628],[-51.6446,-34.8626],[-51.6449,-34.8624],[-51.6451,-34.8622],[-51.6454,-34.8621],[-51.6457,-34.8619],[-51.646,-34.8617],[-51.6463,-34.8615],[-51.6465,-34.8614],[-51.6468,-34.8612],[-51.6471,-34.861],[-51.6474,-34.8608],[-51.6476,-34.8606],[-51.6479,-34.8605],[-51.6482,-34.8603],[-51.6485,-34.8601],[-51.6487,-34.8599],[-51.649,-34.8598],[-51.6493,-34.8596],[-51.6496,-34.8594],[-51.6498,-34.8592],[-51.6501,-34.859],[-51.6504,-34.8589],[-51.6507,-34.8587],[-51.6509,-34.8585],[-51.6512,-34.8583],[-51.6515,-34.8582],[-51.6518,-34.858],[-51.652,-34.8578],[-51.6523,-34.8576],[-51.6526,-34.8574],[-51.6529,-34.8573],[-51.6531,-34.8571],[-51.6534,-34.8569],[-51.6537,-34.8567],[-51.654,-34.8566],[-51.6543,-34.8564],[-51.6545,-34.8562],[-51.6548,-34.856],[-51.6551,-34.8558],[-51.6554,-34.8557],[-51.6556,-34.8555],[-51.6559,-34.8553],[-51.6562,-34.8551],[-51.6565,-34.855],[-51.6567,-34.8548],[-51.657,-34.8546],[-51.6573,-34.8544],[-51.6576,-34.8542],[-51.6578,-34.8541],[-51.6581,-34.8539],[-51.6584,-34.8537],[-51.6587,-34.8535],[-51.6589,-34.8534],[-51.6592,-34.8532],[-51.6595,-34.853],[-51.6598,-34.8528],[-51.66,-34.8526],[-51.6603,-34.8525],[-51.6606,-34.8523],[-51.6609,-34.8521],[-51.6611,-34.8519],[-51.6614,-34.8518],[-51.6617,-34.8516],[-51.662,-34.8514],[-51.6623,-34.8512],[-51.6625,-34.8511],[-51.6628,-34.8509],[-51.6631,-34.8507],[-51.6634,-34.8505],[-51.6636,-34.8503],[-51.6639,-34.8502],[-51.6642,-34.85],[-51.6645,-34.8498],[-51.6647,-34.8496],[-51.665,-34.8495],[-51.6653,-34.8493],[-51.6656,-34.8491],[-51.6658,-34.8489],[-51.6661,-34.8487],[-51.6664,-34.8486],[-51.6667,-34.8484],[-51.6669,-34.8482],[-51.6672,-34.848],[-51.6675,-34.8479],[-51.6678,-34.8477],[-51.668,-34.8475],[-51.6683,-34.8473],[-51.6686,-34.8471],[-51.6689,-34.847],[-51.6691,-34.8468],[-51.6694,-34.8466],[-51.6697,-34.8464],[-51.67,-34.8463],[-51.6703,-34.8461],[-51.6705,-34.8459],[-51.6708,-34.8457],[-51.6711,-34.8455],[-51.6714,-34.8454],[-51.6716,-34.8452],[-51.6719,-34.845],[-51.6722,-34.8448],[-51.6725,-34.8447],[-51.6727,-34.8445],[-51.673,-34.8443],[-51.6733,-34.8441],[-51.6736,-34.8439],[-51.6738,-34.8438],[-51.6741,-34.8436],[-51.6744,-34.8434],[-51.6747,-34.8432],[-51.6749,-34.8431],[-51.6752,-34.8429],[-51.6755,-34.8427],[-51.6758,-34.8425],[-51.676,-34.8423],[-51.6763,-34.8422],[-51.6766,-34.842],[-51.6769,-34.8418],[-51.6771,-34.8416],[-51.6774,-34.8415],[-51.6777,-34.8413],[-51.678,-34.8411],[-51.6782,-34.8409],[-51.6785,-34.8407],[-51.6788,-34.8406],[-51.6791,-34.8404],[-51.6794,-34.8402],[-51.6796,-34.84],[-51.6799,-34.8399],[-51.6802,-34.8397],[-51.6805,-34.8395],[-51.6807,-34.8393],[-51.681,-34.8391],[-51.6813,-34.839],[-51.6816,-34.8388],[-51.6818,-34.8386],[-51.6821,-34.8384],[-51.6824,-34.8383],[-51.6827,-34.8381],[-51.6829,-34.8379],[-51.6832,-34.8377],[-51.6835,-34.8375],[-51.6838,-34.8374],[-51.684,-34.8372],[-51.6843,-34.837],[-51.6846,-34.8368],[-51.6849,-34.8367],[-51.6851,-34.8365],[-51.6854,-34.8363],[-51.6857,-34.8361],[-51.686,-34.836],[-51.6862,-34.8358],[-51.6865,-34.8356],[-51.6868,-34.8354],[-51.6871,-34.8352],[-51.6873,-34.8351],[-51.6876,-34.8349],[-51.6879,-34.8347],[-51.6882,-34.8345],[-51.6885,-34.8344],[-51.6887,-34.8342],[-51.689,-34.834],[-51.6893,-34.8338],[-51.6896,-34.8336],[-51.6898,-34.8335],[-51.6901,-34.8333],[-51.6904,-34.8331],[-51.6907,-34.8329],[-51.6909,-34.8328],[-51.6912,-34.8326],[-51.6915,-34.8324],[-51.6918,-34.8322],[-51.692,-34.832],[-51.6923,-34.8319],[-51.6926,-34.8317],[-51.6929,-34.8315],[-51.6931,-34.8313],[-51.6934,-34.8312],[-51.6937,-34.831],[-51.694,-34.8308],[-51.6942,-34.8306],[-51.6945,-34.8304],[-51.6948,-34.8303],[-51.6951,-34.8301],[-51.6953,-34.8299],[-51.6956,-34.8297],[-51.6959,-34.8296],[-51.6962,-34.8294],[-51.6965,-34.8292],[-51.6967,-34.829],[-51.697,-34.8288],[-51.6973,-34.8287],[-51.6976,-34.8285],[-51.6978,-34.8283],[-51.6981,-34.8281],[-51.6984,-34.828],[-51.6987,-34.8278],[-51.6989,-34.8276],[-51.6992,-34.8274],[-51.6995,-34.8272],[-51.6998,-34.8271],[-51.7,-34.8269],[-51.7003,-34.8267],[-51.7006,-34.8265],[-51.7009,-34.8264],[-51.7011,-34.8262],[-51.7014,-34.826],[-51.7017,-34.8258],[-51.702,-34.8256],[-51.7022,-34.8255],[-51.7025,-34.8253],[-51.7028,-34.8251],[-51.7031,-34.8249],[-51.7033,-34.8248],[-51.7036,-34.8246],[-51.7039,-34.8244],[-51.7042,-34.8242],[-51.7044,-34.824],[-51.7047,-34.8239],[-51.705,-34.8237],[-51.7053,-34.8235],[-51.7055,-34.8233],[-51.7058,-34.8232],[-51.7061,-34.823],[-51.7064,-34.8228],[-51.7067,-34.8226],[-51.7069,-34.8224],[-51.7072,-34.8223],[-51.7075,-34.8221],[-51.7078,-34.8219],[-51.708,-34.8217],[-51.7083,-34.8216],[-51.7086,-34.8214],[-51.7089,-34.8212],[-51.7091,-34.821],[-51.7094,-34.8208],[-51.7097,-34.8207],[-51.71,-34.8205],[-51.7102,-34.8203],[-51.7105,-34.8201],[-51.7108,-34.82],[-51.7111,-34.8198],[-51.7113,-34.8196],[-51.7116,-34.8194],[-51.7119,-34.8193],[-51.7122,-34.8191],[-51.7124,-34.8189],[-51.7127,-34.8187],[-51.713,-34.8185],[-51.7133,-34.8184],[-51.7135,-34.8182],[-51.7138,-34.818],[-51.7141,-34.8178],[-51.7144,-34.8177],[-51.7146,-34.8175],[-51.7149,-34.8173],[-51.7152,-34.8171],[-51.7155,-34.8169],[-51.7158,-34.8168],[-51.716,-34.8166],[-51.7163,-34.8164],[-51.7166,-34.8162],[-51.7169,-34.8161],[-51.7171,-34.8159],[-51.7174,-34.8157],[-51.7177,-34.8155],[-51.718,-34.8153],[-51.7182,-34.8152],[-51.7185,-34.815],[-51.7188,-34.8148],[-51.7191,-34.8146],[-51.7193,-34.8145],[-51.7196,-34.8143],[-51.7199,-34.8141],[-51.7202,-34.8139],[-51.7204,-34.8137],[-51.7207,-34.8136],[-51.721,-34.8134],[-51.7213,-34.8132],[-51.7215,-34.813],[-51.7218,-34.8129],[-51.7221,-34.8127],[-51.7224,-34.8125],[-51.7226,-34.8123],[-51.7229,-34.8121],[-51.7232,-34.812],[-51.7235,-34.8118],[-51.7237,-34.8116],[-51.724,-34.8114],[-51.7243,-34.8113],[-51.7246,-34.8111],[-51.7249,-34.8109],[-51.7251,-34.8107],[-51.7254,-34.8105],[-51.7257,-34.8104],[-51.726,-34.8102],[-51.7262,-34.81],[-51.7265,-34.8098],[-51.7268,-34.8097],[-51.7271,-34.8095],[-51.7273,-34.8093],[-51.7276,-34.8091],[-51.7279,-34.8089],[-51.7282,-34.8088],[-51.7284,-34.8086],[-51.7287,-34.8084],[-51.729,-34.8082],[-51.7293,-34.8081],[-51.7295,-34.8079],[-51.7298,-34.8077],[-51.7301,-34.8075],[-51.7304,-34.8073],[-51.7306,-34.8072],[-51.7309,-34.807],[-51.7312,-34.8068],[-51.7315,-34.8066],[-51.7317,-34.8065],[-51.732,-34.8063],[-51.7323,-34.8061],[-51.7326,-34.8059],[-51.7328,-34.8057],[-51.7331,-34.8056],[-51.7334,-34.8054],[-51.7337,-34.8052],[-51.7339,-34.805],[-51.7342,-34.8049],[-51.7345,-34.8047],[-51.7348,-34.8045],[-51.7351,-34.8043],[-51.7353,-34.8042],[-51.7356,-34.804],[-51.7359,-34.8038],[-51.7362,-34.8036],[-51.7364,-34.8034],[-51.7367,-34.8033],[-51.737,-34.8031],[-51.7373,-34.8029],[-51.7375,-34.8027],[-51.7378,-34.8026],[-51.7381,-34.8024],[-51.7384,-34.8022],[-51.7386,-34.802],[-51.7389,-34.8018],[-51.7392,-34.8017],[-51.7395,-34.8015],[-51.7397,-34.8013],[-51.74,-34.8011],[-51.7403,-34.801],[-51.7406,-34.8008],[-51.7408,-34.8006],[-51.7411,-34.8004],[-51.7414,-34.8002],[-51.7417,-34.8001],[-51.7419,-34.7999],[-51.7422,-34.7997],[-51.7425,-34.7995],[-51.7428,-34.7994],[-51.743,-34.7992],[-51.7433,-34.799],[-51.7436,-34.7988],[-51.7439,-34.7986],[-51.7441,-34.7985],[-51.7444,-34.7983],[-51.7447,-34.7981],[-51.745,-34.7979],[-51.7453,-34.7978],[-51.7455,-34.7976],[-51.7458,-34.7974],[-51.7461,-34.7972],[-51.7464,-34.797],[-51.7466,-34.7969],[-51.7469,-34.7967],[-51.7472,-34.7965],[-51.7475,-34.7963],[-51.7477,-34.7962],[-51.748,-34.796],[-51.7483,-34.7958],[-51.7486,-34.7956],[-51.7488,-34.7954],[-51.7491,-34.7953],[-51.7494,-34.7951],[-51.7497,-34.7949],[-51.7499,-34.7947],[-51.7502,-34.7946],[-51.7505,-34.7944],[-51.7508,-34.7942],[-51.751,-34.794],[-51.7513,-34.7938],[-51.7516,-34.7937],[-51.7519,-34.7935],[-51.7521,-34.7933],[-51.7524,-34.7931],[-51.7527,-34.793],[-51.753,-34.7928],[-51.7532,-34.7926],[-51.7535,-34.7924],[-51.7538,-34.7922],[-51.7541,-34.7921],[-51.7543,-34.7919],[-51.7546,-34.7917],[-51.7549,-34.7915],[-51.7552,-34.7914],[-51.7554,-34.7912],[-51.7557,-34.791],[-51.756,-34.7908],[-51.7563,-34.7906],[-51.7566,-34.7905],[-51.7568,-34.7903],[-51.7571,-34.7901],[-51.7574,-34.7899],[-51.7577,-34.7898],[-51.7579,-34.7896],[-51.7582,-34.7894],[-51.7585,-34.7892],[-51.7588,-34.789],[-51.759,-34.7889],[-51.7593,-34.7887],[-51.7596,-34.7885],[-51.7599,-34.7883],[-51.7601,-34.7882],[-51.7604,-34.788],[-51.7607,-34.7878],[-51.761,-34.7876],[-51.7612,-34.7875],[-51.7615,-34.7873],[-51.7618,-34.7871],[-51.7621,-34.7869],[-51.7623,-34.7867],[-51.7626,-34.7866],[-51.7629,-34.7864],[-51.7632,-34.7862],[-51.7634,-34.786],[-51.7637,-34.7859],[-51.764,-34.7857],[-51.7643,-34.7855],[-51.7645,-34.7853],[-51.7648,-34.7851],[-51.7651,-34.785],[-51.7654,-34.7848],[-51.7656,-34.7846],[-51.7659,-34.7844],[-51.7662,-34.7843],[-51.7665,-34.7841],[-51.7667,-34.7839],[-51.767,-34.7837],[-51.7673,-34.7835],[-51.7676,-34.7834],[-51.7679,-34.7832],[-51.7681,-34.783],[-51.7684,-34.7828],[-51.7687,-34.7827],[-51.769,-34.7825],[-51.7692,-34.7823],[-51.7695,-34.7821],[-51.7698,-34.7819],[-51.7701,-34.7818],[-51.7703,-34.7816],[-51.7706,-34.7814],[-51.7709,-34.7812],[-51.7712,-34.7811],[-51.7714,-34.7809],[-51.7717,-34.7807],[-51.772,-34.7805],[-51.7723,-34.7803],[-51.7725,-34.7802],[-51.7728,-34.78],[-51.7731,-34.7798],[-51.7734,-34.7796],[-51.7736,-34.7795],[-51.7739,-34.7793],[-51.7742,-34.7791],[-51.7745,-34.7789],[-51.7747,-34.7787],[-51.775,-34.7786],[-51.7753,-34.7784],[-51.7756,-34.7782],[-51.7758,-34.778],[-51.7761,-34.7779],[-51.7764,-34.7777],[-51.7767,-34.7775],[-51.7769,-34.7773],[-51.7772,-34.7771],[-51.7775,-34.777],[-51.7778,-34.7768],[-51.778,-34.7766],[-51.7783,-34.7764],[-51.7786,-34.7763],[-51.7789,-34.7761],[-51.7792,-34.7759],[-51.7794,-34.7757],[-51.7797,-34.7755],[-51.78,-34.7754],[-51.7803,-34.7752],[-51.7805,-34.775],[-51.7808,-34.7748],[-51.7811,-34.7747],[-51.7814,-34.7745],[-51.7816,-34.7743],[-51.7819,-34.7741],[-51.7822,-34.7739],[-51.7825,-34.7738],[-51.7827,-34.7736],[-51.783,-34.7734],[-51.7833,-34.7732],[-51.7836,-34.7731],[-51.7838,-34.7729],[-51.7841,-34.7727],[-51.7844,-34.7725],[-51.7847,-34.7723],[-51.7849,-34.7722],[-51.7852,-34.772],[-51.7855,-34.7718],[-51.7858,-34.7716],[-51.786,-34.7715],[-51.7863,-34.7713],[-51.7866,-34.7711],[-51.7869,-34.7709],[-51.7871,-34.7708],[-51.7874,-34.7706],[-51.7877,-34.7704],[-51.788,-34.7702],[-51.7882,-34.77],[-51.7885,-34.7699],[-51.7888,-34.7697],[-51.7891,-34.7695],[-51.7893,-34.7693],[-51.7896,-34.7692],[-51.7899,-34.769],[-51.7902,-34.7688],[-51.7904,-34.7686],[-51.7907,-34.7684],[-51.791,-34.7683],[-51.7913,-34.7681],[-51.7916,-34.7679],[-51.7918,-34.7677],[-51.7921,-34.7676],[-51.7924,-34.7674],[-51.7927,-34.7672],[-51.7929,-34.767],[-51.7932,-34.7668],[-51.7935,-34.7667],[-51.7938,-34.7665],[-51.794,-34.7663],[-51.7943,-34.7661],[-51.7946,-34.766],[-51.7949,-34.7658],[-51.7951,-34.7656],[-51.7954,-34.7654],[-51.7957,-34.7652],[-51.796,-34.7651],[-51.7962,-34.7649],[-51.7965,-34.7647],[-51.7968,-34.7645],[-51.7971,-34.7644],[-51.7973,-34.7642],[-51.7976,-34.764],[-51.7979,-34.7638],[-51.7982,-34.7636],[-51.7984,-34.7635],[-51.7987,-34.7633],[-51.799,-34.7631],[-51.7993,-34.7629],[-51.7995,-34.7628],[-51.7998,-34.7626],[-51.8001,-34.7624],[-51.8004,-34.7622],[-51.8006,-34.762],[-51.8009,-34.7619],[-51.8012,-34.7617],[-51.8015,-34.7615],[-51.8017,-34.7613],[-51.802,-34.7612],[-51.8023,-34.761],[-51.8026,-34.7608],[-51.8028,-34.7606],[-51.8031,-34.7604],[-51.8034,-34.7603],[-51.8037,-34.7601],[-51.804,-34.7599],[-51.8042,-34.7597],[-51.8045,-34.7596],[-51.8048,-34.7594],[-51.8051,-34.7592],[-51.8053,-34.759],[-51.8056,-34.7588],[-51.8059,-34.7587],[-51.8062,-34.7585],[-51.8064,-34.7583],[-51.8067,-34.7581],[-51.807,-34.758],[-51.8073,-34.7578],[-51.8075,-34.7576],[-51.8078,-34.7574],[-51.8081,-34.7572],[-51.8084,-34.7571],[-51.8086,-34.7569],[-51.8089,-34.7567],[-51.8092,-34.7565],[-51.8095,-34.7564],[-51.8097,-34.7562],[-51.81,-34.756],[-51.8103,-34.7558],[-51.8106,-34.7557],[-51.8108,-34.7555],[-51.8111,-34.7553],[-51.8114,-34.7551],[-51.8117,-34.7549],[-51.8119,-34.7548],[-51.8122,-34.7546],[-51.8125,-34.7544],[-51.8128,-34.7542],[-51.813,-34.7541],[-51.8133,-34.7539],[-51.8136,-34.7537],[-51.8139,-34.7535],[-51.8141,-34.7533],[-51.8144,-34.7532],[-51.8147,-34.753],[-51.815,-34.7528],[-51.8152,-34.7526],[-51.8155,-34.7525],[-51.8158,-34.7523],[-51.8161,-34.7521],[-51.8163,-34.7519],[-51.8166,-34.7517],[-51.8169,-34.7516],[-51.8172,-34.7514],[-51.8175,-34.7512],[-51.8177,-34.751],[-51.818,-34.7509],[-51.8183,-34.7507],[-51.8186,-34.7505],[-51.8188,-34.7503],[-51.8191,-34.7501],[-51.8194,-34.75],[-51.8197,-34.7498],[-51.8199,-34.7496],[-51.8202,-34.7494],[-51.8205,-34.7493],[-51.8208,-34.7491],[-51.821,-34.7489],[-51.8213,-34.7487],[-51.8216,-34.7485],[-51.8219,-34.7484],[-51.8221,-34.7482],[-51.8224,-34.748],[-51.8227,-34.7478],[-51.823,-34.7477],[-51.8232,-34.7475],[-51.8235,-34.7473],[-51.8238,-34.7471],[-51.8241,-34.7469],[-51.8243,-34.7468],[-51.8246,-34.7466],[-51.8249,-34.7464],[-51.8252,-34.7462],[-51.8254,-34.7461],[-51.8257,-34.7459],[-51.826,-34.7457],[-51.8263,-34.7455],[-51.8265,-34.7453],[-51.8268,-34.7452],[-51.8271,-34.745],[-51.8274,-34.7448],[-51.8276,-34.7446],[-51.8279,-34.7445],[-51.8282,-34.7443],[-51.8285,-34.7441],[-51.8287,-34.7439],[-51.829,-34.7437],[-51.8293,-34.7436],[-51.8296,-34.7434],[-51.8298,-34.7432],[-51.8301,-34.743],[-51.8304,-34.7429],[-51.8307,-34.7427],[-51.831,-34.7425],[-51.8312,-34.7423],[-51.8315,-34.7421],[-51.8318,-34.742],[-51.8321,-34.7418],[-51.8323,-34.7416],[-51.8326,-34.7414],[-51.8329,-34.7413],[-51.8332,-34.7411],[-51.8334,-34.7409],[-51.8337,-34.7407],[-51.834,-34.7405],[-51.8343,-34.7404],[-51.8345,-34.7402],[-51.8348,-34.74],[-51.8351,-34.7398],[-51.8354,-34.7397],[-51.8356,-34.7395],[-51.8359,-34.7393],[-51.8362,-34.7391],[-51.8365,-34.739],[-51.8367,-34.7388],[-51.837,-34.7386],[-51.8373,-34.7384],[-51.8376,-34.7382],[-51.8378,-34.7381],[-51.8381,-34.7379],[-51.8384,-34.7377],[-51.8387,-34.7375],[-51.8389,-34.7374],[-51.8392,-34.7372],[-51.8395,-34.737],[-51.8398,-34.7368],[-51.84,-34.7366],[-51.8403,-34.7365],[-51.8406,-34.7363],[-51.8409,-34.7361],[-51.8411,-34.7359],[-51.8414,-34.7358],[-51.8417,-34.7356],[-51.842,-34.7354],[-51.8422,-34.7352],[-51.8425,-34.735],[-51.8428,-34.7349],[-51.8431,-34.7347],[-51.8433,-34.7345],[-51.8436,-34.7343],[-51.8439,-34.7342],[-51.8442,-34.734],[-51.8444,-34.7338],[-51.8447,-34.7336],[-51.845,-34.7334],[-51.8453,-34.7333],[-51.8455,-34.7331],[-51.8458,-34.7329],[-51.8461,-34.7327],[-51.8464,-34.7326],[-51.8467,-34.7324],[-51.8469,-34.7322],[-51.8472,-34.732],[-51.8475,-34.7318],[-51.8478,-34.7317],[-51.848,-34.7315],[-51.8483,-34.7313],[-51.8486,-34.7311],[-51.8489,-34.731],[-51.8491,-34.7308],[-51.8494,-34.7306],[-51.8497,-34.7304],[-51.85,-34.7302],[-51.8502,-34.7301],[-51.8505,-34.7299],[-51.8508,-34.7297],[-51.8511,-34.7295],[-51.8513,-34.7294],[-51.8516,-34.7292],[-51.8519,-34.729],[-51.8522,-34.7288],[-51.8524,-34.7286],[-51.8527,-34.7285],[-51.853,-34.7283],[-51.8533,-34.7281],[-51.8535,-34.7279],[-51.8538,-34.7278],[-51.8541,-34.7276],[-51.8544,-34.7274],[-51.8546,-34.7272],[-51.8549,-34.727],[-51.8552,-34.7269],[-51.8555,-34.7267],[-51.8557,-34.7265],[-51.856,-34.7263],[-51.8563,-34.7262],[-51.8566,-34.726],[-51.8568,-34.7258],[-51.8571,-34.7256],[-51.8574,-34.7254],[-51.8577,-34.7253],[-51.8579,-34.7251],[-51.8582,-34.7249],[-51.8585,-34.7247],[-51.8588,-34.7246],[-51.859,-34.7244],[-51.8593,-34.7242],[-51.8596,-34.724],[-51.8599,-34.7238],[-51.8601,-34.7237],[-51.8604,-34.7235],[-51.8607,-34.7233],[-51.861,-34.7231],[-51.8612,-34.723],[-51.8615,-34.7228],[-51.8618,-34.7226],[-51.8621,-34.7224],[-51.8624,-34.7223],[-51.8626,-34.7221],[-51.8629,-34.7219],[-51.8632,-34.7217],[-51.8635,-34.7215],[-51.8637,-34.7214],[-51.864,-34.7212],[-51.8643,-34.721],[-51.8646,-34.7208],[-51.8648,-34.7207],[-51.8651,-34.7205],[-51.8654,-34.7203],[-51.8657,-34.7201],[-51.8659,-34.7199],[-51.8662,-34.7198],[-51.8665,-34.7196],[-51.8668,-34.7194],[-51.867,-34.7192],[-51.8673,-34.7191],[-51.8676,-34.7189],[-51.8679,-34.7187],[-51.8681,-34.7185],[-51.8684,-34.7183],[-51.8687,-34.7182],[-51.869,-34.718],[-51.8692,-34.7178],[-51.8695,-34.7176],[-51.8698,-34.7175],[-51.8701,-34.7173],[-51.8703,-34.7171],[-51.8706,-34.7169],[-51.8709,-34.7167],[-51.8712,-34.7166],[-51.8714,-34.7164],[-51.8717,-34.7162],[-51.872,-34.716],[-51.8723,-34.7159],[-51.8725,-34.7157],[-51.8728,-34.7155],[-51.8731,-34.7153],[-51.8734,-34.7151],[-51.8736,-34.715],[-51.8739,-34.7148],[-51.8742,-34.7146],[-51.8745,-34.7144],[-51.8747,-34.7143],[-51.875,-34.7141],[-51.8753,-34.7139],[-51.8756,-34.7137],[-51.8758,-34.7135],[-51.8761,-34.7134],[-51.8764,-34.7132],[-51.8767,-34.713],[-51.8769,-34.7128],[-51.8772,-34.7127],[-51.8775,-34.7125],[-51.8778,-34.7123],[-51.878,-34.7121],[-51.8783,-34.7119],[-51.8786,-34.7118],[-51.8789,-34.7116],[-51.8791,-34.7114],[-51.8794,-34.7112],[-51.8797,-34.7111],[-51.88,-34.7109],[-51.8803,-34.7107],[-51.8805,-34.7105],[-51.8808,-34.7103],[-51.8811,-34.7102],[-51.8814,-34.71],[-51.8816,-34.7098],[-51.8819,-34.7096],[-51.8822,-34.7095],[-51.8825,-34.7093],[-51.8827,-34.7091],[-51.883,-34.7089],[-51.8833,-34.7087],[-51.8836,-34.7086],[-51.8838,-34.7084],[-51.8841,-34.7082],[-51.8844,-34.708],[-51.8847,-34.7079],[-51.8849,-34.7077],[-51.8852,-34.7075],[-51.8855,-34.7073],[-51.8858,-34.7071],[-51.886,-34.707],[-51.8863,-34.7068],[-51.8866,-34.7066],[-51.8869,-34.7064],[-51.8871,-34.7063],[-51.8874,-34.7061],[-51.8877,-34.7059],[-51.888,-34.7057],[-51.8882,-34.7056],[-51.8885,-34.7054],[-51.8888,-34.7052],[-51.8891,-34.705],[-51.8893,-34.7048],[-51.8896,-34.7047],[-51.8899,-34.7045],[-51.8902,-34.7043],[-51.8904,-34.7041],[-51.8907,-34.704],[-51.891,-34.7038],[-51.8913,-34.7036],[-51.8915,-34.7034],[-51.8918,-34.7032],[-51.8921,-34.7031],[-51.8924,-34.7029],[-51.8926,-34.7027],[-51.8929,-34.7025],[-51.8932,-34.7024],[-51.8935,-34.7022],[-51.8937,-34.702],[-51.894,-34.7018],[-51.8943,-34.7016],[-51.8946,-34.7015],[-51.8948,-34.7013],[-51.8951,-34.7011],[-51.8954,-34.7009],[-51.8957,-34.7008],[-51.8959,-34.7006],[-51.8962,-34.7004],[-51.8965,-34.7002],[-51.8968,-34.7],[-51.897,-34.6999],[-51.8973,-34.6997],[-51.8976,-34.6995],[-51.8979,-34.6993],[-51.8981,-34.6992],[-51.8984,-34.699],[-51.8987,-34.6988],[-51.899,-34.6986],[-51.8992,-34.6984],[-51.8995,-34.6983],[-51.8998,-34.6981],[-51.9001,-34.6979],[-51.9004,-34.6977],[-51.9006,-34.6976],[-51.9009,-34.6974],[-51.9012,-34.6972],[-51.9015,-34.697],[-51.9017,-34.6968],[-51.902,-34.6967],[-51.9023,-34.6965],[-51.9026,-34.6963],[-51.9028,-34.6961],[-51.9031,-34.696],[-51.9034,-34.6958],[-51.9037,-34.6956],[-51.9039,-34.6954],[-51.9042,-34.6952],[-51.9045,-34.6951],[-51.9048,-34.6949],[-51.905,-34.6947],[-51.9053,-34.6945],[-51.9056,-34.6944],[-51.9059,-34.6942],[-51.9061,-34.694],[-51.9064,-34.6938],[-51.9067,-34.6936],[-51.907,-34.6935],[-51.9072,-34.6933],[-51.9075,-34.6931],[-51.9078,-34.6929],[-51.9081,-34.6928],[-51.9083,-34.6926],[-51.9086,-34.6924],[-51.9089,-34.6922],[-51.9092,-34.692],[-51.9094,-34.6919],[-51.9097,-34.6917],[-51.91,-34.6915],[-51.9103,-34.6913],[-51.9105,-34.6912],[-51.9108,-34.691],[-51.9111,-34.6908],[-51.9114,-34.6906],[-51.9116,-34.6904],[-51.9119,-34.6903],[-51.9122,-34.6901],[-51.9125,-34.6899],[-51.9127,-34.6897],[-51.913,-34.6896],[-51.9133,-34.6894],[-51.9136,-34.6892],[-51.9138,-34.689],[-51.9141,-34.6889],[-51.9144,-34.6887],[-51.9147,-34.6885],[-51.9149,-34.6883],[-51.9152,-34.6881],[-51.9155,-34.688],[-51.9158,-34.6878],[-51.916,-34.6876],[-51.9163,-34.6874],[-51.9166,-34.6873],[-51.9169,-34.6871],[-51.9171,-34.6869],[-51.9174,-34.6867],[-51.9177,-34.6865],[-51.918,-34.6864],[-51.9182,-34.6862],[-51.9185,-34.686],[-51.9188,-34.6858],[-51.9191,-34.6857],[-51.9193,-34.6855],[-51.9196,-34.6853],[-51.9199,-34.6851],[-51.9202,-34.6849],[-51.9204,-34.6848],[-51.9207,-34.6846],[-51.921,-34.6844],[-51.9213,-34.6842],[-51.9215,-34.6841],[-51.9218,-34.6839],[-51.9221,-34.6837],[-51.9224,-34.6835],[-51.9226,-34.6833],[-51.9229,-34.6832],[-51.9232,-34.683],[-51.9235,-34.6828],[-51.9238,-34.6826],[-51.924,-34.6825],[-51.9243,-34.6823],[-51.9246,-34.6821],[-51.9249,-34.6819],[-51.9251,-34.6817],[-51.9254,-34.6816],[-51.9257,-34.6814],[-51.926,-34.6812],[-51.9262,-34.681],[-51.9265,-34.6809],[-51.9268,-34.6807],[-51.9271,-34.6805],[-51.9273,-34.6803],[-51.9276,-34.6801],[-51.9279,-34.68],[-51.9282,-34.6798],[-51.9284,-34.6796],[-51.9287,-34.6794],[-51.929,-34.6793],[-51.9293,-34.6791],[-51.9295,-34.6789],[-51.9298,-34.6787],[-51.9301,-34.6785],[-51.9304,-34.6784],[-51.9306,-34.6782],[-51.9309,-34.678],[-51.9312,-34.6778],[-51.9315,-34.6777],[-51.9317,-34.6775],[-51.932,-34.6773],[-51.9323,-34.6771],[-51.9326,-34.6769],[-51.9328,-34.6768],[-51.9331,-34.6766],[-51.9334,-34.6764],[-51.9337,-34.6762],[-51.9339,-34.6761],[-51.9342,-34.6759],[-51.9345,-34.6757],[-51.9348,-34.6755],[-51.935,-34.6753],[-51.9353,-34.6752],[-51.9356,-34.675],[-51.9359,-34.6748],[-51.9361,-34.6746],[-51.9364,-34.6745],[-51.9367,-34.6743],[-51.937,-34.6741],[-51.9372,-34.6739],[-51.9375,-34.6738],[-51.9378,-34.6736],[-51.9381,-34.6734],[-51.9383,-34.6732],[-51.9386,-34.673],[-51.9389,-34.6729],[-51.9392,-34.6727],[-51.9394,-34.6725],[-51.9397,-34.6723],[-51.94,-34.6722],[-51.9403,-34.672],[-51.9405,-34.6718],[-51.9408,-34.6716],[-51.9411,-34.6714],[-51.9414,-34.6713],[-51.9416,-34.6711],[-51.9419,-34.6709],[-51.9422,-34.6707],[-51.9425,-34.6706],[-51.9427,-34.6704],[-51.943,-34.6702],[-51.9433,-34.67],[-51.9436,-34.6698],[-51.9438,-34.6697],[-51.9441,-34.6695],[-51.9444,-34.6693],[-51.9447,-34.6691],[-51.9449,-34.669],[-51.9452,-34.6688],[-51.9455,-34.6686],[-51.9458,-34.6684],[-51.946,-34.6682],[-51.9463,-34.6681],[-51.9466,-34.6679],[-51.9469,-34.6677],[-51.9471,-34.6675],[-51.9474,-34.6674],[-51.9477,-34.6672],[-51.948,-34.667],[-51.9482,-34.6668],[-51.9485,-34.6666],[-51.9488,-34.6665],[-51.9491,-34.6663],[-51.9493,-34.6661],[-51.9496,-34.6659],[-51.9499,-34.6658],[-51.9502,-34.6656],[-51.9504,-34.6654],[-51.9507,-34.6652],[-51.951,-34.665],[-51.9513,-34.6649],[-51.9516,-34.6647],[-51.9518,-34.6645],[-51.9521,-34.6643],[-51.9524,-34.6642],[-51.9527,-34.664],[-51.9529,-34.6638],[-51.9532,-34.6636],[-51.9535,-34.6634],[-51.9538,-34.6633],[-51.954,-34.6631],[-51.9543,-34.6629],[-51.9546,-34.6627],[-51.9549,-34.6626],[-51.9551,-34.6624],[-51.9554,-34.6622],[-51.9557,-34.662],[-51.956,-34.6618],[-51.9562,-34.6617],[-51.9565,-34.6615],[-51.9568,-34.6613],[-51.9571,-34.6611],[-51.9573,-34.661],[-51.9576,-34.6608],[-51.9579,-34.6606],[-51.9582,-34.6604],[-51.9584,-34.6602],[-51.9587,-34.6601],[-51.959,-34.6599],[-51.9593,-34.6597],[-51.9595,-34.6595],[-51.9598,-34.6594],[-51.9601,-34.6592],[-51.9604,-34.659],[-51.9606,-34.6588],[-51.9609,-34.6586],[-51.9612,-34.6585],[-51.9615,-34.6583],[-51.9617,-34.6581],[-51.962,-34.6579],[-51.9623,-34.6578],[-51.9626,-34.6576],[-51.9628,-34.6574],[-51.9631,-34.6572],[-51.9634,-34.6571],[-51.9637,-34.6569],[-51.9639,-34.6567],[-51.9642,-34.6565],[-51.9645,-34.6563],[-51.9648,-34.6562],[-51.965,-34.656],[-51.9653,-34.6558],[-51.9656,-34.6556],[-51.9659,-34.6555],[-51.9661,-34.6553],[-51.9664,-34.6551],[-51.9667,-34.6549],[-51.967,-34.6547],[-51.9672,-34.6546],[-51.9675,-34.6544],[-51.9678,-34.6542],[-51.9681,-34.654],[-51.9683,-34.6539],[-51.9686,-34.6537],[-51.9689,-34.6535],[-51.9692,-34.6533],[-51.9694,-34.6531],[-51.9697,-34.653],[-51.97,-34.6528],[-51.9703,-34.6526],[-51.9705,-34.6524],[-51.9708,-34.6523],[-51.9711,-34.6521],[-51.9714,-34.6519],[-51.9716,-34.6517],[-51.9719,-34.6515],[-51.9722,-34.6514],[-51.9725,-34.6512],[-51.9727,-34.651],[-51.973,-34.6508],[-51.9733,-34.6507],[-51.9736,-34.6505],[-51.9738,-34.6503],[-51.9741,-34.6501],[-51.9744,-34.6499],[-51.9747,-34.6498],[-51.9749,-34.6496],[-51.9752,-34.6494],[-51.9755,-34.6492],[-51.9758,-34.6491],[-51.976,-34.6489],[-51.9763,-34.6487],[-51.9766,-34.6485],[-51.9769,-34.6483],[-51.9771,-34.6482],[-51.9774,-34.648],[-51.9777,-34.6478],[-51.978,-34.6476],[-51.9782,-34.6475],[-51.9785,-34.6473],[-51.9788,-34.6471],[-51.9791,-34.6469],[-51.9793,-34.6467],[-51.9796,-34.6466],[-51.9799,-34.6464],[-51.9802,-34.6462],[-51.9804,-34.646],[-51.9807,-34.6459],[-51.981,-34.6457],[-51.9813,-34.6455],[-51.9815,-34.6453],[-51.9818,-34.6451],[-51.9821,-34.645],[-51.9824,-34.6448],[-51.9826,-34.6446],[-51.9829,-34.6444],[-51.9832,-34.6443],[-51.9835,-34.6441],[-51.9837,-34.6439],[-51.984,-34.6437],[-51.9843,-34.6435],[-51.9846,-34.6434],[-51.9848,-34.6432],[-51.9851,-34.643],[-51.9854,-34.6428],[-51.9857,-34.6427],[-51.9859,-34.6425],[-51.9862,-34.6423],[-51.9865,-34.6421],[-51.9868,-34.6419],[-51.987,-34.6418],[-51.9873,-34.6416],[-51.9876,-34.6414],[-51.9879,-34.6412],[-51.9881,-34.6411],[-51.9884,-34.6409],[-51.9887,-34.6407],[-51.989,-34.6405],[-51.9892,-34.6404],[-51.9895,-34.6402],[-51.9898,-34.64],[-51.9901,-34.6398],[-51.9903,-34.6396],[-51.9906,-34.6395],[-51.9909,-34.6393],[-51.9912,-34.6391],[-51.9914,-34.6389],[-51.9917,-34.6388],[-51.992,-34.6386],[-51.9923,-34.6384],[-51.9926,-34.6382],[-51.9928,-34.638],[-51.9931,-34.6379],[-51.9934,-34.6377],[-51.9937,-34.6375],[-51.9939,-34.6373],[-51.9942,-34.6372],[-51.9945,-34.637],[-51.9948,-34.6368],[-51.995,-34.6366],[-51.9953,-34.6364],[-51.9956,-34.6363],[-51.9959,-34.6361],[-51.9961,-34.6359],[-51.9964,-34.6357],[-51.9967,-34.6356],[-51.997,-34.6354],[-51.9972,-34.6352],[-51.9975,-34.635],[-51.9978,-34.6348],[-51.9981,-34.6347],[-51.9983,-34.6345],[-51.9986,-34.6343],[-51.9989,-34.6341],[-51.9992,-34.634],[-51.9994,-34.6338],[-51.9997,-34.6336],[-52.0,-34.6334],[-52.0003,-34.6332],[-52.0005,-34.6331],[-52.0008,-34.6329],[-52.0011,-34.6327],[-52.0014,-34.6325],[-52.0016,-34.6324],[-52.0019,-34.6322],[-52.0022,-34.632],[-52.0025,-34.6318],[-52.0027,-34.6316],[-52.003,-34.6315],[-52.0033,-34.6313],[-52.0036,-34.6311],[-52.0038,-34.6309],[-52.0041,-34.6308],[-52.0044,-34.6306],[-52.0047,-34.6304],[-52.0049,-34.6302],[-52.0052,-34.63],[-52.0055,-34.6299],[-52.0058,-34.6297],[-52.006,-34.6295],[-52.0063,-34.6293],[-52.0066,-34.6292],[-52.0069,-34.629],[-52.0071,-34.6288],[-52.0074,-34.6286],[-52.0077,-34.6284],[-52.008,-34.6283],[-52.0082,-34.6281],[-52.0085,-34.6279],[-52.0088,-34.6277],[-52.0091,-34.6276],[-52.0093,-34.6274],[-52.0096,-34.6272],[-52.0099,-34.627],[-52.0102,-34.6268],[-52.0104,-34.6267],[-52.0107,-34.6265],[-52.011,-34.6263],[-52.0113,-34.6261],[-52.0115,-34.626],[-52.0118,-34.6258],[-52.0121,-34.6256],[-52.0124,-34.6254],[-52.0126,-34.6252],[-52.0129,-34.6251],[-52.0132,-34.6249],[-52.0135,-34.6247],[-52.0137,-34.6245],[-52.014,-34.6244],[-52.0143,-34.6242],[-52.0146,-34.624],[-52.0148,-34.6238],[-52.0151,-34.6237],[-52.0154,-34.6235],[-52.0157,-34.6233],[-52.0159,-34.6231],[-52.0162,-34.6229],[-52.0165,-34.6228],[-52.0168,-34.6226],[-52.017,-34.6224],[-52.0173,-34.6222],[-52.0176,-34.6221],[-52.0179,-34.6219],[-52.0181,-34.6217],[-52.0184,-34.6215],[-52.0187,-34.6213],[-52.019,-34.6212],[-52.0192,-34.621],[-52.0195,-34.6208],[-52.0198,-34.6206],[-52.0201,-34.6205],[-52.0203,-34.6203],[-52.0206,-34.6201],[-52.0209,-34.6199],[-52.0212,-34.6197],[-52.0214,-34.6196],[-52.0217,-34.6194],[-52.022,-34.6192],[-52.0223,-34.619],[-52.0225,-34.6189],[-52.0228,-34.6187],[-52.0231,-34.6185],[-52.0234,-34.6183],[-52.0236,-34.6181],[-52.0239,-34.618],[-52.0242,-34.6178],[-52.0245,-34.6176],[-52.0247,-34.6174],[-52.025,-34.6173],[-52.0253,-34.6171],[-52.0256,-34.6169],[-52.0258,-34.6167],[-52.0261,-34.6165],[-52.0264,-34.6164],[-52.0267,-34.6162],[-52.0269,-34.616],[-52.0272,-34.6158],[-52.0275,-34.6157],[-52.0278,-34.6155],[-52.028,-34.6153],[-52.0283,-34.6151],[-52.0286,-34.6149],[-52.0289,-34.6148],[-52.0291,-34.6146],[-52.0294,-34.6144],[-52.0297,-34.6142],[-52.03,-34.6141],[-52.0302,-34.6139],[-52.0305,-34.6137],[-52.0308,-34.6135],[-52.0311,-34.6133],[-52.0313,-34.6132],[-52.0316,-34.613],[-52.0319,-34.6128],[-52.0322,-34.6126],[-52.0324,-34.6125],[-52.0327,-34.6123],[-52.033,-34.6121],[-52.0333,-34.6119],[-52.0335,-34.6117],[-52.0338,-34.6116],[-52.0341,-34.6114],[-52.0344,-34.6112],[-52.0346,-34.611],[-52.0349,-34.6109],[-52.0352,-34.6107],[-52.0355,-34.6105],[-52.0357,-34.6103],[-52.036,-34.6101],[-52.0363,-34.61],[-52.0366,-34.6098],[-52.0368,-34.6096],[-52.0371,-34.6094],[-52.0374,-34.6093],[-52.0377,-34.6091],[-52.0379,-34.6089],[-52.0382,-34.6087],[-52.0385,-34.6085],[-52.0388,-34.6084],[-52.039,-34.6082],[-52.0393,-34.608],[-52.0396,-34.6078],[-52.0399,-34.6077],[-52.0401,-34.6075],[-52.0404,-34.6073],[-52.0407,-34.6071],[-52.041,-34.607],[-52.0412,-34.6068],[-52.0415,-34.6066],[-52.0418,-34.6064],[-52.0421,-34.6062],[-52.0423,-34.6061],[-52.0426,-34.6059],[-52.0429,-34.6057],[-52.0432,-34.6055],[-52.0434,-34.6054],[-52.0437,-34.6052],[-52.044,-34.605],[-52.0443,-34.6048],[-52.0445,-34.6046],[-52.0448,-34.6045],[-52.0451,-34.6043],[-52.0454,-34.6041],[-52.0456,-34.6039],[-52.0459,-34.6038],[-52.0462,-34.6036],[-52.0465,-34.6034],[-52.0467,-34.6032],[-52.047,-34.603],[-52.0473,-34.6029],[-52.0476,-34.6027],[-52.0478,-34.6025],[-52.0481,-34.6023],[-52.0484,-34.6022],[-52.0487,-34.602],[-52.0489,-34.6018],[-52.0492,-34.6016],[-52.0495,-34.6014],[-52.0498,-34.6013],[-52.05,-34.6011],[-52.0503,-34.6009],[-52.0506,-34.6007],[-52.0509,-34.6006],[-52.0511,-34.6004],[-52.0514,-34.6002],[-52.0517,-34.6],[-52.052,-34.5998],[-52.0522,-34.5997],[-52.0525,-34.5995],[-52.0528,-34.5993],[-52.0531,-34.5991],[-52.0533,-34.599],[-52.0536,-34.5988],[-52.0539,-34.5986],[-52.0542,-34.5984],[-52.0544,-34.5982],[-52.0547,-34.5981],[-52.055,-34.5979],[-52.0553,-34.5977],[-52.0555,-34.5975],[-52.0558,-34.5974],[-52.0561,-34.5972],[-52.0564,-34.597],[-52.0566,-34.5968],[-52.0569,-34.5966],[-52.0572,-34.5965],[-52.0575,-34.5963],[-52.0577,-34.5961],[-52.058,-34.5959],[-52.0583,-34.5958],[-52.0586,-34.5956],[-52.0588,-34.5954],[-52.0591,-34.5952],[-52.0594,-34.595],[-52.0597,-34.5949],[-52.0599,-34.5947],[-52.0602,-34.5945],[-52.0605,-34.5943],[-52.0608,-34.5942],[-52.061,-34.594],[-52.0613,-34.5938],[-52.0616,-34.5936],[-52.0619,-34.5934],[-52.0621,-34.5933],[-52.0624,-34.5931],[-52.0627,-34.5929],[-52.063,-34.5927],[-52.0632,-34.5926],[-52.0635,-34.5924],[-52.0638,-34.5922],[-52.0641,-34.592],[-52.0643,-34.5918],[-52.0646,-34.5917],[-52.0649,-34.5915],[-52.0652,-34.5913],[-52.0654,-34.5911],[-52.0657,-34.591],[-52.066,-34.5908],[-52.0663,-34.5906],[-52.0665,-34.5904],[-52.0668,-34.5903],[-52.0671,-34.5901],[-52.0674,-34.5899],[-52.0676,-34.5897],[-52.0679,-34.5895],[-52.0682,-34.5894],[-52.0685,-34.5892],[-52.0687,-34.589],[-52.069,-34.5888],[-52.0693,-34.5887],[-52.0696,-34.5885],[-52.0698,-34.5883],[-52.0701,-34.5881],[-52.0704,-34.5879],[-52.0707,-34.5878],[-52.0709,-34.5876],[-52.0712,-34.5874],[-52.0715,-34.5872],[-52.0718,-34.5871],[-52.072,-34.5869],[-52.0723,-34.5867],[-52.0726,-34.5865],[-52.0729,-34.5863],[-52.0731,-34.5862],[-52.0734,-34.586],[-52.0737,-34.5858],[-52.074,-34.5856],[-52.0742,-34.5855],[-52.0745,-34.5853],[-52.0748,-34.5851],[-52.0751,-34.5849],[-52.0753,-34.5847],[-52.0756,-34.5846],[-52.0759,-34.5844],[-52.0762,-34.5842],[-52.0764,-34.584],[-52.0767,-34.5839],[-52.077,-34.5837],[-52.0773,-34.5835],[-52.0775,-34.5833],[-52.0778,-34.5831],[-52.0781,-34.583],[-52.0784,-34.5828],[-52.0786,-34.5826],[-52.0789,-34.5824],[-52.0792,-34.5823],[-52.0795,-34.5821],[-52.0797,-34.5819],[-52.08,-34.5817],[-52.0803,-34.5815],[-52.0806,-34.5814],[-52.0808,-34.5812],[-52.0811,-34.581],[-52.0814,-34.5808],[-52.0817,-34.5807],[-52.0819,-34.5805],[-52.0822,-34.5803],[-52.0825,-34.5801],[-52.0828,-34.5799],[-52.083,-34.5798],[-52.0833,-34.5796],[-52.0836,-34.5794],[-52.0839,-34.5792],[-52.0841,-34.5791],[-52.0844,-34.5789],[-52.0847,-34.5787],[-52.085,-34.5785],[-52.0852,-34.5783],[-52.0855,-34.5782],[-52.0858,-34.578],[-52.0861,-34.5778],[-52.0863,-34.5776],[-52.0866,-34.5775],[-52.0869,-34.5773],[-52.0872,-34.5771],[-52.0874,-34.5769],[-52.0877,-34.5767],[-52.088,-34.5766],[-52.0883,-34.5764],[-52.0885,-34.5762],[-52.0888,-34.576],[-52.0891,-34.5759],[-52.0894,-34.5757],[-52.0896,-34.5755],[-52.0899,-34.5753],[-52.0902,-34.5751],[-52.0905,-34.575],[-52.0907,-34.5748],[-52.091,-34.5746],[-52.0913,-34.5744],[-52.0916,-34.5743],[-52.0918,-34.5741],[-52.0921,-34.5739],[-52.0924,-34.5737],[-52.0927,-34.5736],[-52.0929,-34.5734],[-52.0932,-34.5732],[-52.0935,-34.573],[-52.0938,-34.5728],[-52.094,-34.5727],[-52.0943,-34.5725],[-52.0946,-34.5723],[-52.0949,-34.5721],[-52.0951,-34.572],[-52.0954,-34.5718],[-52.0957,-34.5716],[-52.096,-34.5714],[-52.0962,-34.5712],[-52.0965,-34.5711],[-52.0968,-34.5709],[-52.0971,-34.5707],[-52.0973,-34.5705],[-52.0976,-34.5704],[-52.0979,-34.5702],[-52.0982,-34.57],[-52.0984,-34.5698],[-52.0987,-34.5696],[-52.099,-34.5695],[-52.0993,-34.5693],[-52.0995,-34.5691],[-52.0998,-34.5689],[-52.1001,-34.5688],[-52.1004,-34.5686],[-52.1006,-34.5684],[-52.1009,-34.5682],[-52.1012,-34.568],[-52.1015,-34.5679],[-52.1017,-34.5677],[-52.102,-34.5675],[-52.1023,-34.5673],[-52.1026,-34.5672],[-52.1028,-34.567],[-52.1031,-34.5668],[-52.1034,-34.5666],[-52.1037,-34.5664],[-52.1039,-34.5663],[-52.1042,-34.5661],[-52.1045,-34.5659],[-52.1048,-34.5657],[-52.105,-34.5656],[-52.1053,-34.5654],[-52.1056,-34.5652],[-52.1059,-34.565],[-52.1061,-34.5648],[-52.1064,-34.5647],[-52.1067,-34.5645],[-52.107,-34.5643],[-52.1072,-34.5641],[-52.1075,-34.564],[-52.1078,-34.5638],[-52.1081,-34.5636],[-52.1083,-34.5634],[-52.1086,-34.5632],[-52.1089,-34.5631],[-52.1092,-34.5629],[-52.1094,-34.5627],[-52.1097,-34.5625],[-52.11,-34.5624],[-52.1103,-34.5622],[-52.1105,-34.562],[-52.1108,-34.5618],[-52.1111,-34.5616],[-52.1113,-34.5615],[-52.1116,-34.5613],[-52.1119,-34.5611],[-52.1122,-34.5609],[-52.1124,-34.5608],[-52.1127,-34.5606],[-52.113,-34.5604],[-52.1133,-34.5602],[-52.1135,-34.56],[-52.1138,-34.5599],[-52.1141,-34.5597],[-52.1144,-34.5595],[-52.1146,-34.5593],[-52.1149,-34.5592],[-52.1152,-34.559],[-52.1155,-34.5588],[-52.1157,-34.5586],[-52.116,-34.5584],[-52.1163,-34.5583],[-52.1166,-34.5581],[-52.1168,-34.5579],[-52.1171,-34.5577],[-52.1174,-34.5576],[-52.1177,-34.5574],[-52.1179,-34.5572],[-52.1182,-34.557],[-52.1185,-34.5569],[-52.1188,-34.5567],[-52.119,-34.5565],[-52.1193,-34.5563],[-52.1196,-34.5561],[-52.1199,-34.556],[-52.1201,-34.5558],[-52.1204,-34.5556],[-52.1207,-34.5554],[-52.121,-34.5553],[-52.1212,-34.5551],[-52.1215,-34.5549],[-52.1218,-34.5547],[-52.1221,-34.5545],[-52.1223,-34.5544],[-52.1226,-34.5542],[-52.1229,-34.554],[-52.1232,-34.5538],[-52.1234,-34.5537],[-52.1237,-34.5535],[-52.124,-34.5533],[-52.1243,-34.5531],[-52.1245,-34.5529],[-52.1248,-34.5528],[-52.1251,-34.5526],[-52.1254,-34.5524],[-52.1256,-34.5522],[-52.1259,-34.5521],[-52.1262,-34.5519],[-52.1265,-34.5517],[-52.1267,-34.5515],[-52.127,-34.5513],[-52.1273,-34.5512],[-52.1276,-34.551],[-52.1278,-34.5508],[-52.1281,-34.5506],[-52.1284,-34.5505],[-52.1287,-34.5503],[-52.1289,-34.5501],[-52.1292,-34.5499],[-52.1295,-34.5497],[-52.1298,-34.5496],[-52.13,-34.5494],[-52.1303,-34.5492],[-52.1306,-34.549],[-52.1309,-34.5489],[-52.1311,-34.5487],[-52.1314,-34.5485],[-52.1317,-34.5483],[-52.132,-34.5481],[-52.1322,-34.548],[-52.1325,-34.5478],[-52.1328,-34.5476],[-52.1331,-34.5474],[-52.1333,-34.5473],[-52.1336,-34.5471],[-52.1339,-34.5469],[-52.1342,-34.5467],[-52.1344,-34.5465],[-52.1347,-34.5464],[-52.135,-34.5462],[-52.1353,-34.546],[-52.1355,-34.5458],[-52.1358,-34.5457],[-52.1361,-34.5455],[-52.1364,-34.5453],[-52.1366,-34.5451],[-52.1369,-34.5449],[-52.1372,-34.5448],[-52.1375,-34.5446],[-52.1377,-34.5444],[-52.138,-34.5442],[-52.1383,-34.5441],[-52.1386,-34.5439],[-52.1388,-34.5437],[-52.1391,-34.5435],[-52.1394,-34.5433],[-52.1397,-34.5432],[-52.1399,-34.543],[-52.1402,-34.5428],[-52.1405,-34.5426],[-52.1408,-34.5425],[-52.141,-34.5423],[-52.1413,-34.5421],[-52.1416,-34.5419],[-52.1419,-34.5417],[-52.1421,-34.5416],[-52.1424,-34.5414],[-52.1427,-34.5412],[-52.143,-34.541],[-52.1432,-34.5409],[-52.1435,-34.5407],[-52.1438,-34.5405],[-52.1441,-34.5403],[-52.1443,-34.5401],[-52.1446,-34.54],[-52.1449,-34.5398],[-52.1452,-34.5396],[-52.1454,-34.5394],[-52.1457,-34.5393],[-52.146,-34.5391],[-52.1463,-34.5389],[-52.1465,-34.5387],[-52.1468,-34.5386],[-52.1471,-34.5384],[-52.1474,-34.5382],[-52.1476,-34.538],[-52.1479,-34.5378],[-52.1482,-34.5377],[-52.1485,-34.5375],[-52.1487,-34.5373],[-52.149,-34.5371],[-52.1493,-34.537],[-52.1496,-34.5368],[-52.1498,-34.5366],[-52.1501,-34.5364],[-52.1504,-34.5362],[-52.1507,-34.5361],[-52.1509,-34.5359],[-52.1512,-34.5357],[-52.1515,-34.5355],[-52.1517,-34.5354],[-52.152,-34.5352],[-52.1523,-34.535],[-52.1526,-34.5348],[-52.1528,-34.5346],[-52.1531,-34.5345],[-52.1534,-34.5343],[-52.1537,-34.5341],[-52.1539,-34.5339],[-52.1542,-34.5338],[-52.1545,-34.5336],[-52.1548,-34.5334],[-52.155,-34.5332],[-52.1553,-34.533],[-52.1556,-34.5329],[-52.1559,-34.5327],[-52.1561,-34.5325],[-52.1564,-34.5323],[-52.1567,-34.5322],[-52.157,-34.532],[-52.1572,-34.5318],[-52.1575,-34.5316],[-52.1578,-34.5314],[-52.1581,-34.5313],[-52.1583,-34.5311],[-52.1586,-34.5309],[-52.1589,-34.5307],[-52.1592,-34.5306],[-52.1594,-34.5304],[-52.1597,-34.5302],[-52.16,-34.53],[-52.1603,-34.5298],[-52.1605,-34.5297],[-52.1608,-34.5295],[-52.1611,-34.5293],[-52.1614,-34.5291],[-52.1616,-34.529],[-52.1619,-34.5288],[-52.1622,-34.5286],[-52.1625,-34.5284],[-52.1627,-34.5282],[-52.163,-34.5281],[-52.1633,-34.5279],[-52.1636,-34.5277],[-52.1638,-34.5275],[-52.1641,-34.5274],[-52.1644,-34.5272],[-52.1647,-34.527],[-52.1649,-34.5268],[-52.1652,-34.5266],[-52.1655,-34.5265],[-52.1658,-34.5263],[-52.166,-34.5261],[-52.1663,-34.5259],[-52.1666,-34.5258],[-52.1669,-34.5256],[-52.1671,-34.5254],[-52.1674,-34.5252],[-52.1677,-34.525],[-52.168,-34.5249],[-52.1682,-34.5247],[-52.1685,-34.5245],[-52.1688,-34.5243],[-52.1691,-34.5242],[-52.1693,-34.524],[-52.1696,-34.5238],[-52.1699,-34.5236],[-52.1702,-34.5234],[-52.1704,-34.5233],[-52.1707,-34.5231],[-52.171,-34.5229],[-52.1713,-34.5227],[-52.1715,-34.5226],[-52.1718,-34.5224],[-52.1721,-34.5222],[-52.1724,-34.522],[-52.1726,-34.5219],[-52.1729,-34.5217],[-52.1732,-34.5215],[-52.1735,-34.5213],[-52.1737,-34.5211],[-52.174,-34.521],[-52.1743,-34.5208],[-52.1746,-34.5206],[-52.1748,-34.5204],[-52.1751,-34.5203],[-52.1754,-34.5201],[-52.1757,-34.5199],[-52.1759,-34.5197],[-52.1762,-34.5195],[-52.1765,-34.5194],[-52.1768,-34.5192],[-52.177,-34.519],[-52.1773,-34.5188],[-52.1776,-34.5187],[-52.1779,-34.5185],[-52.1781,-34.5183],[-52.1784,-34.5181],[-52.1787,-34.5179],[-52.179,-34.5178],[-52.1792,-34.5176],[-52.1795,-34.5174],[-52.1798,-34.5172],[-52.18,-34.5171],[-52.1803,-34.5169],[-52.1806,-34.5167],[-52.1809,-34.5165],[-52.1811,-34.5163],[-52.1814,-34.5162],[-52.1817,-34.516],[-52.182,-34.5158],[-52.1822,-34.5156],[-52.1825,-34.5155],[-52.1828,-34.5153],[-52.1831,-34.5151],[-52.1833,-34.5149],[-52.1836,-34.5147],[-52.1839,-34.5146],[-52.1842,-34.5144],[-52.1844,-34.5142],[-52.1847,-34.514],[-52.185,-34.5139],[-52.1853,-34.5137],[-52.1855,-34.5135],[-52.1858,-34.5133],[-52.1861,-34.5131],[-52.1864,-34.513],[-52.1866,-34.5128],[-52.1869,-34.5126],[-52.1872,-34.5124],[-52.1875,-34.5123],[-52.1877,-34.5121],[-52.188,-34.5119],[-52.1883,-34.5117],[-52.1886,-34.5115],[-52.1888,-34.5114],[-52.1891,-34.5112],[-52.1894,-34.511],[-52.1897,-34.5108],[-52.1899,-34.5107],[-52.1902,-34.5105],[-52.1905,-34.5103],[-52.1908,-34.5101],[-52.191,-34.5099],[-52.1913,-34.5098],[-52.1916,-34.5096],[-52.1919,-34.5094],[-52.1921,-34.5092],[-52.1924,-34.5091],[-52.1927,-34.5089],[-52.193,-34.5087],[-52.1932,-34.5085],[-52.1935,-34.5083],[-52.1938,-34.5082],[-52.1941,-34.508],[-52.1943,-34.5078],[-52.1946,-34.5076],[-52.1949,-34.5075],[-52.1952,-34.5073],[-52.1954,-34.5071],[-52.1957,-34.5069],[-52.196,-34.5067],[-52.1963,-34.5066],[-52.1965,-34.5064],[-52.1968,-34.5062],[-52.1971,-34.506],[-52.1974,-34.5059],[-52.1976,-34.5057],[-52.1979,-34.5055],[-52.1982,-34.5053],[-52.1985,-34.5052],[-52.1987,-34.505],[-52.199,-34.5048],[-52.1993,-34.5046],[-52.1996,-34.5044],[-52.1998,-34.5043],[-52.2001,-34.5041],[-52.2004,-34.5039],[-52.2007,-34.5037],[-52.2009,-34.5036],[-52.2012,-34.5034],[-52.2015,-34.5032],[-52.2018,-34.503],[-52.202,-34.5028],[-52.2023,-34.5027],[-52.2026,-34.5025],[-52.2028,-34.5023],[-52.2031,-34.5021],[-52.2034,-34.502],[-52.2037,-34.5018],[-52.2039,-34.5016],[-52.2042,-34.5014],[-52.2045,-34.5012],[-52.2048,-34.5011],[-52.205,-34.5009],[-52.2053,-34.5007],[-52.2056,-34.5005],[-52.2059,-34.5004],[-52.2061,-34.5002],[-52.2064,-34.5],[-52.2067,-34.4998],[-52.207,-34.4996],[-52.2072,-34.4995],[-52.2075,-34.4993],[-52.2078,-34.4991],[-52.2081,-34.4989],[-52.2083,-34.4988],[-52.2086,-34.4986],[-52.2089,-34.4984],[-52.2092,-34.4982],[-52.2094,-34.498],[-52.2097,-34.4979],[-52.21,-34.4977],[-52.2103,-34.4975],[-52.2105,-34.4973],[-52.2108,-34.4972],[-52.2111,-34.497],[-52.2114,-34.4968],[-52.2116,-34.4966],[-52.2119,-34.4964],[-52.2122,-34.4963],[-52.2125,-34.4961],[-52.2127,-34.4959],[-52.213,-34.4957],[-52.2133,-34.4956],[-52.2136,-34.4954],[-52.2138,-34.4952],[-52.2141,-34.495],[-52.2144,-34.4948],[-52.2147,-34.4947],[-52.2149,-34.4945],[-52.2152,-34.4943],[-52.2155,-34.4941],[-52.2158,-34.494],[-52.216,-34.4938],[-52.2163,-34.4936],[-52.2166,-34.4934],[-52.2169,-34.4932],[-52.2171,-34.4931],[-52.2174,-34.4929],[-52.2177,-34.4927],[-52.218,-34.4925],[-52.2182,-34.4924],[-52.2185,-34.4922],[-52.2188,-34.492],[-52.2191,-34.4918],[-52.2193,-34.4916],[-52.2196,-34.4915],[-52.2199,-34.4913],[-52.2202,-34.4911],[-52.2204,-34.4909],[-52.2207,-34.4908],[-52.221,-34.4906],[-52.2213,-34.4904],[-52.2215,-34.4902],[-52.2218,-34.49],[-52.2221,-34.4899],[-52.2223,-34.4897],[-52.2226,-34.4895],[-52.2229,-34.4893],[-52.2232,-34.4892],[-52.2234,-34.489],[-52.2237,-34.4888],[-52.224,-34.4886],[-52.2243,-34.4885],[-52.2245,-34.4883],[-52.2248,-34.4881],[-52.2251,-34.4879],[-52.2254,-34.4877],[-52.2256,-34.4876],[-52.2259,-34.4874],[-52.2262,-34.4872],[-52.2265,-34.487],[-52.2267,-34.4869],[-52.227,-34.4867],[-52.2273,-34.4865],[-52.2276,-34.4863],[-52.2278,-34.4861],[-52.2281,-34.486],[-52.2284,-34.4858],[-52.2287,-34.4856],[-52.2289,-34.4854],[-52.2292,-34.4853],[-52.2295,-34.4851],[-52.2298,-34.4849],[-52.23,-34.4847],[-52.2303,-34.4845],[-52.2306,-34.4844],[-52.2309,-34.4842],[-52.2311,-34.484],[-52.2314,-34.4838],[-52.2317,-34.4837],[-52.232,-34.4835],[-52.2322,-34.4833],[-52.2325,-34.4831],[-52.2328,-34.4829],[-52.2331,-34.4828],[-52.2333,-34.4826],[-52.2336,-34.4824],[-52.2339,-34.4822],[-52.2342,-34.4821],[-52.2344,-34.4819],[-52.2347,-34.4817],[-52.235,-34.4815],[-52.2353,-34.4813],[-52.2355,-34.4812],[-52.2358,-34.481],[-52.2361,-34.4808],[-52.2364,-34.4806],[-52.2366,-34.4805],[-52.2369,-34.4803],[-52.2372,-34.4801],[-52.2375,-34.4799],[-52.2377,-34.4797],[-52.238,-34.4796],[-52.2383,-34.4794],[-52.2386,-34.4792],[-52.2388,-34.479],[-52.2391,-34.4789],[-52.2394,-34.4787],[-52.2397,-34.4785],[-52.2399,-34.4783],[-52.2402,-34.4781],[-52.2405,-34.478],[-52.2407,-34.4778],[-52.241,-34.4776],[-52.2413,-34.4774],[-52.2416,-34.4773],[-52.2418,-34.4771],[-52.2421,-34.4769],[-52.2424,-34.4767],[-52.2427,-34.4765],[-52.2429,-34.4764],[-52.2432,-34.4762],[-52.2435,-34.476],[-52.2438,-34.4758],[-52.244,-34.4757],[-52.2443,-34.4755],[-52.2446,-34.4753],[-52.2449,-34.4751],[-52.2451,-34.4749],[-52.2454,-34.4748],[-52.2457,-34.4746],[-52.246,-34.4744],[-52.2462,-34.4742],[-52.2465,-34.4741],[-52.2468,-34.4739],[-52.2471,-34.4737],[-52.2473,-34.4735],[-52.2476,-34.4733],[-52.2479,-34.4732],[-52.2482,-34.473],[-52.2484,-34.4728],[-52.2487,-34.4726],[-52.249,-34.4725],[-52.2493,-34.4723],[-52.2495,-34.4721],[-52.2498,-34.4719],[-52.2501,-34.4717],[-52.2504,-34.4716],[-52.2506,-34.4714],[-52.2509,-34.4712],[-52.2512,-34.471],[-52.2515,-34.4709],[-52.2517,-34.4707],[-52.252,-34.4705],[-52.2523,-34.4703],[-52.2526,-34.4702],[-52.2528,-34.47],[-52.2531,-34.4698],[-52.2534,-34.4696],[-52.2537,-34.4694],[-52.2539,-34.4693],[-52.2542,-34.4691],[-52.2545,-34.4689],[-52.2548,-34.4687],[-52.255,-34.4686],[-52.2553,-34.4684],[-52.2556,-34.4682],[-52.2559,-34.468],[-52.2561,-34.4678],[-52.2564,-34.4677],[-52.2567,-34.4675],[-52.2569,-34.4673],[-52.2572,-34.4671],[-52.2575,-34.467],[-52.2578,-34.4668],[-52.258,-34.4666],[-52.2583,-34.4664],[-52.2586,-34.4662],[-52.2589,-34.4661],[-52.2591,-34.4659],[-52.2594,-34.4657],[-52.2597,-34.4655],[-52.26,-34.4654],[-52.2602,-34.4652],[-52.2605,-34.465],[-52.2608,-34.4648],[-52.2611,-34.4646],[-52.2613,-34.4645],[-52.2616,-34.4643],[-52.2619,-34.4641],[-52.2622,-34.4639],[-52.2624,-34.4638],[-52.2627,-34.4636],[-52.263,-34.4634],[-52.2633,-34.4632],[-52.2635,-34.463],[-52.2638,-34.4629],[-52.2641,-34.4627],[-52.2644,-34.4625],[-52.2646,-34.4623],[-52.2649,-34.4622],[-52.2652,-34.462],[-52.2655,-34.4618],[-52.2657,-34.4616],[-52.266,-34.4614],[-52.2663,-34.4613],[-52.2666,-34.4611],[-52.2668,-34.4609],[-52.2671,-34.4607],[-52.2674,-34.4606],[-52.2677,-34.4604],[-52.2679,-34.4602],[-52.2682,-34.46],[-52.2685,-34.4598],[-52.2688,-34.4597],[-52.269,-34.4595],[-52.2693,-34.4593],[-52.2696,-34.4591],[-52.2699,-34.459],[-52.2701,-34.4588],[-52.2704,-34.4586],[-52.2707,-34.4584],[-52.271,-34.4582],[-52.2712,-34.4581],[-52.2715,-34.4579],[-52.2718,-34.4577],[-52.272,-34.4575],[-52.2723,-34.4574],[-52.2726,-34.4572],[-52.2729,-34.457],[-52.2731,-34.4568],[-52.2734,-34.4566],[-52.2737,-34.4565],[-52.274,-34.4563],[-52.2742,-34.4561],[-52.2745,-34.4559],[-52.2748,-34.4558],[-52.2751,-34.4556],[-52.2753,-34.4554],[-52.2756,-34.4552],[-52.2759,-34.455],[-52.2762,-34.4549],[-52.2764,-34.4547],[-52.2767,-34.4545],[-52.277,-34.4543],[-52.2773,-34.4542],[-52.2775,-34.454],[-52.2778,-34.4538],[-52.2781,-34.4536],[-52.2784,-34.4535],[-52.2786,-34.4533],[-52.2789,-34.4531],[-52.2792,-34.4529],[-52.2795,-34.4527],[-52.2797,-34.4526],[-52.28,-34.4524],[-52.2803,-34.4522],[-52.2806,-34.452],[-52.2808,-34.4519],[-52.2811,-34.4517],[-52.2814,-34.4515],[-52.2817,-34.4513],[-52.2819,-34.4511],[-52.2822,-34.451],[-52.2825,-34.4508],[-52.2828,-34.4506],[-52.283,-34.4504],[-52.2833,-34.4503],[-52.2836,-34.4501],[-52.2839,-34.4499],[-52.2841,-34.4497],[-52.2844,-34.4495],[-52.2847,-34.4494],[-52.285,-34.4492],[-52.2852,-34.449],[-52.2855,-34.4488],[-52.2858,-34.4487],[-52.286,-34.4485],[-52.2863,-34.4483],[-52.2866,-34.4481],[-52.2869,-34.4479],[-52.2871,-34.4478],[-52.2874,-34.4476],[-52.2877,-34.4474],[-52.288,-34.4472],[-52.2882,-34.4471],[-52.2885,-34.4469],[-52.2888,-34.4467],[-52.2891,-34.4465],[-52.2893,-34.4463],[-52.2896,-34.4462],[-52.2899,-34.446],[-52.2902,-34.4458],[-52.2904,-34.4456],[-52.2907,-34.4455],[-52.291,-34.4453],[-52.2913,-34.4451],[-52.2915,-34.4449],[-52.2918,-34.4447],[-52.2921,-34.4446],[-52.2924,-34.4444],[-52.2926,-34.4442],[-52.2929,-34.444],[-52.2932,-34.4439],[-52.2935,-34.4437],[-52.2937,-34.4435],[-52.294,-34.4433],[-52.2943,-34.4431],[-52.2946,-34.443],[-52.2948,-34.4428],[-52.2951,-34.4426],[-52.2954,-34.4424],[-52.2957,-34.4423],[-52.2959,-34.4421],[-52.2962,-34.4419],[-52.2965,-34.4417],[-52.2968,-34.4415],[-52.297,-34.4414],[-52.2973,-34.4412],[-52.2976,-34.441],[-52.2979,-34.4408],[-52.2981,-34.4407],[-52.2984,-34.4405],[-52.2987,-34.4403],[-52.299,-34.4401],[-52.2992,-34.4399],[-52.2995,-34.4398],[-52.2998,-34.4396],[-52.3,-34.4394],[-52.3003,-34.4392],[-52.3006,-34.4391],[-52.3009,-34.4389],[-52.3011,-34.4387],[-52.3014,-34.4385],[-52.3017,-34.4383],[-52.302,-34.4382],[-52.3022,-34.438],[-52.3025,-34.4378],[-52.3028,-34.4376],[-52.3031,-34.4375],[-52.3033,-34.4373],[-52.3036,-34.4371],[-52.3039,-34.4369],[-52.3042,-34.4368],[-52.3044,-34.4366],[-52.3047,-34.4364],[-52.305,-34.4362],[-52.3053,-34.436],[-52.3055,-34.4359],[-52.3058,-34.4357],[-52.3061,-34.4355],[-52.3064,-34.4353],[-52.3066,-34.4352],[-52.3069,-34.435],[-52.3072,-34.4348],[-52.3075,-34.4346],[-52.3077,-34.4344],[-52.308,-34.4343],[-52.3083,-34.4341],[-52.3086,-34.4339],[-52.3088,-34.4337],[-52.3091,-34.4336],[-52.3094,-34.4334],[-52.3097,-34.4332],[-52.3099,-34.433],[-52.3102,-34.4328],[-52.3105,-34.4327],[-52.3108,-34.4325],[-52.311,-34.4323],[-52.3113,-34.4321],[-52.3116,-34.432],[-52.3118,-34.4318],[-52.3121,-34.4316],[-52.3124,-34.4314],[-52.3127,-34.4312],[-52.3129,-34.4311],[-52.3132,-34.4309],[-52.3135,-34.4307],[-52.3138,-34.4305],[-52.314,-34.4304],[-52.3143,-34.4302],[-52.3146,-34.43],[-52.3149,-34.4298],[-52.3151,-34.4296],[-52.3154,-34.4295],[-52.3157,-34.4293],[-52.316,-34.4291],[-52.3162,-34.4289],[-52.3165,-34.4288],[-52.3168,-34.4286],[-52.3171,-34.4284],[-52.3173,-34.4282],[-52.3176,-34.428],[-52.3179,-34.4279],[-52.3182,-34.4277],[-52.3184,-34.4275],[-52.3187,-34.4273],[-52.319,-34.4272],[-52.3193,-34.427],[-52.3195,-34.4268],[-52.3198,-34.4266],[-52.3201,-34.4264],[-52.3204,-34.4263],[-52.3206,-34.4261],[-52.3209,-34.4259],[-52.3212,-34.4257],[-52.3215,-34.4256],[-52.3217,-34.4254],[-52.322,-34.4252],[-52.3223,-34.425],[-52.3226,-34.4248],[-52.3228,-34.4247],[-52.3231,-34.4245],[-52.3234,-34.4243],[-52.3237,-34.4241],[-52.3239,-34.424],[-52.3242,-34.4238],[-52.3245,-34.4236],[-52.3247,-34.4234],[-52.325,-34.4232],[-52.3253,-34.4231],[-52.3256,-34.4229],[-52.3258,-34.4227],[-52.3261,-34.4225],[-52.3264,-34.4224],[-52.3267,-34.4222],[-52.3269,-34.422],[-52.3272,-34.4218],[-52.3275,-34.4216],[-52.3278,-34.4215],[-52.328,-34.4213],[-52.3283,-34.4211],[-52.3286,-34.4209],[-52.3289,-34.4208],[-52.3291,-34.4206],[-52.3294,-34.4204],[-52.3297,-34.4202],[-52.33,-34.42],[-52.3302,-34.4199],[-52.3305,-34.4197],[-52.3308,-34.4195],[-52.3311,-34.4193],[-52.3313,-34.4192],[-52.3316,-34.419],[-52.3319,-34.4188],[-52.3322,-34.4186],[-52.3324,-34.4185],[-52.3327,-34.4183],[-52.333,-34.4181],[-52.3333,-34.4179],[-52.3335,-34.4177],[-52.3338,-34.4176],[-52.3341,-34.4174],[-52.3344,-34.4172],[-52.3346,-34.417],[-52.3349,-34.4169],[-52.3352,-34.4167],[-52.3354,-34.4165],[-52.3357,-34.4163],[-52.336,-34.4161],[-52.3363,-34.416],[-52.3365,-34.4158],[-52.3368,-34.4156],[-52.3371,-34.4154],[-52.3374,-34.4153],[-52.3376,-34.4151],[-52.3379,-34.4149],[-52.3382,-34.4147],[-52.3385,-34.4145],[-52.3387,-34.4144],[-52.339,-34.4142],[-52.3393,-34.414],[-52.3396,-34.4138],[-52.3398,-34.4137],[-52.3401,-34.4135],[-52.3404,-34.4133],[-52.3407,-34.4131],[-52.3409,-34.4129],[-52.3412,-34.4128],[-52.3415,-34.4126],[-52.3418,-34.4124],[-52.342,-34.4122],[-52.3423,-34.4121],[-52.3426,-34.4119],[-52.3429,-34.4117],[-52.3431,-34.4115],[-52.3434,-34.4113],[-52.3437,-34.4112],[-52.344,-34.411],[-52.3442,-34.4108],[-52.3445,-34.4106],[-52.3448,-34.4105],[-52.3451,-34.4103],[-52.3453,-34.4101],[-52.3456,-34.4099],[-52.3459,-34.4097],[-52.3462,-34.4096],[-52.3464,-34.4094],[-52.3467,-34.4092],[-52.347,-34.409],[-52.3472,-34.4089],[-52.3475,-34.4087],[-52.3478,-34.4085],[-52.3481,-34.4083],[-52.3483,-34.4081],[-52.3486,-34.408],[-52.3489,-34.4078],[-52.3492,-34.4076],[-52.3494,-34.4074],[-52.3497,-34.4073],[-52.35,-34.4071],[-52.3503,-34.4069],[-52.3505,-34.4067],[-52.3508,-34.4065],[-52.3511,-34.4064],[-52.3514,-34.4062],[-52.3516,-34.406],[-52.3519,-34.4058],[-52.3522,-34.4057],[-52.3525,-34.4055],[-52.3527,-34.4053],[-52.353,-34.4051],[-52.3533,-34.4049],[-52.3536,-34.4048],[-52.3538,-34.4046],[-52.3541,-34.4044],[-52.3544,-34.4042],[-52.3547,-34.4041],[-52.3549,-34.4039],[-52.3552,-34.4037],[-52.3555,-34.4035],[-52.3558,-34.4033],[-52.356,-34.4032],[-52.3563,-34.403],[-52.3566,-34.4028],[-52.3569,-34.4026],[-52.3571,-34.4025],[-52.3574,-34.4023],[-52.3577,-34.4021],[-52.3579,-34.4019],[-52.3582,-34.4018],[-52.3585,-34.4016],[-52.3588,-34.4014],[-52.359,-34.4012],[-52.3593,-34.401],[-52.3596,-34.4009],[-52.3599,-34.4007],[-52.3601,-34.4005],[-52.3604,-34.4003],[-52.3607,-34.4002],[-52.361,-34.4],[-52.3612,-34.3998],[-52.3615,-34.3996],[-52.3618,-34.3994],[-52.3621,-34.3993],[-52.3623,-34.3991],[-52.3626,-34.3989],[-52.3629,-34.3987],[-52.3632,-34.3986],[-52.3634,-34.3984],[-52.3637,-34.3982],[-52.364,-34.398],[-52.3643,-34.3978],[-52.3645,-34.3977],[-52.3648,-34.3975],[-52.3651,-34.3973],[-52.3654,-34.3971],[-52.3656,-34.397],[-52.3659,-34.3968],[-52.3662,-34.3966],[-52.3665,-34.3964],[-52.3667,-34.3962],[-52.367,-34.3961],[-52.3673,-34.3959],[-52.3676,-34.3957],[-52.3678,-34.3955],[-52.3681,-34.3954],[-52.3684,-34.3952],[-52.3686,-34.395],[-52.3689,-34.3948],[-52.3692,-34.3946],[-52.3695,-34.3945],[-52.3697,-34.3943],[-52.37,-34.3941],[-52.3703,-34.3939],[-52.3706,-34.3938],[-52.3708,-34.3936],[-52.3711,-34.3934],[-52.3714,-34.3932],[-52.3717,-34.393],[-52.3719,-34.3929],[-52.3722,-34.3927],[-52.3725,-34.3925],[-52.3728,-34.3923],[-52.373,-34.3922],[-52.3733,-34.392],[-52.3736,-34.3918],[-52.3739,-34.3916],[-52.3741,-34.3914],[-52.3744,-34.3913],[-52.3747,-34.3911],[-52.375,-34.3909],[-52.3752,-34.3907],[-52.3755,-34.3906],[-52.3758,-34.3904],[-52.3761,-34.3902],[-52.3763,-34.39],[-52.3766,-34.3898],[-52.3769,-34.3897],[-52.3772,-34.3895],[-52.3774,-34.3893],[-52.3777,-34.3891],[-52.378,-34.389],[-52.3782,-34.3888],[-52.3785,-34.3886],[-52.3788,-34.3884],[-52.3791,-34.3882],[-52.3793,-34.3881],[-52.3796,-34.3879],[-52.3799,-34.3877],[-52.3802,-34.3875],[-52.3804,-34.3874],[-52.3807,-34.3872],[-52.381,-34.387],[-52.3813,-34.3868],[-52.3815,-34.3866],[-52.3818,-34.3865],[-52.3821,-34.3863],[-52.3824,-34.3861],[-52.3826,-34.3859],[-52.3829,-34.3858],[-52.3832,-34.3856],[-52.3835,-34.3854],[-52.3837,-34.3852],[-52.384,-34.385],[-52.3843,-34.3849],[-52.3846,-34.3847],[-52.3848,-34.3845],[-52.3851,-34.3843],[-52.3854,-34.3842],[-52.3857,-34.384],[-52.3859,-34.3838],[-52.3862,-34.3836],[-52.3865,-34.3835],[-52.3868,-34.3833],[-52.387,-34.3831],[-52.3873,-34.3829],[-52.3876,-34.3827],[-52.3878,-34.3826],[-52.3881,-34.3824],[-52.3884,-34.3822],[-52.3887,-34.382],[-52.3889,-34.3819],[-52.3892,-34.3817],[-52.3895,-34.3815],[-52.3898,-34.3813],[-52.39,-34.3811],[-52.3903,-34.381],[-52.3906,-34.3808],[-52.3909,-34.3806],[-52.3911,-34.3804],[-52.3914,-34.3803],[-52.3917,-34.3801],[-52.392,-34.3799],[-52.3922,-34.3797],[-52.3925,-34.3795],[-52.3928,-34.3794],[-52.3931,-34.3792],[-52.3933,-34.379],[-52.3936,-34.3788],[-52.3939,-34.3787],[-52.3942,-34.3785],[-52.3944,-34.3783],[-52.3947,-34.3781],[-52.395,-34.3779],[-52.3953,-34.3778],[-52.3955,-34.3776],[-52.3958,-34.3774],[-52.3961,-34.3772],[-52.3964,-34.3771],[-52.3966,-34.3769],[-52.3969,-34.3767],[-52.3972,-34.3765],[-52.3974,-34.3763],[-52.3977,-34.3762],[-52.398,-34.376],[-52.3983,-34.3758],[-52.3985,-34.3756],[-52.3988,-34.3755],[-52.3991,-34.3753],[-52.3994,-34.3751],[-52.3996,-34.3749],[-52.3999,-34.3747],[-52.4002,-34.3746],[-52.4005,-34.3744],[-52.4007,-34.3742],[-52.401,-34.374],[-52.4013,-34.3739],[-52.4016,-34.3737],[-52.4018,-34.3735],[-52.4021,-34.3733],[-52.4024,-34.3731],[-52.4027,-34.373],[-52.4029,-34.3728],[-52.4032,-34.3726],[-52.4035,-34.3724],[-52.4038,-34.3723],[-52.404,-34.3721],[-52.4043,-34.3719],[-52.4046,-34.3717],[-52.4049,-34.3715],[-52.4051,-34.3714],[-52.4054,-34.3712],[-52.4057,-34.371],[-52.406,-34.3708],[-52.4062,-34.3707],[-52.4065,-34.3705],[-52.4068,-34.3703],[-52.407,-34.3701],[-52.4073,-34.3699],[-52.4076,-34.3698],[-52.4079,-34.3696],[-52.4081,-34.3694],[-52.4084,-34.3692],[-52.4087,-34.3691],[-52.409,-34.3689],[-52.4092,-34.3687],[-52.4095,-34.3685],[-52.4098,-34.3683],[-52.4101,-34.3682],[-52.4103,-34.368],[-52.4106,-34.3678],[-52.4109,-34.3676],[-52.4112,-34.3675],[-52.4114,-34.3673],[-52.4117,-34.3671],[-52.412,-34.3669],[-52.4123,-34.3668],[-52.4125,-34.3666],[-52.4128,-34.3664],[-52.4131,-34.3662],[-52.4134,-34.366],[-52.4136,-34.3659],[-52.4139,-34.3657],[-52.4142,-34.3655],[-52.4145,-34.3653],[-52.4147,-34.3652],[-52.415,-34.365],[-52.4153,-34.3648],[-52.4155,-34.3646],[-52.4158,-34.3644],[-52.4161,-34.3643],[-52.4164,-34.3641],[-52.4166,-34.3639],[-52.4169,-34.3637],[-52.4172,-34.3636],[-52.4175,-34.3634],[-52.4177,-34.3632],[-52.418,-34.363],[-52.4183,-34.3628],[-52.4186,-34.3627],[-52.4188,-34.3625],[-52.4191,-34.3623],[-52.4194,-34.3621],[-52.4197,-34.362],[-52.4199,-34.3618],[-52.4202,-34.3616],[-52.4205,-34.3614],[-52.4208,-34.3612],[-52.421,-34.3611],[-52.4213,-34.3609],[-52.4216,-34.3607],[-52.4219,-34.3605],[-52.4221,-34.3604],[-52.4224,-34.3602],[-52.4227,-34.36],[-52.423,-34.3598],[-52.4232,-34.3596],[-52.4235,-34.3595],[-52.4238,-34.3593],[-52.424,-34.3591],[-52.4243,-34.3589],[-52.4246,-34.3588],[-52.4249,-34.3586],[-52.4251,-34.3584],[-52.4254,-34.3582],[-52.4257,-34.358],[-52.426,-34.3579],[-52.4262,-34.3577],[-52.4265,-34.3575],[-52.4268,-34.3573],[-52.4271,-34.3572],[-52.4273,-34.357],[-52.4276,-34.3568],[-52.4279,-34.3566],[-52.4282,-34.3564],[-52.4284,-34.3563],[-52.4287,-34.3561],[-52.429,-34.3559],[-52.4293,-34.3557],[-52.4295,-34.3556],[-52.4298,-34.3554],[-52.4301,-34.3552],[-52.4304,-34.355],[-52.4306,-34.3548],[-52.4309,-34.3547],[-52.4312,-34.3545],[-52.4315,-34.3543],[-52.4317,-34.3541],[-52.432,-34.354],[-52.4323,-34.3538],[-52.4325,-34.3536],[-52.4328,-34.3534],[-52.4331,-34.3532],[-52.4334,-34.3531],[-52.4336,-34.3529],[-52.4339,-34.3527],[-52.4342,-34.3525],[-52.4345,-34.3524],[-52.4347,-34.3522],[-52.435,-34.352],[-52.4353,-34.3518],[-52.4356,-34.3516],[-52.4358,-34.3515],[-52.4361,-34.3513],[-52.4364,-34.3511],[-52.4367,-34.3509],[-52.4369,-34.3508],[-52.4372,-34.3506],[-52.4375,-34.3504],[-52.4378,-34.3502],[-52.438,-34.35],[-52.4383,-34.3499],[-52.4386,-34.3497],[-52.4389,-34.3495],[-52.4391,-34.3493],[-52.4394,-34.3492],[-52.4397,-34.349],[-52.44,-34.3488],[-52.4402,-34.3486],[-52.4405,-34.3485],[-52.4408,-34.3483],[-52.441,-34.3481],[-52.4413,-34.3479],[-52.4416,-34.3477],[-52.4419,-34.3476],[-52.4421,-34.3474],[-52.4424,-34.3472],[-52.4427,-34.347],[-52.443,-34.3469],[-52.4432,-34.3467],[-52.4435,-34.3465],[-52.4438,-34.3463],[-52.4441,-34.3461],[-52.4443,-34.346],[-52.4446,-34.3458],[-52.4449,-34.3456],[-52.4452,-34.3454],[-52.4454,-34.3453],[-52.4457,-34.3451],[-52.446,-34.3449],[-52.4463,-34.3447],[-52.4465,-34.3445],[-52.4468,-34.3444],[-52.4471,-34.3442],[-52.4474,-34.344],[-52.4476,-34.3438],[-52.4479,-34.3437],[-52.4482,-34.3435],[-52.4485,-34.3433],[-52.4487,-34.3431],[-52.449,-34.3429],[-52.4493,-34.3428],[-52.4495,-34.3426],[-52.4498,-34.3424],[-52.4501,-34.3422],[-52.4504,-34.3421],[-52.4506,-34.3419],[-52.4509,-34.3417],[-52.4512,-34.3415],[-52.4515,-34.3413],[-52.4517,-34.3412],[-52.452,-34.341],[-52.4523,-34.3408],[-52.4526,-34.3406],[-52.4528,-34.3405],[-52.4531,-34.3403],[-52.4534,-34.3401],[-52.4537,-34.3399],[-52.4539,-34.3397],[-52.4542,-34.3396],[-52.4545,-34.3394],[-52.4548,-34.3392],[-52.455,-34.339],[-52.4553,-34.3389],[-52.4556,-34.3387],[-52.4559,-34.3385],[-52.4561,-34.3383],[-52.4564,-34.3381],[-52.4567,-34.338],[-52.4569,-34.3378],[-52.4572,-34.3376],[-52.4575,-34.3374],[-52.4578,-34.3373],[-52.458,-34.3371],[-52.4583,-34.3369],[-52.4586,-34.3367],[-52.4589,-34.3365],[-52.4591,-34.3364],[-52.4594,-34.3362],[-52.4597,-34.336],[-52.46,-34.3358],[-52.4602,-34.3357],[-52.4605,-34.3355],[-52.4608,-34.3353],[-52.4611,-34.3351],[-52.4613,-34.3349],[-52.4616,-34.3348],[-52.4619,-34.3346],[-52.4622,-34.3344],[-52.4624,-34.3342],[-52.4627,-34.3341],[-52.463,-34.3339],[-52.4633,-34.3337],[-52.4635,-34.3335],[-52.4638,-34.3333],[-52.4641,-34.3332],[-52.4644,-34.333],[-52.4646,-34.3328],[-52.4649,-34.3326],[-52.4652,-34.3325],[-52.4654,-34.3323],[-52.4657,-34.3321],[-52.466,-34.3319],[-52.4663,-34.3318],[-52.4665,-34.3316],[-52.4668,-34.3314],[-52.4671,-34.3312],[-52.4674,-34.331],[-52.4676,-34.3309],[-52.4679,-34.3307],[-52.4682,-34.3305],[-52.4685,-34.3303],[-52.4687,-34.3302],[-52.469,-34.33],[-52.4693,-34.3298],[-52.4696,-34.3296],[-52.4698,-34.3294],[-52.4701,-34.3293],[-52.4704,-34.3291],[-52.4707,-34.3289],[-52.4709,-34.3287],[-52.4712,-34.3286],[-52.4715,-34.3284],[-52.4718,-34.3282],[-52.472,-34.328],[-52.4723,-34.3278],[-52.4726,-34.3277],[-52.4728,-34.3275],[-52.4731,-34.3273],[-52.4734,-34.3271],[-52.4737,-34.327],[-52.4739,-34.3268],[-52.4742,-34.3266],[-52.4745,-34.3264],[-52.4748,-34.3262],[-52.475,-34.3261],[-52.4753,-34.3259],[-52.4756,-34.3257],[-52.4759,-34.3255],[-52.4761,-34.3254],[-52.4764,-34.3252],[-52.4767,-34.325],[-52.477,-34.3248],[-52.4772,-34.3246],[-52.4775,-34.3245],[-52.4778,-34.3243],[-52.4781,-34.3241],[-52.4783,-34.3239],[-52.4786,-34.3238],[-52.4789,-34.3236],[-52.4792,-34.3234],[-52.4794,-34.3232],[-52.4797,-34.323],[-52.48,-34.3229],[-52.4802,-34.3227],[-52.4805,-34.3225],[-52.4808,-34.3223],[-52.4811,-34.3222],[-52.4813,-34.322],[-52.4816,-34.3218],[-52.4819,-34.3216],[-52.4822,-34.3214],[-52.4824,-34.3213],[-52.4827,-34.3211],[-52.483,-34.3209],[-52.4833,-34.3207],[-52.4835,-34.3206],[-52.4838,-34.3204],[-52.4841,-34.3202],[-52.4844,-34.32],[-52.4846,-34.3198],[-52.4849,-34.3197],[-52.4852,-34.3195],[-52.4855,-34.3193],[-52.4857,-34.3191],[-52.486,-34.319],[-52.4863,-34.3188],[-52.4866,-34.3186],[-52.4868,-34.3184],[-52.4871,-34.3182],[-52.4874,-34.3181],[-52.4876,-34.3179],[-52.4879,-34.3177],[-52.4882,-34.3175],[-52.4885,-34.3174],[-52.4887,-34.3172],[-52.489,-34.317],[-52.4893,-34.3168],[-52.4896,-34.3166],[-52.4898,-34.3165],[-52.4901,-34.3163],[-52.4904,-34.3161],[-52.4907,-34.3159],[-52.4909,-34.3158],[-52.4912,-34.3156],[-52.4915,-34.3154],[-52.4918,-34.3152],[-52.492,-34.315],[-52.4923,-34.3149],[-52.4926,-34.3147],[-52.4929,-34.3145],[-52.4931,-34.3143],[-52.4934,-34.3142],[-52.4937,-34.314],[-52.494,-34.3138],[-52.4942,-34.3136],[-52.4945,-34.3135],[-52.4948,-34.3133],[-52.495,-34.3131],[-52.4953,-34.3129],[-52.4956,-34.3127],[-52.4959,-34.3126],[-52.4961,-34.3124],[-52.4964,-34.3122],[-52.4967,-34.312],[-52.497,-34.3119],[-52.4972,-34.3117],[-52.4975,-34.3115],[-52.4978,-34.3113],[-52.4981,-34.3111],[-52.4983,-34.311],[-52.4986,-34.3108],[-52.4989,-34.3106],[-52.4992,-34.3104],[-52.4994,-34.3103],[-52.4997,-34.3101],[-52.5,-34.3099],[-52.5003,-34.3097],[-52.5005,-34.3095],[-52.5008,-34.3094],[-52.5011,-34.3092],[-52.5014,-34.309],[-52.5016,-34.3088],[-52.5019,-34.3087],[-52.5022,-34.3085],[-52.5024,-34.3083],[-52.5027,-34.3081],[-52.503,-34.3079],[-52.5033,-34.3078],[-52.5035,-34.3076],[-52.5038,-34.3074],[-52.5041,-34.3072],[-52.5044,-34.3071],[-52.5046,-34.3069],[-52.5049,-34.3067],[-52.5052,-34.3065],[-52.5055,-34.3063],[-52.5057,-34.3062],[-52.506,-34.306],[-52.5063,-34.3058],[-52.5066,-34.3056],[-52.5068,-34.3055],[-52.5071,-34.3053],[-52.5074,-34.3051],[-52.5077,-34.3049],[-52.5079,-34.3047],[-52.5082,-34.3046],[-52.5085,-34.3044],[-52.5088,-34.3042],[-52.509,-34.304],[-52.5093,-34.3039],[-52.5096,-34.3037],[-52.5098,-34.3035],[-52.5101,-34.3033],[-52.5104,-34.3031],[-52.5107,-34.303],[-52.5109,-34.3028],[-52.5112,-34.3026],[-52.5115,-34.3024],[-52.5118,-34.3023],[-52.512,-34.3021],[-52.5123,-34.3019],[-52.5126,-34.3017],[-52.5129,-34.3015],[-52.5131,-34.3014],[-52.5134,-34.3012],[-52.5137,-34.301],[-52.514,-34.3008],[-52.5142,-34.3007],[-52.5145,-34.3005],[-52.5148,-34.3003],[-52.5151,-34.3001],[-52.5153,-34.2999],[-52.5156,-34.2998],[-52.5159,-34.2996],[-52.5162,-34.2994],[-52.5164,-34.2992],[-52.5167,-34.2991],[-52.517,-34.2989],[-52.5172,-34.2987],[-52.5175,-34.2985],[-52.5178,-34.2983],[-52.5181,-34.2982],[-52.5183,-34.298],[-52.5186,-34.2978],[-52.5189,-34.2976],[-52.5192,-34.2975],[-52.5194,-34.2973],[-52.5197,-34.2971],[-52.52,-34.2969],[-52.5203,-34.2967],[-52.5205,-34.2966],[-52.5208,-34.2964],[-52.5211,-34.2962],[-52.5214,-34.296],[-52.5216,-34.2959],[-52.5219,-34.2957],[-52.5222,-34.2955],[-52.5225,-34.2953],[-52.5227,-34.2952],[-52.523,-34.295],[-52.5233,-34.2948],[-52.5235,-34.2946],[-52.5238,-34.2944],[-52.5241,-34.2943],[-52.5244,-34.2941],[-52.5246,-34.2939],[-52.5249,-34.2937],[-52.5252,-34.2936],[-52.5255,-34.2934],[-52.5257,-34.2932],[-52.526,-34.293],[-52.5263,-34.2928],[-52.5266,-34.2927],[-52.5268,-34.2925],[-52.5271,-34.2923],[-52.5274,-34.2921],[-52.5277,-34.292],[-52.5279,-34.2918],[-52.5282,-34.2916],[-52.5285,-34.2914],[-52.5288,-34.2912],[-52.529,-34.2911],[-52.5293,-34.2909],[-52.5296,-34.2907],[-52.5298,-34.2905],[-52.5301,-34.2904],[-52.5304,-34.2902],[-52.5307,-34.29],[-52.5309,-34.2898],[-52.5312,-34.2896],[-52.5315,-34.2895],[-52.5318,-34.2893],[-52.532,-34.2891],[-52.5323,-34.2889],[-52.5326,-34.2888],[-52.5329,-34.2886],[-52.5331,-34.2884],[-52.5334,-34.2882],[-52.5337,-34.288],[-52.534,-34.2879],[-52.5342,-34.2877],[-52.5345,-34.2875],[-52.5348,-34.2873],[-52.5351,-34.2872],[-52.5353,-34.287],[-52.5356,-34.2868],[-52.5359,-34.2866],[-52.5362,-34.2864],[-52.5364,-34.2863],[-52.5367,-34.2861],[-52.537,-34.2859],[-52.5372,-34.2857],[-52.5375,-34.2856],[-52.5378,-34.2854],[-52.5381,-34.2852],[-52.5383,-34.285],[-52.5386,-34.2848],[-52.5389,-34.2847],[-52.5392,-34.2845],[-52.5394,-34.2843],[-52.5397,-34.2841],[-52.54,-34.284],[-52.5403,-34.2838],[-52.5405,-34.2836],[-52.5408,-34.2834],[-52.5411,-34.2832],[-52.5414,-34.2831],[-52.5416,-34.2829],[-52.5419,-34.2827],[-52.5422,-34.2825],[-52.5425,-34.2824],[-52.5427,-34.2822],[-52.543,-34.282],[-52.5433,-34.2818],[-52.5435,-34.2816],[-52.5438,-34.2815],[-52.5441,-34.2813],[-52.5444,-34.2811],[-52.5446,-34.2809],[-52.5449,-34.2808],[-52.5452,-34.2806],[-52.5455,-34.2804],[-52.5457,-34.2802],[-52.546,-34.28],[-52.5463,-34.2799],[-52.5466,-34.2797],[-52.5468,-34.2795],[-52.5471,-34.2793],[-52.5474,-34.2792],[-52.5477,-34.279],[-52.5479,-34.2788],[-52.5482,-34.2786],[-52.5485,-34.2785],[-52.5488,-34.2783],[-52.549,-34.2781],[-52.5493,-34.2779],[-52.5496,-34.2777],[-52.5498,-34.2776],[-52.5501,-34.2774],[-52.5504,-34.2772],[-52.5507,-34.277],[-52.5509,-34.2769],[-52.5512,-34.2767],[-52.5515,-34.2765],[-52.5518,-34.2763],[-52.552,-34.2761],[-52.5523,-34.276],[-52.5526,-34.2758],[-52.5529,-34.2756],[-52.5531,-34.2754],[-52.5534,-34.2753],[-52.5537,-34.2751],[-52.554,-34.2749],[-52.5542,-34.2747],[-52.5545,-34.2745],[-52.5548,-34.2744],[-52.5551,-34.2742],[-52.5553,-34.274],[-52.5556,-34.2738],[-52.5559,-34.2737],[-52.5561,-34.2735],[-52.5564,-34.2733],[-52.5567,-34.2731],[-52.557,-34.2729],[-52.5572,-34.2728],[-52.5575,-34.2726],[-52.5578,-34.2724],[-52.5581,-34.2722],[-52.5583,-34.2721],[-52.5586,-34.2719],[-52.5589,-34.2717],[-52.5592,-34.2715],[-52.5594,-34.2713],[-52.5597,-34.2712],[-52.56,-34.271],[-52.5603,-34.2708],[-52.5605,-34.2706],[-52.5608,-34.2705],[-52.5611,-34.2703],[-52.5614,-34.2701],[-52.5616,-34.2699],[-52.5619,-34.2697],[-52.5622,-34.2696],[-52.5624,-34.2694],[-52.5627,-34.2692],[-52.563,-34.269],[-52.5633,-34.2689],[-52.5635,-34.2687],[-52.5638,-34.2685],[-52.5641,-34.2683],[-52.5644,-34.2681],[-52.5646,-34.268],[-52.5649,-34.2678],[-52.5652,-34.2676],[-52.5655,-34.2674],[-52.5657,-34.2673],[-52.566,-34.2671],[-52.5663,-34.2669],[-52.5666,-34.2667],[-52.5668,-34.2665],[-52.5671,-34.2664],[-52.5674,-34.2662],[-52.5677,-34.266],[-52.5679,-34.2658],[-52.5682,-34.2657],[-52.5685,-34.2655],[-52.5687,-34.2653],[-52.569,-34.2651],[-52.5693,-34.2649],[-52.5696,-34.2648],[-52.5698,-34.2646],[-52.5701,-34.2644],[-52.5704,-34.2642],[-52.5707,-34.2641],[-52.5709,-34.2639],[-52.5712,-34.2637],[-52.5715,-34.2635],[-52.5718,-34.2633],[-52.572,-34.2632],[-52.5723,-34.263],[-52.5726,-34.2628],[-52.5729,-34.2626],[-52.5731,-34.2625],[-52.5734,-34.2623],[-52.5737,-34.2621],[-52.574,-34.2619],[-52.5742,-34.2617],[-52.5745,-34.2616],[-52.5748,-34.2614],[-52.575,-34.2612],[-52.5753,-34.261],[-52.5756,-34.2609],[-52.5759,-34.2607],[-52.5761,-34.2605],[-52.5764,-34.2603],[-52.5767,-34.2602],[-52.577,-34.26],[-52.5772,-34.2598],[-52.5775,-34.2596],[-52.5778,-34.2594],[-52.5781,-34.2593],[-52.5783,-34.2591],[-52.5786,-34.2589],[-52.5789,-34.2587],[-52.5792,-34.2586],[-52.5794,-34.2584],[-52.5797,-34.2582],[-52.58,-34.258],[-52.5803,-34.2578],[-52.5805,-34.2577],[-52.5808,-34.2575],[-52.5811,-34.2573],[-52.5813,-34.2571],[-52.5816,-34.257],[-52.5819,-34.2568],[-52.5822,-34.2566],[-52.5824,-34.2564],[-52.5827,-34.2562],[-52.583,-34.2561],[-52.5833,-34.2559],[-52.5835,-34.2557],[-52.5838,-34.2555],[-52.5841,-34.2554],[-52.5844,-34.2552],[-52.5846,-34.255],[-52.5849,-34.2548],[-52.5852,-34.2546],[-52.5855,-34.2545],[-52.5857,-34.2543],[-52.586,-34.2541],[-52.5863,-34.2539],[-52.5866,-34.2538],[-52.5868,-34.2536],[-52.5871,-34.2534],[-52.5874,-34.2532],[-52.5876,-34.253],[-52.5879,-34.2529],[-52.5882,-34.2527],[-52.5885,-34.2525],[-52.5887,-34.2523],[-52.589,-34.2522],[-52.5893,-34.252],[-52.5896,-34.2518],[-52.5898,-34.2516],[-52.5901,-34.2514],[-52.5904,-34.2513],[-52.5907,-34.2511],[-52.5909,-34.2509],[-52.5912,-34.2507],[-52.5915,-34.2506],[-52.5918,-34.2504],[-52.592,-34.2502],[-52.5923,-34.25],[-52.5926,-34.2498],[-52.5929,-34.2497],[-52.5931,-34.2495],[-52.5934,-34.2493],[-52.5937,-34.2491],[-52.5939,-34.249],[-52.5942,-34.2488],[-52.5945,-34.2486],[-52.5948,-34.2484],[-52.595,-34.2482],[-52.5953,-34.2481],[-52.5956,-34.2479],[-52.5959,-34.2477],[-52.5961,-34.2475],[-52.5964,-34.2474],[-52.5967,-34.2472],[-52.597,-34.247],[-52.5972,-34.2468],[-52.5975,-34.2466],[-52.5978,-34.2465],[-52.5981,-34.2463],[-52.5983,-34.2461],[-52.5986,-34.2459],[-52.5989,-34.2458],[-52.5991,-34.2456],[-52.5994,-34.2454],[-52.5997,-34.2452],[-52.6,-34.245],[-52.6002,-34.2449],[-52.6005,-34.2447],[-52.6008,-34.2445],[-52.6011,-34.2443],[-52.6013,-34.2442],[-52.6016,-34.244],[-52.6019,-34.2438],[-52.6022,-34.2436],[-52.6024,-34.2434],[-52.6027,-34.2433],[-52.603,-34.2431],[-52.6033,-34.2429],[-52.6035,-34.2427],[-52.6038,-34.2426],[-52.6041,-34.2424],[-52.6044,-34.2422],[-52.6046,-34.242],[-52.6049,-34.2419],[-52.6052,-34.2417],[-52.6054,-34.2415],[-52.6057,-34.2413],[-52.606,-34.2411],[-52.6063,-34.241],[-52.6065,-34.2408],[-52.6068,-34.2406],[-52.6071,-34.2404],[-52.6074,-34.2403],[-52.6076,-34.2401],[-52.6079,-34.2399],[-52.6082,-34.2397],[-52.6085,-34.2395],[-52.6087,-34.2394],[-52.609,-34.2392],[-52.6093,-34.239],[-52.6096,-34.2388],[-52.6098,-34.2387],[-52.6101,-34.2385],[-52.6104,-34.2383],[-52.6106,-34.2381],[-52.6109,-34.2379],[-52.6112,-34.2378],[-52.6115,-34.2376],[-52.6117,-34.2374],[-52.612,-34.2372],[-52.6123,-34.2371],[-52.6126,-34.2369],[-52.6128,-34.2367],[-52.6131,-34.2365],[-52.6134,-34.2363],[-52.6137,-34.2362],[-52.6139,-34.236],[-52.6142,-34.2358],[-52.6145,-34.2356],[-52.6148,-34.2355],[-52.615,-34.2353],[-52.6153,-34.2351],[-52.6156,-34.2349],[-52.6159,-34.2347],[-52.6161,-34.2346],[-52.6164,-34.2344],[-52.6167,-34.2342],[-52.6169,-34.234],[-52.6172,-34.2339],[-52.6175,-34.2337],[-52.6178,-34.2335],[-52.618,-34.2333],[-52.6183,-34.2331],[-52.6186,-34.233],[-52.6189,-34.2328],[-52.6191,-34.2326],[-52.6194,-34.2324],[-52.6197,-34.2323],[-52.62,-34.2321],[-52.6202,-34.2319],[-52.6205,-34.2317],[-52.6208,-34.2315],[-52.6211,-34.2314],[-52.6213,-34.2312],[-52.6216,-34.231],[-52.6219,-34.2308],[-52.6221,-34.2307],[-52.6224,-34.2305],[-52.6227,-34.2303],[-52.623,-34.2301],[-52.6232,-34.2299],[-52.6235,-34.2298],[-52.6238,-34.2296],[-52.6241,-34.2294],[-52.6243,-34.2292],[-52.6246,-34.2291],[-52.6249,-34.2289],[-52.6252,-34.2287],[-52.6254,-34.2285],[-52.6257,-34.2283],[-52.626,-34.2282],[-52.6263,-34.228],[-52.6265,-34.2278],[-52.6268,-34.2276],[-52.6271,-34.2275],[-52.6274,-34.2273],[-52.6276,-34.2271],[-52.6279,-34.2269],[-52.6282,-34.2267],[-52.6284,-34.2266],[-52.6287,-34.2264],[-52.629,-34.2262],[-52.6293,-34.226],[-52.6295,-34.2259],[-52.6298,-34.2257],[-52.6301,-34.2255],[-52.6304,-34.2253],[-52.6306,-34.2251],[-52.6309,-34.225],[-52.6312,-34.2248],[-52.6315,-34.2246],[-52.6317,-34.2244],[-52.632,-34.2243],[-52.6323,-34.2241],[-52.6326,-34.2239],[-52.6328,-34.2237],[-52.6331,-34.2236],[-52.6334,-34.2234],[-52.6336,-34.2232],[-52.6339,-34.223],[-52.6342,-34.2228],[-52.6345,-34.2227],[-52.6347,-34.2225],[-52.635,-34.2223],[-52.6353,-34.2221],[-52.6356,-34.222],[-52.6358,-34.2218],[-52.6361,-34.2216],[-52.6364,-34.2214],[-52.6367,-34.2212],[-52.6369,-34.2211],[-52.6372,-34.2209],[-52.6375,-34.2207],[-52.6378,-34.2205],[-52.638,-34.2204],[-52.6383,-34.2202],[-52.6386,-34.22],[-52.6388,-34.2198],[-52.6391,-34.2196],[-52.6394,-34.2195],[-52.6397,-34.2193],[-52.6399,-34.2191],[-52.6402,-34.2189],[-52.6405,-34.2188],[-52.6408,-34.2186],[-52.641,-34.2184],[-52.6413,-34.2182],[-52.6416,-34.218],[-52.6419,-34.2179],[-52.6421,-34.2177],[-52.6424,-34.2175],[-52.6427,-34.2173],[-52.643,-34.2172],[-52.6432,-34.217],[-52.6435,-34.2168],[-52.6438,-34.2166],[-52.6441,-34.2164],[-52.6443,-34.2163],[-52.6446,-34.2161],[-52.6449,-34.2159],[-52.6451,-34.2157],[-52.6454,-34.2156],[-52.6457,-34.2154],[-52.646,-34.2152],[-52.6462,-34.215],[-52.6465,-34.2148],[-52.6468,-34.2147],[-52.6471,-34.2145],[-52.6473,-34.2143],[-52.6476,-34.2141],[-52.6479,-34.214],[-52.6482,-34.2138],[-52.6484,-34.2136],[-52.6487,-34.2134],[-52.649,-34.2132],[-52.6493,-34.2131],[-52.6495,-34.2129],[-52.6498,-34.2127],[-52.6501,-34.2125],[-52.6503,-34.2124],[-52.6506,-34.2122],[-52.6509,-34.212],[-52.6512,-34.2118],[-52.6514,-34.2116],[-52.6517,-34.2115],[-52.652,-34.2113],[-52.6523,-34.2111],[-52.6525,-34.2109],[-52.6528,-34.2108],[-52.6531,-34.2106],[-52.6534,-34.2104],[-52.6536,-34.2102],[-52.6539,-34.21],[-52.6542,-34.2099],[-52.6545,-34.2097],[-52.6547,-34.2095],[-52.655,-34.2093],[-52.6553,-34.2092],[-52.6555,-34.209],[-52.6558,-34.2088],[-52.6561,-34.2086],[-52.6564,-34.2084],[-52.6566,-34.2083],[-52.6569,-34.2081],[-52.6572,-34.2079],[-52.6575,-34.2077],[-52.6577,-34.2076],[-52.658,-34.2074],[-52.6583,-34.2072],[-52.6586,-34.207],[-52.6588,-34.2068],[-52.6591,-34.2067],[-52.6594,-34.2065],[-52.6597,-34.2063],[-52.6599,-34.2061],[-52.6602,-34.206],[-52.6605,-34.2058],[-52.6607,-34.2056],[-52.661,-34.2054],[-52.6613,-34.2053],[-52.6616,-34.2051],[-52.6618,-34.2049],[-52.6621,-34.2047],[-52.6624,-34.2045],[-52.6627,-34.2044],[-52.6629,-34.2042],[-52.6632,-34.204],[-52.6635,-34.2038],[-52.6638,-34.2037],[-52.664,-34.2035],[-52.6643,-34.2033],[-52.6646,-34.2031],[-52.6649,-34.2029],[-52.6651,-34.2028],[-52.6654,-34.2026],[-52.6657,-34.2024],[-52.6659,-34.2022],[-52.6662,-34.2021],[-52.6665,-34.2019],[-52.6668,-34.2017],[-52.667,-34.2015],[-52.6673,-34.2013],[-52.6676,-34.2012],[-52.6679,-34.201],[-52.6681,-34.2008],[-52.6684,-34.2006],[-52.6687,-34.2005],[-52.669,-34.2003],[-52.6692,-34.2001],[-52.6695,-34.1999],[-52.6698,-34.1997],[-52.6701,-34.1996],[-52.6703,-34.1994],[-52.6706,-34.1992],[-52.6709,-34.199],[-52.6711,-34.1989],[-52.6714,-34.1987],[-52.6717,-34.1985],[-52.672,-34.1983],[-52.6722,-34.1981],[-52.6725,-34.198],[-52.6728,-34.1978],[-52.6731,-34.1976],[-52.6733,-34.1974],[-52.6736,-34.1973],[-52.6739,-34.1971],[-52.6742,-34.1969],[-52.6744,-34.1967],[-52.6747,-34.1965],[-52.675,-34.1964],[-52.6753,-34.1962],[-52.6755,-34.196],[-52.6758,-34.1958],[-52.6761,-34.1957],[-52.6763,-34.1955],[-52.6766,-34.1953],[-52.6769,-34.1951],[-52.6772,-34.1949],[-52.6774,-34.1948],[-52.6777,-34.1946],[-52.678,-34.1944],[-52.6783,-34.1942],[-52.6785,-34.1941],[-52.6788,-34.1939],[-52.6791,-34.1937],[-52.6794,-34.1935],[-52.6796,-34.1933],[-52.6799,-34.1932],[-52.6802,-34.193],[-52.6805,-34.1928],[-52.6807,-34.1926],[-52.681,-34.1925],[-52.6813,-34.1923],[-52.6815,-34.1921],[-52.6818,-34.1919],[-52.6821,-34.1917],[-52.6824,-34.1916],[-52.6826,-34.1914],[-52.6829,-34.1912],[-52.6832,-34.191],[-52.6835,-34.1909],[-52.6837,-34.1907],[-52.684,-34.1905],[-52.6843,-34.1903],[-52.6846,-34.1901],[-52.6848,-34.19],[-52.6851,-34.1898],[-52.6854,-34.1896],[-52.6857,-34.1894],[-52.6859,-34.1893],[-52.6862,-34.1891],[-52.6865,-34.1889],[-52.6867,-34.1887],[-52.687,-34.1885],[-52.6873,-34.1884],[-52.6876,-34.1882],[-52.6878,-34.188],[-52.6881,-34.1878],[-52.6884,-34.1877],[-52.6887,-34.1875],[-52.6889,-34.1873],[-52.6892,-34.1871],[-52.6895,-34.187],[-52.6898,-34.1868],[-52.69,-34.1866],[-52.6903,-34.1864],[-52.6906,-34.1862],[-52.6909,-34.1861],[-52.6911,-34.1859],[-52.6914,-34.1857],[-52.6917,-34.1855],[-52.6919,-34.1854],[-52.6922,-34.1852],[-52.6925,-34.185],[-52.6928,-34.1848],[-52.693,-34.1846],[-52.6933,-34.1845],[-52.6936,-34.1843],[-52.6939,-34.1841],[-52.6941,-34.1839],[-52.6944,-34.1838],[-52.6947,-34.1836],[-52.695,-34.1834],[-52.6952,-34.1832],[-52.6955,-34.183],[-52.6958,-34.1829],[-52.6961,-34.1827],[-52.6963,-34.1825],[-52.6966,-34.1823],[-52.6969,-34.1822],[-52.6971,-34.182],[-52.6974,-34.1818],[-52.6977,-34.1816],[-52.698,-34.1814],[-52.6982,-34.1813],[-52.6985,-34.1811],[-52.6988,-34.1809],[-52.6991,-34.1807],[-52.6993,-34.1806],[-52.6996,-34.1804],[-52.6999,-34.1802],[-52.7002,-34.18],[-52.7004,-34.1798],[-52.7007,-34.1797],[-52.701,-34.1795],[-52.7013,-34.1793],[-52.7015,-34.1791],[-52.7018,-34.179],[-52.7021,-34.1788],[-52.7023,-34.1786],[-52.7026,-34.1784],[-52.7029,-34.1782],[-52.7032,-34.1781],[-52.7034,-34.1779],[-52.7037,-34.1777],[-52.704,-34.1775],[-52.7043,-34.1774],[-52.7045,-34.1772],[-52.7048,-34.177],[-52.7051,-34.1768],[-52.7054,-34.1766],[-52.7056,-34.1765],[-52.7059,-34.1763],[-52.7062,-34.1761],[-52.7064,-34.1759],[-52.7067,-34.1758],[-52.707,-34.1756],[-52.7073,-34.1754],[-52.7075,-34.1752],[-52.7078,-34.175],[-52.7081,-34.1749],[-52.7084,-34.1747],[-52.7086,-34.1745],[-52.7089,-34.1743],[-52.7092,-34.1742],[-52.7095,-34.174],[-52.7097,-34.1738],[-52.71,-34.1736],[-52.7103,-34.1734],[-52.7106,-34.1733],[-52.7108,-34.1731],[-52.7111,-34.1729],[-52.7114,-34.1727],[-52.7116,-34.1726],[-52.7119,-34.1724],[-52.7122,-34.1722],[-52.7125,-34.172],[-52.7127,-34.1718],[-52.713,-34.1717],[-52.7133,-34.1715],[-52.7136,-34.1713],[-52.7138,-34.1711],[-52.7141,-34.171],[-52.7144,-34.1708],[-52.7147,-34.1706],[-52.7149,-34.1704],[-52.7152,-34.1702],[-52.7155,-34.1701],[-52.7158,-34.1699],[-52.716,-34.1697],[-52.7163,-34.1695],[-52.7166,-34.1694],[-52.7168,-34.1692],[-52.7171,-34.169],[-52.7174,-34.1688],[-52.7177,-34.1687],[-52.7179,-34.1685],[-52.7182,-34.1683],[-52.7185,-34.1681],[-52.7188,-34.1679],[-52.719,-34.1678],[-52.7193,-34.1676],[-52.7196,-34.1674],[-52.7199,-34.1672],[-52.7201,-34.1671],[-52.7204,-34.1669],[-52.7207,-34.1667],[-52.7209,-34.1665],[-52.7212,-34.1663],[-52.7215,-34.1662],[-52.7218,-34.166],[-52.722,-34.1658],[-52.7223,-34.1656],[-52.7226,-34.1655],[-52.7229,-34.1653],[-52.7231,-34.1651],[-52.7234,-34.1649],[-52.7237,-34.1647],[-52.724,-34.1646],[-52.7242,-34.1644],[-52.7245,-34.1642],[-52.7248,-34.164],[-52.7251,-34.1639],[-52.7253,-34.1637],[-52.7256,-34.1635],[-52.7259,-34.1633],[-52.7261,-34.1631],[-52.7264,-34.163],[-52.7267,-34.1628],[-52.727,-34.1626],[-52.7272,-34.1624],[-52.7275,-34.1623],[-52.7278,-34.1621],[-52.7281,-34.1619],[-52.7283,-34.1617],[-52.7286,-34.1615],[-52.7289,-34.1614],[-52.7292,-34.1612],[-52.7294,-34.161],[-52.7297,-34.1608],[-52.73,-34.1607],[-52.7303,-34.1605],[-52.7305,-34.1603],[-52.7308,-34.1601],[-52.7311,-34.1599],[-52.7313,-34.1598],[-52.7316,-34.1596],[-52.7319,-34.1594],[-52.7322,-34.1592],[-52.7324,-34.1591],[-52.7327,-34.1589],[-52.733,-34.1587],[-52.7333,-34.1585],[-52.7335,-34.1583],[-52.7338,-34.1582],[-52.7341,-34.158],[-52.7344,-34.1578],[-52.7346,-34.1576],[-52.7349,-34.1575],[-52.7352,-34.1573],[-52.7354,-34.1571],[-52.7357,-34.1569],[-52.736,-34.1567],[-52.7363,-34.1566],[-52.7365,-34.1564],[-52.7368,-34.1562],[-52.7371,-34.156],[-52.7374,-34.1559],[-52.7376,-34.1557],[-52.7379,-34.1555],[-52.7382,-34.1553],[-52.7385,-34.1551],[-52.7387,-34.155],[-52.739,-34.1548],[-52.7393,-34.1546],[-52.7396,-34.1544],[-52.7398,-34.1543],[-52.7401,-34.1541],[-52.7404,-34.1539],[-52.7406,-34.1537],[-52.7409,-34.1535],[-52.7412,-34.1534],[-52.7415,-34.1532],[-52.7417,-34.153],[-52.742,-34.1528],[-52.7423,-34.1527],[-52.7426,-34.1525],[-52.7428,-34.1523],[-52.7431,-34.1521],[-52.7434,-34.1519],[-52.7437,-34.1518],[-52.7439,-34.1516],[-52.7442,-34.1514],[-52.7445,-34.1512],[-52.7447,-34.1511],[-52.745,-34.1509],[-52.7453,-34.1507],[-52.7456,-34.1505],[-52.7458,-34.1504],[-52.7461,-34.1502],[-52.7464,-34.15],[-52.7467,-34.1498],[-52.7469,-34.1496],[-52.7472,-34.1495],[-52.7475,-34.1493],[-52.7478,-34.1491],[-52.748,-34.1489],[-52.7483,-34.1488],[-52.7486,-34.1486],[-52.7489,-34.1484],[-52.7491,-34.1482],[-52.7494,-34.148],[-52.7497,-34.1479],[-52.7499,-34.1477],[-52.7502,-34.1475],[-52.7505,-34.1473],[-52.7508,-34.1472],[-52.751,-34.147],[-52.7513,-34.1468],[-52.7516,-34.1466],[-52.7519,-34.1464],[-52.7521,-34.1463],[-52.7524,-34.1461],[-52.7527,-34.1459],[-52.753,-34.1457],[-52.7532,-34.1456],[-52.7535,-34.1454],[-52.7538,-34.1452],[-52.754,-34.145],[-52.7543,-34.1448],[-52.7546,-34.1447],[-52.7549,-34.1445],[-52.7551,-34.1443],[-52.7554,-34.1441],[-52.7557,-34.144],[-52.756,-34.1438],[-52.7562,-34.1436],[-52.7565,-34.1434],[-52.7568,-34.1432],[-52.7571,-34.1431],[-52.7573,-34.1429],[-52.7576,-34.1427],[-52.7579,-34.1425],[-52.7582,-34.1424],[-52.7584,-34.1422],[-52.7587,-34.142],[-52.759,-34.1418],[-52.7592,-34.1416],[-52.7595,-34.1415],[-52.7598,-34.1413],[-52.7601,-34.1411],[-52.7603,-34.1409],[-52.7606,-34.1408],[-52.7609,-34.1406],[-52.7612,-34.1404],[-52.7614,-34.1402],[-52.7617,-34.14],[-52.762,-34.1399],[-52.7623,-34.1397],[-52.7625,-34.1395],[-52.7628,-34.1393],[-52.7631,-34.1392],[-52.7633,-34.139],[-52.7636,-34.1388],[-52.7639,-34.1386],[-52.7642,-34.1384],[-52.7644,-34.1383],[-52.7647,-34.1381],[-52.765,-34.1379],[-52.7653,-34.1377],[-52.7655,-34.1376],[-52.7658,-34.1374],[-52.7661,-34.1372],[-52.7664,-34.137],[-52.7666,-34.1368],[-52.7669,-34.1367],[-52.7672,-34.1365],[-52.7675,-34.1363],[-52.7677,-34.1361],[-52.768,-34.136],[-52.7683,-34.1358],[-52.7685,-34.1356],[-52.7688,-34.1354],[-52.7691,-34.1352],[-52.7694,-34.1351],[-52.7696,-34.1349],[-52.7699,-34.1347],[-52.7702,-34.1345],[-52.7705,-34.1344],[-52.7707,-34.1342],[-52.771,-34.134],[-52.7713,-34.1338],[-52.7716,-34.1336],[-52.7718,-34.1335],[-52.7721,-34.1333],[-52.7724,-34.1331],[-52.7726,-34.1329],[-52.7729,-34.1328],[-52.7732,-34.1326],[-52.7735,-34.1324],[-52.7737,-34.1322],[-52.774,-34.1321],[-52.7743,-34.1319],[-52.7746,-34.1317],[-52.7748,-34.1315],[-52.7751,-34.1313],[-52.7754,-34.1312],[-52.7757,-34.131],[-52.7759,-34.1308],[-52.7762,-34.1306],[-52.7765,-34.1305],[-52.7767,-34.1303],[-52.777,-34.1301],[-52.7773,-34.1299],[-52.7776,-34.1297],[-52.7778,-34.1296],[-52.7781,-34.1294],[-52.7784,-34.1292],[-52.7787,-34.129],[-52.7789,-34.1289],[-52.7792,-34.1287],[-52.7795,-34.1285],[-52.7798,-34.1283],[-52.78,-34.1281],[-52.7803,-34.128],[-52.7806,-34.1278],[-52.7809,-34.1276],[-52.7811,-34.1274],[-52.7814,-34.1273],[-52.7817,-34.1271],[-52.7819,-34.1269],[-52.7822,-34.1267],[-52.7825,-34.1265],[-52.7828,-34.1264],[-52.783,-34.1262],[-52.7833,-34.126],[-52.7836,-34.1258],[-52.7839,-34.1257],[-52.7841,-34.1255],[-52.7844,-34.1253],[-52.7847,-34.1251],[-52.785,-34.1249],[-52.7852,-34.1248],[-52.7855,-34.1246],[-52.7858,-34.1244],[-52.786,-34.1242],[-52.7863,-34.1241],[-52.7866,-34.1239],[-52.7869,-34.1237],[-52.7871,-34.1235],[-52.7874,-34.1233],[-52.7877,-34.1232],[-52.788,-34.123],[-52.7882,-34.1228],[-52.7885,-34.1226],[-52.7888,-34.1225],[-52.7891,-34.1223],[-52.7893,-34.1221],[-52.7896,-34.1219],[-52.7899,-34.1217],[-52.7901,-34.1216],[-52.7904,-34.1214],[-52.7907,-34.1212],[-52.791,-34.121],[-52.7912,-34.1209],[-52.7915,-34.1207],[-52.7918,-34.1205],[-52.7921,-34.1203],[-52.7923,-34.1201],[-52.7926,-34.12],[-52.7929,-34.1198],[-52.7932,-34.1196],[-52.7934,-34.1194],[-52.7937,-34.1193],[-52.794,-34.1191],[-52.7942,-34.1189],[-52.7945,-34.1187],[-52.7948,-34.1185],[-52.7951,-34.1184],[-52.7953,-34.1182],[-52.7956,-34.118],[-52.7959,-34.1178],[-52.7962,-34.1177],[-52.7964,-34.1175],[-52.7967,-34.1173],[-52.797,-34.1171],[-52.7973,-34.1169],[-52.7975,-34.1168],[-52.7978,-34.1166],[-52.7981,-34.1164],[-52.7984,-34.1162],[-52.7986,-34.1161],[-52.7989,-34.1159],[-52.7992,-34.1157],[-52.7994,-34.1155],[-52.7997,-34.1153],[-52.8,-34.1152],[-52.8003,-34.115],[-52.8005,-34.1148],[-52.8008,-34.1146],[-52.8011,-34.1145],[-52.8014,-34.1143],[-52.8016,-34.1141],[-52.8019,-34.1139],[-52.8022,-34.1138],[-52.8025,-34.1136],[-52.8027,-34.1134],[-52.803,-34.1132],[-52.8033,-34.113],[-52.8035,-34.1129],[-52.8038,-34.1127],[-52.8041,-34.1125],[-52.8044,-34.1123],[-52.8046,-34.1122],[-52.8049,-34.112],[-52.8052,-34.1118],[-52.8055,-34.1116],[-52.8057,-34.1114],[-52.806,-34.1113],[-52.8063,-34.1111],[-52.8066,-34.1109],[-52.8068,-34.1107],[-52.8071,-34.1106],[-52.8074,-34.1104],[-52.8076,-34.1102],[-52.8079,-34.11],[-52.8082,-34.1098],[-52.8085,-34.1097],[-52.8087,-34.1095],[-52.809,-34.1093],[-52.8093,-34.1091],[-52.8096,-34.109],[-52.8098,-34.1088],[-52.8101,-34.1086],[-52.8104,-34.1084],[-52.8107,-34.1082],[-52.8109,-34.1081],[-52.8112,-34.1079],[-52.8115,-34.1077],[-52.8117,-34.1075],[-52.812,-34.1074],[-52.8123,-34.1072],[-52.8126,-34.107],[-52.8128,-34.1068],[-52.8131,-34.1066],[-52.8134,-34.1065],[-52.8137,-34.1063],[-52.8139,-34.1061],[-52.8142,-34.1059],[-52.8145,-34.1058],[-52.8148,-34.1056],[-52.815,-34.1054],[-52.8153,-34.1052],[-52.8156,-34.105],[-52.8158,-34.1049],[-52.8161,-34.1047],[-52.8164,-34.1045],[-52.8167,-34.1043],[-52.8169,-34.1042],[-52.8172,-34.104],[-52.8175,-34.1038],[-52.8178,-34.1036],[-52.818,-34.1034],[-52.8183,-34.1033],[-52.8186,-34.1031],[-52.8189,-34.1029],[-52.8191,-34.1027],[-52.8194,-34.1026],[-52.8197,-34.1024],[-52.8199,-34.1022],[-52.8202,-34.102],[-52.8205,-34.1018],[-52.8208,-34.1017],[-52.821,-34.1015],[-52.8213,-34.1013],[-52.8216,-34.1011],[-52.8219,-34.101],[-52.8221,-34.1008],[-52.8224,-34.1006],[-52.8227,-34.1004],[-52.823,-34.1002],[-52.8232,-34.1001],[-52.8235,-34.0999],[-52.8238,-34.0997],[-52.824,-34.0995],[-52.8243,-34.0994],[-52.8246,-34.0992],[-52.8249,-34.099],[-52.8251,-34.0988],[-52.8254,-34.0986],[-52.8257,-34.0985],[-52.826,-34.0983],[-52.8262,-34.0981],[-52.8265,-34.0979],[-52.8268,-34.0978],[-52.8271,-34.0976],[-52.8273,-34.0974],[-52.8276,-34.0972],[-52.8279,-34.097],[-52.8281,-34.0969],[-52.8284,-34.0967],[-52.8287,-34.0965],[-52.829,-34.0963],[-52.8292,-34.0962],[-52.8295,-34.096],[-52.8298,-34.0958],[-52.8301,-34.0956],[-52.8303,-34.0955],[-52.8306,-34.0953],[-52.8309,-34.0951],[-52.8312,-34.0949],[-52.8314,-34.0947],[-52.8317,-34.0946],[-52.832,-34.0944],[-52.8323,-34.0942],[-52.8325,-34.094],[-52.8328,-34.0939],[-52.8331,-34.0937],[-52.8333,-34.0935],[-52.8336,-34.0933],[-52.8339,-34.0931],[-52.8342,-34.093],[-52.8344,-34.0928],[-52.8347,-34.0926],[-52.835,-34.0924],[-52.8353,-34.0923],[-52.8355,-34.0921],[-52.8358,-34.0919],[-52.8361,-34.0917],[-52.8364,-34.0915],[-52.8366,-34.0914],[-52.8369,-34.0912],[-52.8372,-34.091],[-52.8374,-34.0908],[-52.8377,-34.0907],[-52.838,-34.0905],[-52.8383,-34.0903],[-52.8385,-34.0901],[-52.8388,-34.0899],[-52.8391,-34.0898],[-52.8394,-34.0896],[-52.8396,-34.0894],[-52.8399,-34.0892],[-52.8402,-34.0891],[-52.8405,-34.0889],[-52.8407,-34.0887],[-52.841,-34.0885],[-52.8413,-34.0883],[-52.8415,-34.0882],[-52.8418,-34.088],[-52.8421,-34.0878],[-52.8424,-34.0876],[-52.8426,-34.0875],[-52.8429,-34.0873],[-52.8432,-34.0871],[-52.8435,-34.0869],[-52.8437,-34.0867],[-52.844,-34.0866],[-52.8443,-34.0864],[-52.8446,-34.0862],[-52.8448,-34.086],[-52.8451,-34.0859],[-52.8454,-34.0857],[-52.8456,-34.0855],[-52.8459,-34.0853],[-52.8462,-34.0851],[-52.8465,-34.085],[-52.8467,-34.0848],[-52.847,-34.0846],[-52.8473,-34.0844],[-52.8476,-34.0843],[-52.8478,-34.0841],[-52.8481,-34.0839],[-52.8484,-34.0837],[-52.8486,-34.0835],[-52.8489,-34.0834],[-52.8492,-34.0832],[-52.8495,-34.083],[-52.8497,-34.0828],[-52.85,-34.0827],[-52.8503,-34.0825],[-52.8506,-34.0823],[-52.8508,-34.0821],[-52.8511,-34.0819],[-52.8514,-34.0818],[-52.8517,-34.0816],[-52.8519,-34.0814],[-52.8522,-34.0812],[-52.8525,-34.0811],[-52.8527,-34.0809],[-52.853,-34.0807],[-52.8533,-34.0805],[-52.8536,-34.0803],[-52.8538,-34.0802],[-52.8541,-34.08],[-52.8544,-34.0798],[-52.8547,-34.0796],[-52.8549,-34.0795],[-52.8552,-34.0793],[-52.8555,-34.0791],[-52.8558,-34.0789],[-52.856,-34.0787],[-52.8563,-34.0786],[-52.8566,-34.0784],[-52.8568,-34.0782],[-52.8571,-34.078],[-52.8574,-34.0779],[-52.8577,-34.0777],[-52.8579,-34.0775],[-52.8582,-34.0773],[-52.8585,-34.0772],[-52.8588,-34.077],[-52.859,-34.0768],[-52.8593,-34.0766],[-52.8596,-34.0764],[-52.8599,-34.0763],[-52.8601,-34.0761],[-52.8604,-34.0759],[-52.8607,-34.0757],[-52.8609,-34.0756],[-52.8612,-34.0754],[-52.8615,-34.0752],[-52.8618,-34.075],[-52.862,-34.0748],[-52.8623,-34.0747],[-52.8626,-34.0745],[-52.8629,-34.0743],[-52.8631,-34.0741],[-52.8634,-34.074],[-52.8637,-34.0738],[-52.864,-34.0736],[-52.8642,-34.0734],[-52.8645,-34.0732],[-52.8648,-34.0731],[-52.865,-34.0729],[-52.8653,-34.0727],[-52.8656,-34.0725],[-52.8659,-34.0724],[-52.8661,-34.0722],[-52.8664,-34.072],[-52.8667,-34.0718],[-52.867,-34.0716],[-52.8672,-34.0715],[-52.8675,-34.0713],[-52.8678,-34.0711],[-52.8681,-34.0709],[-52.8683,-34.0708],[-52.8686,-34.0706],[-52.8689,-34.0704],[-52.8691,-34.0702],[-52.8694,-34.07],[-52.8697,-34.0699],[-52.87,-34.0697],[-52.8702,-34.0695],[-52.8705,-34.0693],[-52.8708,-34.0692],[-52.8711,-34.069],[-52.8713,-34.0688],[-52.8716,-34.0686],[-52.8719,-34.0684],[-52.8722,-34.0683],[-52.8724,-34.0681],[-52.8727,-34.0679],[-52.873,-34.0677],[-52.8732,-34.0676],[-52.8735,-34.0674],[-52.8738,-34.0672],[-52.8741,-34.067],[-52.8743,-34.0668],[-52.8746,-34.0667],[-52.8749,-34.0665],[-52.8752,-34.0663],[-52.8754,-34.0661],[-52.8757,-34.066],[-52.876,-34.0658],[-52.8763,-34.0656],[-52.8765,-34.0654],[-52.8768,-34.0652],[-52.8771,-34.0651],[-52.8773,-34.0649],[-52.8776,-34.0647],[-52.8779,-34.0645],[-52.8782,-34.0644],[-52.8784,-34.0642],[-52.8787,-34.064],[-52.879,-34.0638],[-52.8793,-34.0636],[-52.8795,-34.0635],[-52.8798,-34.0633],[-52.8801,-34.0631],[-52.8804,-34.0629],[-52.8806,-34.0628],[-52.8809,-34.0626],[-52.8812,-34.0624],[-52.8814,-34.0622],[-52.8817,-34.062],[-52.882,-34.0619],[-52.8823,-34.0617],[-52.8825,-34.0615],[-52.8828,-34.0613],[-52.8831,-34.0612],[-52.8834,-34.061],[-52.8836,-34.0608],[-52.8839,-34.0606],[-52.8842,-34.0604],[-52.8844,-34.0603],[-52.8847,-34.0601],[-52.885,-34.0599],[-52.8853,-34.0597],[-52.8855,-34.0596],[-52.8858,-34.0594],[-52.8861,-34.0592],[-52.8864,-34.059],[-52.8866,-34.0588],[-52.8869,-34.0587],[-52.8872,-34.0585],[-52.8875,-34.0583],[-52.8877,-34.0581],[-52.888,-34.058],[-52.8883,-34.0578],[-52.8885,-34.0576],[-52.8888,-34.0574],[-52.8891,-34.0573],[-52.8894,-34.0571],[-52.8896,-34.0569],[-52.8899,-34.0567],[-52.8902,-34.0565],[-52.8905,-34.0564],[-52.8907,-34.0562],[-52.891,-34.056],[-52.8913,-34.0558],[-52.8916,-34.0557],[-52.8918,-34.0555],[-52.8921,-34.0553],[-52.8924,-34.0551],[-52.8926,-34.0549],[-52.8929,-34.0548],[-52.8932,-34.0546],[-52.8935,-34.0544],[-52.8937,-34.0542],[-52.894,-34.0541],[-52.8943,-34.0539],[-52.8946,-34.0537],[-52.8948,-34.0535],[-52.8951,-34.0533],[-52.8954,-34.0532],[-52.8957,-34.053],[-52.8959,-34.0528],[-52.8962,-34.0526],[-52.8965,-34.0525],[-52.8967,-34.0523],[-52.897,-34.0521],[-52.8973,-34.0519],[-52.8976,-34.0517],[-52.8978,-34.0516],[-52.8981,-34.0514],[-52.8984,-34.0512],[-52.8987,-34.051],[-52.8989,-34.0509],[-52.8992,-34.0507],[-52.8995,-34.0505],[-52.8997,-34.0503],[-52.9,-34.0501],[-52.9003,-34.05],[-52.9006,-34.0498],[-52.9008,-34.0496],[-52.9011,-34.0494],[-52.9014,-34.0493],[-52.9017,-34.0491],[-52.9019,-34.0489],[-52.9022,-34.0487],[-52.9025,-34.0485],[-52.9028,-34.0484],[-52.903,-34.0482],[-52.9033,-34.048],[-52.9036,-34.0478],[-52.9038,-34.0477],[-52.9041,-34.0475],[-52.9044,-34.0473],[-52.9047,-34.0471],[-52.9049,-34.0469],[-52.9052,-34.0468],[-52.9055,-34.0466],[-52.9058,-34.0464],[-52.906,-34.0462],[-52.9063,-34.0461],[-52.9066,-34.0459],[-52.9069,-34.0457],[-52.9071,-34.0455],[-52.9074,-34.0453],[-52.9077,-34.0452],[-52.9079,-34.045],[-52.9082,-34.0448],[-52.9085,-34.0446],[-52.9088,-34.0445],[-52.909,-34.0443],[-52.9093,-34.0441],[-52.9096,-34.0439],[-52.9099,-34.0437],[-52.9101,-34.0436],[-52.9104,-34.0434],[-52.9107,-34.0432],[-52.911,-34.043],[-52.9112,-34.0429],[-52.9115,-34.0427],[-52.9118,-34.0425],[-52.912,-34.0423],[-52.9123,-34.0421],[-52.9126,-34.042],[-52.9129,-34.0418],[-52.9131,-34.0416],[-52.9134,-34.0414],[-52.9137,-34.0413],[-52.914,-34.0411],[-52.9142,-34.0409],[-52.9145,-34.0407],[-52.9148,-34.0405],[-52.915,-34.0404],[-52.9153,-34.0402],[-52.9156,-34.04],[-52.9159,-34.0398],[-52.9161,-34.0397],[-52.9164,-34.0395],[-52.9167,-34.0393],[-52.917,-34.0391],[-52.9172,-34.039],[-52.9175,-34.0388],[-52.9178,-34.0386],[-52.9181,-34.0384],[-52.9183,-34.0382],[-52.9186,-34.0381],[-52.9189,-34.0379],[-52.9191,-34.0377],[-52.9194,-34.0375],[-52.9197,-34.0374],[-52.92,-34.0372],[-52.9202,-34.037],[-52.9205,-34.0368],[-52.9208,-34.0366],[-52.9211,-34.0365],[-52.9213,-34.0363],[-52.9216,-34.0361],[-52.9219,-34.0359],[-52.9222,-34.0358],[-52.9224,-34.0356],[-52.9227,-34.0354],[-52.923,-34.0352],[-52.9232,-34.035],[-52.9235,-34.0349],[-52.9238,-34.0347],[-52.9241,-34.0345],[-52.9243,-34.0343],[-52.9246,-34.0342],[-52.9249,-34.034],[-52.9252,-34.0338],[-52.9254,-34.0336],[-52.9257,-34.0334],[-52.926,-34.0333],[-52.9262,-34.0331],[-52.9265,-34.0329],[-52.9268,-34.0327],[-52.9271,-34.0326],[-52.9273,-34.0324],[-52.9276,-34.0322],[-52.9279,-34.032],[-52.9282,-34.0318],[-52.9284,-34.0317],[-52.9287,-34.0315],[-52.929,-34.0313],[-52.9293,-34.0311],[-52.9295,-34.031],[-52.9298,-34.0308],[-52.9301,-34.0306],[-52.9303,-34.0304],[-52.9306,-34.0302],[-52.9309,-34.0301],[-52.9312,-34.0299],[-52.9314,-34.0297],[-52.9317,-34.0295],[-52.932,-34.0294],[-52.9323,-34.0292],[-52.9325,-34.029],[-52.9328,-34.0288],[-52.9331,-34.0286],[-52.9333,-34.0285],[-52.9336,-34.0283],[-52.9339,-34.0281],[-52.9342,-34.0279],[-52.9344,-34.0278],[-52.9347,-34.0276],[-52.935,-34.0274],[-52.9353,-34.0272],[-52.9355,-34.027],[-52.9358,-34.0269],[-52.9361,-34.0267],[-52.9364,-34.0265],[-52.9366,-34.0263],[-52.9369,-34.0262],[-52.9372,-34.026],[-52.9374,-34.0258],[-52.9377,-34.0256],[-52.938,-34.0254],[-52.9383,-34.0253],[-52.9385,-34.0251],[-52.9388,-34.0249],[-52.9391,-34.0247],[-52.9394,-34.0246],[-52.9396,-34.0244],[-52.9399,-34.0242],[-52.9402,-34.024],[-52.9405,-34.0238],[-52.9407,-34.0237],[-52.941,-34.0235],[-52.9413,-34.0233],[-52.9415,-34.0231],[-52.9418,-34.023],[-52.9421,-34.0228],[-52.9424,-34.0226],[-52.9426,-34.0224],[-52.9429,-34.0222],[-52.9432,-34.0221],[-52.9435,-34.0219],[-52.9437,-34.0217],[-52.944,-34.0215],[-52.9443,-34.0214],[-52.9445,-34.0212],[-52.9448,-34.021],[-52.9451,-34.0208],[-52.9454,-34.0207],[-52.9456,-34.0205],[-52.9459,-34.0203],[-52.9462,-34.0201],[-52.9465,-34.0199],[-52.9467,-34.0198],[-52.947,-34.0196],[-52.9473,-34.0194],[-52.9476,-34.0192],[-52.9478,-34.0191],[-52.9481,-34.0189],[-52.9484,-34.0187],[-52.9486,-34.0185],[-52.9489,-34.0183],[-52.9492,-34.0182],[-52.9495,-34.018],[-52.9497,-34.0178],[-52.95,-34.0176],[-52.9503,-34.0175],[-52.9506,-34.0173],[-52.9508,-34.0171],[-52.9511,-34.0169],[-52.9514,-34.0167],[-52.9516,-34.0166],[-52.9519,-34.0164],[-52.9522,-34.0162],[-52.9525,-34.016],[-52.9527,-34.0159],[-52.953,-34.0157],[-52.9533,-34.0155],[-52.9536,-34.0153],[-52.9538,-34.0151],[-52.9541,-34.015],[-52.9544,-34.0148],[-52.9547,-34.0146],[-52.9549,-34.0144],[-52.9552,-34.0143],[-52.9555,-34.0141],[-52.9557,-34.0139],[-52.956,-34.0137],[-52.9563,-34.0135],[-52.9566,-34.0134],[-52.9568,-34.0132],[-52.9571,-34.013],[-52.9574,-34.0128],[-52.9577,-34.0127],[-52.9579,-34.0125],[-52.9582,-34.0123],[-52.9585,-34.0121],[-52.9587,-34.0119],[-52.959,-34.0118],[-52.9593,-34.0116],[-52.9596,-34.0114],[-52.9598,-34.0112],[-52.9601,-34.0111],[-52.9604,-34.0109],[-52.9607,-34.0107],[-52.9609,-34.0105],[-52.9612,-34.0103],[-52.9615,-34.0102],[-52.9618,-34.01],[-52.962,-34.0098],[-52.9623,-34.0096],[-52.9626,-34.0095],[-52.9628,-34.0093],[-52.9631,-34.0091],[-52.9634,-34.0089],[-52.9637,-34.0087],[-52.9639,-34.0086],[-52.9642,-34.0084],[-52.9645,-34.0082],[-52.9648,-34.008],[-52.965,-34.0079],[-52.9653,-34.0077],[-52.9656,-34.0075],[-52.9658,-34.0073],[-52.9661,-34.0071],[-52.9664,-34.007],[-52.9667,-34.0068],[-52.9669,-34.0066],[-52.9672,-34.0064],[-52.9675,-34.0063],[-52.9678,-34.0061],[-52.968,-34.0059],[-52.9683,-34.0057],[-52.9686,-34.0055],[-52.9689,-34.0054],[-52.9691,-34.0052],[-52.9694,-34.005],[-52.9697,-34.0048],[-52.9699,-34.0047],[-52.9702,-34.0045],[-52.9705,-34.0043],[-52.9708,-34.0041],[-52.971,-34.0039],[-52.9713,-34.0038],[-52.9716,-34.0036],[-52.9719,-34.0034],[-52.9721,-34.0032],[-52.9724,-34.0031],[-52.9727,-34.0029],[-52.9729,-34.0027],[-52.9732,-34.0025],[-52.9735,-34.0023],[-52.9738,-34.0022],[-52.974,-34.002],[-52.9743,-34.0018],[-52.9746,-34.0016],[-52.9749,-34.0015],[-52.9751,-34.0013],[-52.9754,-34.0011],[-52.9757,-34.0009],[-52.976,-34.0008],[-52.9762,-34.0006],[-52.9765,-34.0004],[-52.9768,-34.0002],[-52.977,-34.0],[-52.9773,-33.9999],[-52.9776,-33.9997],[-52.9779,-33.9995],[-52.9781,-33.9993],[-52.9784,-33.9992],[-52.9787,-33.999],[-52.979,-33.9988],[-52.9792,-33.9986],[-52.9795,-33.9984],[-52.9798,-33.9983],[-52.98,-33.9981],[-52.9803,-33.9979],[-52.9806,-33.9977],[-52.9809,-33.9976],[-52.9811,-33.9974],[-52.9814,-33.9972],[-52.9817,-33.997],[-52.982,-33.9968],[-52.9822,-33.9967],[-52.9825,-33.9965],[-52.9828,-33.9963],[-52.9831,-33.9961],[-52.9833,-33.996],[-52.9836,-33.9958],[-52.9839,-33.9956],[-52.9841,-33.9954],[-52.9844,-33.9952],[-52.9847,-33.9951],[-52.985,-33.9949],[-52.9852,-33.9947],[-52.9855,-33.9945],[-52.9858,-33.9944],[-52.9861,-33.9942],[-52.9863,-33.994],[-52.9866,-33.9938],[-52.9869,-33.9936],[-52.9871,-33.9935],[-52.9874,-33.9933],[-52.9877,-33.9931],[-52.988,-33.9929],[-52.9882,-33.9928],[-52.9885,-33.9926],[-52.9888,-33.9924],[-52.9891,-33.9922],[-52.9893,-33.992],[-52.9896,-33.9919],[-52.9899,-33.9917],[-52.9901,-33.9915],[-52.9904,-33.9913],[-52.9907,-33.9912],[-52.991,-33.991],[-52.9912,-33.9908],[-52.9915,-33.9906],[-52.9918,-33.9904],[-52.9921,-33.9903],[-52.9923,-33.9901],[-52.9926,-33.9899],[-52.9929,-33.9897],[-52.9932,-33.9896],[-52.9934,-33.9894],[-52.9937,-33.9892],[-52.994,-33.989],[-52.9942,-33.9888],[-52.9945,-33.9887],[-52.9948,-33.9885],[-52.9951,-33.9883],[-52.9953,-33.9881],[-52.9956,-33.988],[-52.9959,-33.9878],[-52.9962,-33.9876],[-52.9964,-33.9874],[-52.9967,-33.9872],[-52.997,-33.9871],[-52.9972,-33.9869],[-52.9975,-33.9867],[-52.9978,-33.9865],[-52.9981,-33.9864],[-52.9983,-33.9862],[-52.9986,-33.986],[-52.9989,-33.9858],[-52.9992,-33.9856],[-52.9994,-33.9855],[-52.9997,-33.9853],[-53.0,-33.9851],[-53.0003,-33.9849],[-53.0005,-33.9848],[-53.0008,-33.9846],[-53.0011,-33.9844],[-53.0013,-33.9842],[-53.0016,-33.984],[-53.0019,-33.9839],[-53.0022,-33.9837],[-53.0024,-33.9835],[-53.0027,-33.9833],[-53.003,-33.9832],[-53.0033,-33.983],[-53.0035,-33.9828],[-53.0038,-33.9826],[-53.0041,-33.9825],[-53.0043,-33.9823],[-53.0046,-33.9821],[-53.0049,-33.9819],[-53.0052,-33.9817],[-53.0054,-33.9816],[-53.0057,-33.9814],[-53.006,-33.9812],[-53.0063,-33.981],[-53.0065,-33.9809],[-53.0068,-33.9807],[-53.0071,-33.9805],[-53.0073,-33.9803],[-53.0076,-33.9801],[-53.0079,-33.98],[-53.0082,-33.9798],[-53.0084,-33.9796],[-53.0087,-33.9794],[-53.009,-33.9793],[-53.0093,-33.9791],[-53.0095,-33.9789],[-53.0098,-33.9787],[-53.0101,-33.9785],[-53.0104,-33.9784],[-53.0106,-33.9782],[-53.0109,-33.978],[-53.0112,-33.9778],[-53.0114,-33.9777],[-53.0117,-33.9775],[-53.012,-33.9773],[-53.0123,-33.9771],[-53.0125,-33.9769],[-53.0128,-33.9768],[-53.0131,-33.9766],[-53.0134,-33.9764],[-53.0136,-33.9762],[-53.0139,-33.9761],[-53.0142,-33.9759],[-53.0144,-33.9757],[-53.0147,-33.9755],[-53.015,-33.9753],[-53.0153,-33.9752],[-53.0155,-33.975],[-53.0158,-33.9748],[-53.0161,-33.9746],[-53.0164,-33.9745],[-53.0166,-33.9743],[-53.0169,-33.9741],[-53.0172,-33.9739],[-53.0174,-33.9737],[-53.0177,-33.9736],[-53.018,-33.9734],[-53.0183,-33.9732],[-53.0185,-33.973],[-53.0188,-33.9729],[-53.0191,-33.9727],[-53.0194,-33.9725],[-53.0196,-33.9723],[-53.0199,-33.9721],[-53.0202,-33.972],[-53.0205,-33.9718],[-53.0207,-33.9716],[-53.021,-33.9714],[-53.0213,-33.9713],[-53.0215,-33.9711],[-53.0218,-33.9709],[-53.0221,-33.9707],[-53.0224,-33.9705],[-53.0226,-33.9704],[-53.0229,-33.9702],[-53.0232,-33.97],[-53.0235,-33.9698],[-53.0237,-33.9697],[-53.024,-33.9695],[-53.0243,-33.9693],[-53.0245,-33.9691],[-53.0248,-33.9689],[-53.0251,-33.9688],[-53.0254,-33.9686],[-53.0256,-33.9684],[-53.0259,-33.9682],[-53.0262,-33.9681],[-53.0265,-33.9679],[-53.0267,-33.9677],[-53.027,-33.9675],[-53.0273,-33.9673],[-53.0275,-33.9672],[-53.0278,-33.967],[-53.0281,-33.9668],[-53.0284,-33.9666],[-53.0286,-33.9665],[-53.0289,-33.9663],[-53.0292,-33.9661],[-53.0295,-33.9659],[-53.0297,-33.9657],[-53.03,-33.9656],[-53.0303,-33.9654],[-53.0305,-33.9652],[-53.0308,-33.965],[-53.0311,-33.9649],[-53.0314,-33.9647],[-53.0316,-33.9645],[-53.0319,-33.9643],[-53.0322,-33.9641],[-53.0325,-33.964],[-53.0327,-33.9638],[-53.033,-33.9636],[-53.0333,-33.9634],[-53.0336,-33.9633],[-53.0338,-33.9631],[-53.0341,-33.9629],[-53.0344,-33.9627],[-53.0346,-33.9626],[-53.0349,-33.9624],[-53.0352,-33.9622],[-53.0355,-33.962],[-53.0357,-33.9618],[-53.036,-33.9617],[-53.0363,-33.9615],[-53.0366,-33.9613],[-53.0368,-33.9611],[-53.0371,-33.961],[-53.0374,-33.9608],[-53.0376,-33.9606],[-53.0379,-33.9604],[-53.0382,-33.9602],[-53.0385,-33.9601],[-53.0387,-33.9599],[-53.039,-33.9597],[-53.0393,-33.9595],[-53.0396,-33.9594],[-53.0398,-33.9592],[-53.0401,-33.959],[-53.0404,-33.9588],[-53.0406,-33.9586],[-53.0409,-33.9585],[-53.0412,-33.9583],[-53.0415,-33.9581],[-53.0417,-33.9579],[-53.042,-33.9578],[-53.0423,-33.9576],[-53.0426,-33.9574],[-53.0428,-33.9572],[-53.0431,-33.957],[-53.0434,-33.9569],[-53.0437,-33.9567],[-53.0439,-33.9565],[-53.0442,-33.9563],[-53.0445,-33.9562],[-53.0447,-33.956],[-53.045,-33.9558],[-53.0453,-33.9556],[-53.0456,-33.9554],[-53.0458,-33.9553],[-53.0461,-33.9551],[-53.0464,-33.9549],[-53.0467,-33.9547],[-53.0469,-33.9546],[-53.0472,-33.9544],[-53.0475,-33.9542],[-53.0477,-33.954],[-53.048,-33.9538],[-53.0483,-33.9537],[-53.0486,-33.9535],[-53.0488,-33.9533],[-53.0491,-33.9531],[-53.0494,-33.953],[-53.0497,-33.9528],[-53.0499,-33.9526],[-53.0502,-33.9524],[-53.0505,-33.9522],[-53.0507,-33.9521],[-53.051,-33.9519],[-53.0513,-33.9517],[-53.0516,-33.9515],[-53.0518,-33.9514],[-53.0521,-33.9512],[-53.0524,-33.951],[-53.0527,-33.9508],[-53.0529,-33.9506],[-53.0532,-33.9505],[-53.0535,-33.9503],[-53.0537,-33.9501],[-53.054,-33.9499],[-53.0543,-33.9498],[-53.0546,-33.9496],[-53.0548,-33.9494],[-53.0551,-33.9492],[-53.0554,-33.949],[-53.0557,-33.9489],[-53.0559,-33.9487],[-53.0562,-33.9485],[-53.0565,-33.9483],[-53.0567,-33.9482],[-53.057,-33.948],[-53.0573,-33.9478],[-53.0576,-33.9476],[-53.0578,-33.9474],[-53.0581,-33.9473],[-53.0584,-33.9471],[-53.0587,-33.9469],[-53.0589,-33.9467],[-53.0592,-33.9466],[-53.0595,-33.9464],[-53.0598,-33.9462],[-53.06,-33.946],[-53.0603,-33.9458],[-53.0606,-33.9457],[-53.0608,-33.9455],[-53.0611,-33.9453],[-53.0614,-33.9451],[-53.0617,-33.945],[-53.0619,-33.9448],[-53.0622,-33.9446],[-53.0625,-33.9444],[-53.0628,-33.9443],[-53.063,-33.9441],[-53.0633,-33.9439],[-53.0636,-33.9437],[-53.0638,-33.9435],[-53.0641,-33.9434],[-53.0644,-33.9432],[-53.0647,-33.943],[-53.0649,-33.9428],[-53.0652,-33.9427],[-53.0655,-33.9425],[-53.0658,-33.9423],[-53.066,-33.9421],[-53.0663,-33.9419],[-53.0666,-33.9418],[-53.0668,-33.9416],[-53.0671,-33.9414],[-53.0674,-33.9412],[-53.0677,-33.9411],[-53.0679,-33.9409],[-53.0682,-33.9407],[-53.0685,-33.9405],[-53.0688,-33.9403],[-53.069,-33.9402],[-53.0693,-33.94],[-53.0696,-33.9398],[-53.0698,-33.9396],[-53.0701,-33.9395],[-53.0704,-33.9393],[-53.0707,-33.9391],[-53.0709,-33.9389],[-53.0712,-33.9387],[-53.0715,-33.9386],[-53.0718,-33.9384],[-53.072,-33.9382],[-53.0723,-33.938],[-53.0726,-33.9379],[-53.0728,-33.9377],[-53.0731,-33.9375],[-53.0734,-33.9373],[-53.0737,-33.9371],[-53.0739,-33.937],[-53.0742,-33.9368],[-53.0745,-33.9366],[-53.0748,-33.9364],[-53.075,-33.9363],[-53.0753,-33.9361],[-53.0756,-33.9359],[-53.0758,-33.9357],[-53.0761,-33.9355],[-53.0764,-33.9354],[-53.0767,-33.9352],[-53.0769,-33.935],[-53.0772,-33.9348],[-53.0775,-33.9347],[-53.0778,-33.9345],[-53.078,-33.9343],[-53.0783,-33.9341],[-53.0786,-33.9339],[-53.0789,-33.9338],[-53.0791,-33.9336],[-53.0794,-33.9334],[-53.0797,-33.9332],[-53.0799,-33.9331],[-53.0802,-33.9329],[-53.0805,-33.9327],[-53.0808,-33.9325],[-53.081,-33.9323],[-53.0813,-33.9322],[-53.0816,-33.932],[-53.0819,-33.9318],[-53.0821,-33.9316],[-53.0824,-33.9315],[-53.0827,-33.9313],[-53.0829,-33.9311],[-53.0832,-33.9309],[-53.0835,-33.9307],[-53.0838,-33.9306],[-53.084,-33.9304],[-53.0843,-33.9302],[-53.0846,-33.93],[-53.0849,-33.9299],[-53.0851,-33.9297],[-53.0854,-33.9295],[-53.0857,-33.9293],[-53.0859,-33.9291],[-53.0862,-33.929],[-53.0865,-33.9288],[-53.0868,-33.9286],[-53.087,-33.9284],[-53.0873,-33.9283],[-53.0876,-33.9281],[-53.0879,-33.9279],[-53.0881,-33.9277],[-53.0884,-33.9275],[-53.0887,-33.9274],[-53.0889,-33.9272],[-53.0892,-33.927],[-53.0895,-33.9268],[-53.0898,-33.9267],[-53.09,-33.9265],[-53.0903,-33.9263],[-53.0906,-33.9261],[-53.0909,-33.9259],[-53.0911,-33.9258],[-53.0914,-33.9256],[-53.0917,-33.9254],[-53.0919,-33.9252],[-53.0922,-33.9251],[-53.0925,-33.9249],[-53.0928,-33.9247],[-53.093,-33.9245],[-53.0933,-33.9244],[-53.0936,-33.9242],[-53.0939,-33.924],[-53.0941,-33.9238],[-53.0944,-33.9236],[-53.0947,-33.9235],[-53.0949,-33.9233],[-53.0952,-33.9231],[-53.0955,-33.9229],[-53.0958,-33.9228],[-53.096,-33.9226],[-53.0963,-33.9224],[-53.0966,-33.9222],[-53.0969,-33.922],[-53.0971,-33.9219],[-53.0974,-33.9217],[-53.0977,-33.9215],[-53.0979,-33.9213],[-53.0982,-33.9212],[-53.0985,-33.921],[-53.0988,-33.9208],[-53.099,-33.9206],[-53.0993,-33.9204],[-53.0996,-33.9203],[-53.0999,-33.9201],[-53.1001,-33.9199],[-53.1004,-33.9197],[-53.1007,-33.9196],[-53.1009,-33.9194],[-53.1012,-33.9192],[-53.1015,-33.919],[-53.1018,-33.9188],[-53.102,-33.9187],[-53.1023,-33.9185],[-53.1026,-33.9183],[-53.1029,-33.9181],[-53.1031,-33.918],[-53.1034,-33.9178],[-53.1037,-33.9176],[-53.1039,-33.9174],[-53.1042,-33.9172],[-53.1045,-33.9171],[-53.1048,-33.9169],[-53.105,-33.9167],[-53.1053,-33.9165],[-53.1056,-33.9164],[-53.1059,-33.9162],[-53.1061,-33.916],[-53.1064,-33.9158],[-53.1067,-33.9156],[-53.1069,-33.9155],[-53.1072,-33.9153],[-53.1075,-33.9151],[-53.1078,-33.9149],[-53.108,-33.9148],[-53.1083,-33.9146],[-53.1086,-33.9144],[-53.1089,-33.9142],[-53.1091,-33.914],[-53.1094,-33.9139],[-53.1097,-33.9137],[-53.1099,-33.9135],[-53.1102,-33.9133],[-53.1105,-33.9132],[-53.1108,-33.913],[-53.111,-33.9128],[-53.1113,-33.9126],[-53.1116,-33.9124],[-53.1119,-33.9123],[-53.1121,-33.9121],[-53.1124,-33.9119],[-53.1127,-33.9117],[-53.1129,-33.9116],[-53.1132,-33.9114],[-53.1135,-33.9112],[-53.1138,-33.911],[-53.114,-33.9108],[-53.1143,-33.9107],[-53.1146,-33.9105],[-53.1149,-33.9103],[-53.1151,-33.9101],[-53.1154,-33.91],[-53.1157,-33.9098],[-53.116,-33.9096],[-53.1162,-33.9094],[-53.1165,-33.9092],[-53.1168,-33.9091],[-53.117,-33.9089],[-53.1173,-33.9087],[-53.1176,-33.9085],[-53.1179,-33.9084],[-53.1181,-33.9082],[-53.1184,-33.908],[-53.1187,-33.9078],[-53.119,-33.9076],[-53.1192,-33.9075],[-53.1195,-33.9073],[-53.1198,-33.9071],[-53.12,-33.9069],[-53.1203,-33.9068],[-53.1206,-33.9066],[-53.1209,-33.9064],[-53.1211,-33.9062],[-53.1214,-33.906],[-53.1217,-33.9059],[-53.122,-33.9057],[-53.1222,-33.9055],[-53.1225,-33.9053],[-53.1228,-33.9052],[-53.123,-33.905],[-53.1233,-33.9048],[-53.1236,-33.9046],[-53.1239,-33.9045],[-53.1241,-33.9043],[-53.1244,-33.9041],[-53.1247,-33.9039],[-53.125,-33.9037],[-53.1252,-33.9036],[-53.1255,-33.9034],[-53.1258,-33.9032],[-53.126,-33.903],[-53.1263,-33.9029],[-53.1266,-33.9027],[-53.1269,-33.9025],[-53.1271,-33.9023],[-53.1274,-33.9021],[-53.1277,-33.902],[-53.128,-33.9018],[-53.1282,-33.9016],[-53.1285,-33.9014],[-53.1288,-33.9013],[-53.129,-33.9011],[-53.1293,-33.9009],[-53.1296,-33.9007],[-53.1299,-33.9005],[-53.1301,-33.9004],[-53.1304,-33.9002],[-53.1307,-33.9],[-53.131,-33.8998],[-53.1312,-33.8997],[-53.1315,-33.8995],[-53.1318,-33.8993],[-53.132,-33.8991],[-53.1323,-33.8989],[-53.1326,-33.8988],[-53.1329,-33.8986],[-53.1331,-33.8984],[-53.1334,-33.8982],[-53.1337,-33.8981],[-53.134,-33.8979],[-53.1342,-33.8977],[-53.1345,-33.8975],[-53.1348,-33.8973],[-53.135,-33.8972],[-53.1353,-33.897],[-53.1356,-33.8968],[-53.1359,-33.8966],[-53.1361,-33.8965],[-53.1364,-33.8963],[-53.1367,-33.8961],[-53.137,-33.8959],[-53.1372,-33.8957],[-53.1375,-33.8956],[-53.1378,-33.8954],[-53.138,-33.8952],[-53.1383,-33.895],[-53.1386,-33.8949],[-53.1389,-33.8947],[-53.1391,-33.8945],[-53.1394,-33.8943],[-53.1397,-33.8941],[-53.14,-33.894],[-53.1402,-33.8938],[-53.1405,-33.8936],[-53.1408,-33.8934],[-53.141,-33.8933],[-53.1413,-33.8931],[-53.1416,-33.8929],[-53.1419,-33.8927],[-53.1421,-33.8925],[-53.1424,-33.8924],[-53.1427,-33.8922],[-53.143,-33.892],[-53.1432,-33.8918],[-53.1435,-33.8917],[-53.1438,-33.8915],[-53.144,-33.8913],[-53.1443,-33.8911],[-53.1446,-33.8909],[-53.1449,-33.8908],[-53.1451,-33.8906],[-53.1454,-33.8904],[-53.1457,-33.8902],[-53.1459,-33.8901],[-53.1462,-33.8899],[-53.1465,-33.8897],[-53.1468,-33.8895],[-53.147,-33.8893],[-53.1473,-33.8892],[-53.1476,-33.889],[-53.1479,-33.8888],[-53.1481,-33.8886],[-53.1484,-33.8885],[-53.1487,-33.8883],[-53.1489,-33.8881],[-53.1492,-33.8879],[-53.1495,-33.8877],[-53.1498,-33.8876],[-53.15,-33.8874],[-53.1503,-33.8872],[-53.1506,-33.887],[-53.1509,-33.8869],[-53.1511,-33.8867],[-53.1514,-33.8865],[-53.1517,-33.8863],[-53.1519,-33.8862],[-53.1522,-33.886],[-53.1525,-33.8858],[-53.1528,-33.8856],[-53.153,-33.8854],[-53.1533,-33.8853],[-53.1536,-33.8851],[-53.1539,-33.8849],[-53.1541,-33.8847],[-53.1544,-33.8846],[-53.1547,-33.8844],[-53.1549,-33.8842],[-53.1552,-33.884],[-53.1555,-33.8838],[-53.1558,-33.8837],[-53.156,-33.8835],[-53.1563,-33.8833],[-53.1566,-33.8831],[-53.1569,-33.883],[-53.1571,-33.8828],[-53.1574,-33.8826],[-53.1577,-33.8824],[-53.1579,-33.8822],[-53.1582,-33.8821],[-53.1585,-33.8819],[-53.1588,-33.8817],[-53.159,-33.8815],[-53.1593,-33.8814],[-53.1596,-33.8812],[-53.1599,-33.881],[-53.1601,-33.8808],[-53.1604,-33.8806],[-53.1607,-33.8805],[-53.1609,-33.8803],[-53.1612,-33.8801],[-53.1615,-33.8799],[-53.1618,-33.8798],[-53.162,-33.8796],[-53.1623,-33.8794],[-53.1626,-33.8792],[-53.1629,-33.879],[-53.1631,-33.8789],[-53.1634,-33.8787],[-53.1637,-33.8785],[-53.1639,-33.8783],[-53.1642,-33.8782],[-53.1645,-33.878],[-53.1648,-33.8778],[-53.165,-33.8776],[-53.1653,-33.8774],[-53.1656,-33.8773],[-53.1659,-33.8771],[-53.1661,-33.8769],[-53.1664,-33.8767],[-53.1667,-33.8766],[-53.1669,-33.8764],[-53.1672,-33.8762],[-53.1675,-33.876],[-53.1678,-33.8758],[-53.168,-33.8757],[-53.1683,-33.8755],[-53.1686,-33.8753],[-53.1689,-33.8751],[-53.1691,-33.875],[-53.1694,-33.8748],[-53.1697,-33.8746],[-53.1699,-33.8744],[-53.1702,-33.8742],[-53.1705,-33.8741],[-53.1708,-33.8739],[-53.171,-33.8737],[-53.1713,-33.8735],[-53.1716,-33.8734],[-53.1719,-33.8732],[-53.1721,-33.873],[-53.1724,-33.8728],[-53.1727,-33.8726],[-53.1729,-33.8725],[-53.1732,-33.8723],[-53.1735,-33.8721],[-53.1738,-33.8719],[-53.174,-33.8718],[-53.1743,-33.8716],[-53.1746,-33.8714],[-53.1749,-33.8712],[-53.1751,-33.871],[-53.1754,-33.8709],[-53.1757,-33.8707],[-53.1759,-33.8705],[-53.1762,-33.8703],[-53.1765,-33.8702],[-53.1768,-33.87],[-53.177,-33.8698],[-53.1773,-33.8696],[-53.1776,-33.8694],[-53.1779,-33.8693],[-53.1781,-33.8691],[-53.1784,-33.8689],[-53.1787,-33.8687],[-53.1789,-33.8686],[-53.1792,-33.8684],[-53.1795,-33.8682],[-53.1798,-33.868],[-53.18,-33.8678],[-53.1803,-33.8677],[-53.1806,-33.8675],[-53.1809,-33.8673],[-53.1811,-33.8671],[-53.1814,-33.867],[-53.1817,-33.8668],[-53.1819,-33.8666],[-53.1822,-33.8664],[-53.1825,-33.8663],[-53.1828,-33.8661],[-53.183,-33.8659],[-53.1833,-33.8657],[-53.1836,-33.8655],[-53.1838,-33.8654],[-53.1841,-33.8652],[-53.1844,-33.865],[-53.1847,-33.8648],[-53.1849,-33.8647],[-53.1852,-33.8645],[-53.1855,-33.8643],[-53.1858,-33.8641],[-53.186,-33.8639],[-53.1863,-33.8638],[-53.1866,-33.8636],[-53.1868,-33.8634],[-53.1871,-33.8632],[-53.1874,-33.8631],[-53.1877,-33.8629],[-53.1879,-33.8627],[-53.1882,-33.8625],[-53.1885,-33.8623],[-53.1888,-33.8622],[-53.189,-33.862],[-53.1893,-33.8618],[-53.1896,-33.8616],[-53.1898,-33.8615],[-53.1901,-33.8613],[-53.1904,-33.8611],[-53.1907,-33.8609],[-53.1909,-33.8607],[-53.1912,-33.8606],[-53.1915,-33.8604],[-53.1918,-33.8602],[-53.192,-33.86],[-53.1923,-33.8599],[-53.1926,-33.8597],[-53.1928,-33.8595],[-53.1931,-33.8593],[-53.1934,-33.8591],[-53.1937,-33.859],[-53.1939,-33.8588],[-53.1942,-33.8586],[-53.1945,-33.8584],[-53.1948,-33.8583],[-53.195,-33.8581],[-53.1953,-33.8579],[-53.1956,-33.8577],[-53.1958,-33.8575],[-53.1961,-33.8574],[-53.1964,-33.8572],[-53.1967,-33.857],[-53.1969,-33.8568],[-53.1972,-33.8567],[-53.1975,-33.8565],[-53.1978,-33.8563],[-53.198,-33.8561],[-53.1983,-33.8559],[-53.1986,-33.8558],[-53.1988,-33.8556],[-53.1991,-33.8554],[-53.1994,-33.8552],[-53.1997,-33.8551],[-53.1999,-33.8549],[-53.2002,-33.8547],[-53.2005,-33.8545],[-53.2007,-33.8543],[-53.201,-33.8542],[-53.2013,-33.854],[-53.2016,-33.8538],[-53.2018,-33.8536],[-53.2021,-33.8535],[-53.2024,-33.8533],[-53.2027,-33.8531],[-53.2029,-33.8529],[-53.2032,-33.8527],[-53.2035,-33.8526],[-53.2037,-33.8524],[-53.204,-33.8522],[-53.2043,-33.852],[-53.2046,-33.8519],[-53.2048,-33.8517],[-53.2051,-33.8515],[-53.2054,-33.8513],[-53.2057,-33.8511],[-53.2059,-33.851],[-53.2062,-33.8508],[-53.2065,-33.8506],[-53.2067,-33.8504],[-53.207,-33.8503],[-53.2073,-33.8501],[-53.2076,-33.8499],[-53.2078,-33.8497],[-53.2081,-33.8495],[-53.2084,-33.8494],[-53.2087,-33.8492],[-53.2089,-33.849],[-53.2092,-33.8488],[-53.2095,-33.8487],[-53.2097,-33.8485],[-53.21,-33.8483],[-53.2103,-33.8481],[-53.2106,-33.8479],[-53.2108,-33.8478],[-53.2111,-33.8476],[-53.2114,-33.8474],[-53.2117,-33.8472],[-53.2119,-33.8471],[-53.2122,-33.8469],[-53.2125,-33.8467],[-53.2127,-33.8465],[-53.213,-33.8464],[-53.2133,-33.8462],[-53.2136,-33.846],[-53.2138,-33.8458],[-53.2141,-33.8456],[-53.2144,-33.8455],[-53.2147,-33.8453],[-53.2149,-33.8451],[-53.2152,-33.8449],[-53.2155,-33.8448],[-53.2157,-33.8446],[-53.216,-33.8444],[-53.2163,-33.8442],[-53.2166,-33.844],[-53.2168,-33.8439],[-53.2171,-33.8437],[-53.2174,-33.8435],[-53.2176,-33.8433],[-53.2179,-33.8432],[-53.2182,-33.843],[-53.2185,-33.8428],[-53.2187,-33.8426],[-53.219,-33.8424],[-53.2193,-33.8423],[-53.2196,-33.8421],[-53.2198,-33.8419],[-53.2201,-33.8417],[-53.2204,-33.8416],[-53.2206,-33.8414],[-53.2209,-33.8412],[-53.2212,-33.841],[-53.2215,-33.8408],[-53.2217,-33.8407],[-53.222,-33.8405],[-53.2223,-33.8403],[-53.2226,-33.8401],[-53.2228,-33.84],[-53.2231,-33.8398],[-53.2234,-33.8396],[-53.2236,-33.8394],[-53.2239,-33.8392],[-53.2242,-33.8391],[-53.2245,-33.8389],[-53.2247,-33.8387],[-53.225,-33.8385],[-53.2253,-33.8384],[-53.2256,-33.8382],[-53.2258,-33.838],[-53.2261,-33.8378],[-53.2264,-33.8376],[-53.2266,-33.8375],[-53.2269,-33.8373],[-53.2272,-33.8371],[-53.2275,-33.8369],[-53.2277,-33.8368],[-53.228,-33.8366],[-53.2283,-33.8364],[-53.2286,-33.8362],[-53.2288,-33.836],[-53.2291,-33.8359],[-53.2294,-33.8357],[-53.2296,-33.8355],[-53.2299,-33.8353],[-53.2302,-33.8352],[-53.2305,-33.835],[-53.2307,-33.8348],[-53.231,-33.8346],[-53.2313,-33.8344],[-53.2315,-33.8343],[-53.2318,-33.8341],[-53.2321,-33.8339],[-53.2324,-33.8337],[-53.2326,-33.8336],[-53.2329,-33.8334],[-53.2332,-33.8332],[-53.2335,-33.833],[-53.2337,-33.8328],[-53.234,-33.8327],[-53.2343,-33.8325],[-53.2345,-33.8323],[-53.2348,-33.8321],[-53.2351,-33.832],[-53.2354,-33.8318],[-53.2356,-33.8316],[-53.2359,-33.8314],[-53.2362,-33.8312],[-53.2365,-33.8311],[-53.2367,-33.8309],[-53.237,-33.8307],[-53.2373,-33.8305],[-53.2375,-33.8304],[-53.2378,-33.8302],[-53.2381,-33.83],[-53.2384,-33.8298],[-53.2386,-33.8296],[-53.2389,-33.8295],[-53.2392,-33.8293],[-53.2395,-33.8291],[-53.2397,-33.8289],[-53.24,-33.8288],[-53.2403,-33.8286],[-53.2405,-33.8284],[-53.2408,-33.8282],[-53.2411,-33.828],[-53.2414,-33.8279],[-53.2416,-33.8277],[-53.2419,-33.8275],[-53.2422,-33.8273],[-53.2424,-33.8272],[-53.2427,-33.827],[-53.243,-33.8268],[-53.2433,-33.8266],[-53.2435,-33.8265],[-53.2438,-33.8263],[-53.2441,-33.8261],[-53.2444,-33.8259],[-53.2446,-33.8257],[-53.2449,-33.8256],[-53.2452,-33.8254],[-53.2454,-33.8252],[-53.2457,-33.825],[-53.246,-33.8249],[-53.2463,-33.8247],[-53.2465,-33.8245],[-53.2468,-33.8243],[-53.2471,-33.8241],[-53.2474,-33.824],[-53.2476,-33.8238],[-53.2479,-33.8236],[-53.2482,-33.8234],[-53.2484,-33.8233],[-53.2487,-33.8231],[-53.249,-33.8229],[-53.2493,-33.8227],[-53.2495,-33.8225],[-53.2498,-33.8224],[-53.2501,-33.8222],[-53.2503,-33.822],[-53.2506,-33.8218],[-53.2509,-33.8217],[-53.2512,-33.8215],[-53.2514,-33.8213],[-53.2517,-33.8211],[-53.252,-33.8209],[-53.2523,-33.8208],[-53.2525,-33.8206],[-53.2528,-33.8204],[-53.2531,-33.8202],[-53.2533,-33.8201],[-53.2536,-33.8199],[-53.2539,-33.8197],[-53.2542,-33.8195],[-53.2544,-33.8193],[-53.2547,-33.8192],[-53.255,-33.819],[-53.2553,-33.8188],[-53.2555,-33.8186],[-53.2558,-33.8185],[-53.2561,-33.8183],[-53.2563,-33.8181],[-53.2566,-33.8179],[-53.2569,-33.8177],[-53.2572,-33.8176],[-53.2574,-33.8174],[-53.2577,-33.8172],[-53.258,-33.817],[-53.2583,-33.8169],[-53.2585,-33.8167],[-53.2588,-33.8165],[-53.2591,-33.8163],[-53.2593,-33.8161],[-53.2596,-33.816],[-53.2599,-33.8158],[-53.2602,-33.8156],[-53.2604,-33.8154],[-53.2607,-33.8153],[-53.261,-33.8151],[-53.2612,-33.8149],[-53.2615,-33.8147],[-53.2618,-33.8145],[-53.2621,-33.8144],[-53.2623,-33.8142],[-53.2626,-33.814],[-53.2629,-33.8138],[-53.2632,-33.8137],[-53.2634,-33.8135],[-53.2637,-33.8133],[-53.264,-33.8131],[-53.2642,-33.8129],[-53.2645,-33.8128],[-53.2648,-33.8126],[-53.2651,-33.8124],[-53.2653,-33.8122],[-53.2656,-33.8121],[-53.2659,-33.8119],[-53.2662,-33.8117],[-53.2664,-33.8115],[-53.2667,-33.8113],[-53.267,-33.8112],[-53.2672,-33.811],[-53.2675,-33.8108],[-53.2678,-33.8106],[-53.2681,-33.8105],[-53.2683,-33.8103],[-53.2686,-33.8101],[-53.2689,-33.8099],[-53.2691,-33.8097],[-53.2694,-33.8096],[-53.2697,-33.8094],[-53.27,-33.8092],[-53.2702,-33.809],[-53.2705,-33.8089],[-53.2708,-33.8087],[-53.2711,-33.8085],[-53.2713,-33.8083],[-53.2716,-33.8081],[-53.2719,-33.808],[-53.2721,-33.8078],[-53.2724,-33.8076],[-53.2727,-33.8074],[-53.273,-33.8073],[-53.2732,-33.8071],[-53.2735,-33.8069],[-53.2738,-33.8067],[-53.2741,-33.8066],[-53.2743,-33.8064],[-53.2746,-33.8062],[-53.2749,-33.806],[-53.2751,-33.8058],[-53.2754,-33.8057],[-53.2757,-33.8055],[-53.276,-33.8053],[-53.2762,-33.8051],[-53.2765,-33.805],[-53.2768,-33.8048],[-53.277,-33.8046],[-53.2773,-33.8044],[-53.2776,-33.8042],[-53.2779,-33.8041],[-53.2781,-33.8039],[-53.2784,-33.8037],[-53.2787,-33.8035],[-53.279,-33.8034],[-53.2792,-33.8032],[-53.2795,-33.803],[-53.2798,-33.8028],[-53.28,-33.8026],[-53.2803,-33.8025],[-53.2806,-33.8023],[-53.2809,-33.8021],[-53.2811,-33.8019],[-53.2814,-33.8018],[-53.2817,-33.8016],[-53.282,-33.8014],[-53.2822,-33.8012],[-53.2825,-33.801],[-53.2828,-33.8009],[-53.283,-33.8007],[-53.2833,-33.8005],[-53.2836,-33.8003],[-53.2839,-33.8002],[-53.2841,-33.8],[-53.2844,-33.7998],[-53.2847,-33.7996],[-53.2849,-33.7994],[-53.2852,-33.7993],[-53.2855,-33.7991],[-53.2858,-33.7989],[-53.286,-33.7987],[-53.2863,-33.7986],[-53.2866,-33.7984],[-53.2869,-33.7982],[-53.2871,-33.798],[-53.2874,-33.7978],[-53.2877,-33.7977],[-53.2879,-33.7975],[-53.2882,-33.7973],[-53.2885,-33.7971],[-53.2888,-33.797],[-53.289,-33.7968],[-53.2893,-33.7966],[-53.2896,-33.7964],[-53.2899,-33.7962],[-53.2901,-33.7961],[-53.2904,-33.7959],[-53.2907,-33.7957],[-53.2909,-33.7955],[-53.2912,-33.7954],[-53.2915,-33.7952],[-53.2918,-33.795],[-53.292,-33.7948],[-53.2923,-33.7946],[-53.2926,-33.7945],[-53.2928,-33.7943],[-53.2931,-33.7941],[-53.2934,-33.7939],[-53.2937,-33.7938],[-53.2939,-33.7936],[-53.2942,-33.7934],[-53.2945,-33.7932],[-53.2948,-33.793],[-53.295,-33.7929],[-53.2953,-33.7927],[-53.2956,-33.7925],[-53.2958,-33.7923],[-53.2961,-33.7922],[-53.2964,-33.792],[-53.2967,-33.7918],[-53.2969,-33.7916],[-53.2972,-33.7914],[-53.2975,-33.7913],[-53.2978,-33.7911],[-53.298,-33.7909],[-53.2983,-33.7907],[-53.2986,-33.7906],[-53.2988,-33.7904],[-53.2991,-33.7902],[-53.2994,-33.79],[-53.2997,-33.7898],[-53.2999,-33.7897],[-53.3002,-33.7895],[-53.3005,-33.7893],[-53.3007,-33.7891],[-53.301,-33.789],[-53.3013,-33.7888],[-53.3016,-33.7886],[-53.3018,-33.7884],[-53.3021,-33.7882],[-53.3024,-33.7881],[-53.3027,-33.7879],[-53.3029,-33.7877],[-53.3032,-33.7875],[-53.3035,-33.7874],[-53.3037,-33.7872],[-53.304,-33.787],[-53.3043,-33.7868],[-53.3046,-33.7867],[-53.3048,-33.7865],[-53.3051,-33.7863],[-53.3054,-33.7861],[-53.3057,-33.7859],[-53.3059,-33.7858],[-53.3062,-33.7856],[-53.3065,-33.7854],[-53.3067,-33.7852],[-53.307,-33.7851],[-53.3073,-33.7849],[-53.3076,-33.7847],[-53.3078,-33.7845],[-53.3081,-33.7843],[-53.3084,-33.7842],[-53.3086,-33.784],[-53.3089,-33.7838],[-53.3092,-33.7836],[-53.3095,-33.7835],[-53.3097,-33.7833],[-53.31,-33.7831],[-53.3103,-33.7829],[-53.3106,-33.7827],[-53.3108,-33.7826],[-53.3111,-33.7824],[-53.3114,-33.7822],[-53.3116,-33.782],[-53.3119,-33.7819],[-53.3122,-33.7817],[-53.3125,-33.7815],[-53.3127,-33.7813],[-53.313,-33.7811],[-53.3133,-33.781],[-53.3135,-33.7808],[-53.3138,-33.7806],[-53.3141,-33.7804],[-53.3144,-33.7803],[-53.3146,-33.7801],[-53.3149,-33.7799],[-53.3152,-33.7797],[-53.3155,-33.7795],[-53.3157,-33.7794],[-53.316,-33.7792],[-53.3163,-33.779],[-53.3165,-33.7788],[-53.3168,-33.7787],[-53.3171,-33.7785],[-53.3174,-33.7783],[-53.3176,-33.7781],[-53.3179,-33.7779],[-53.3182,-33.7778],[-53.3185,-33.7776],[-53.3187,-33.7774],[-53.319,-33.7772],[-53.3193,-33.7771],[-53.3195,-33.7769],[-53.3198,-33.7767],[-53.3201,-33.7765],[-53.3204,-33.7763],[-53.3206,-33.7762],[-53.3209,-33.776],[-53.3212,-33.7758],[-53.3214,-33.7756],[-53.3217,-33.7755],[-53.322,-33.7753],[-53.3223,-33.7751],[-53.3225,-33.7749],[-53.3228,-33.7747],[-53.3231,-33.7746],[-53.3234,-33.7744],[-53.3236,-33.7742],[-53.3239,-33.774],[-53.3242,-33.7739],[-53.3244,-33.7737],[-53.3247,-33.7735],[-53.325,-33.7733],[-53.3253,-33.7731],[-53.3255,-33.773],[-53.3258,-33.7728],[-53.3261,-33.7726],[-53.3263,-33.7724],[-53.3266,-33.7723],[-53.3269,-33.7721],[-53.3272,-33.7719],[-53.3274,-33.7717],[-53.3277,-33.7715],[-53.328,-33.7714],[-53.3283,-33.7712],[-53.3285,-33.771],[-53.3288,-33.7708],[-53.3291,-33.7707],[-53.3293,-33.7705],[-53.3296,-33.7703],[-53.3299,-33.7701],[-53.3302,-33.7699],[-53.3304,-33.7698],[-53.3307,-33.7696],[-53.331,-33.7694],[-53.3313,-33.7692],[-53.3315,-33.7691],[-53.3318,-33.7689],[-53.3321,-33.7687],[-53.3323,-33.7685],[-53.3326,-33.7683],[-53.3329,-33.7682],[-53.3332,-33.768],[-53.3334,-33.7678],[-53.3337,-33.7676],[-53.334,-33.7675],[-53.3342,-33.7673],[-53.3345,-33.7671],[-53.3348,-33.7669],[-53.3351,-33.7668],[-53.3353,-33.7666],[-53.3356,-33.7664],[-53.3359,-33.7662],[-53.3362,-33.766],[-53.3364,-33.7659],[-53.3367,-33.7657],[-53.337,-33.7655],[-53.3372,-33.7653],[-53.3375,-33.7652],[-53.3378,-33.765],[-53.3381,-33.7648],[-53.3383,-33.7646],[-53.3386,-33.7644],[-53.3389,-33.7643],[-53.3391,-33.7641],[-53.3394,-33.7639],[-53.3397,-33.7637],[-53.34,-33.7636],[-53.3402,-33.7634],[-53.3405,-33.7632],[-53.3408,-33.763],[-53.3411,-33.7628],[-53.3413,-33.7627],[-53.3416,-33.7625],[-53.3419,-33.7623],[-53.3421,-33.7621],[-53.3424,-33.762],[-53.3427,-33.7618],[-53.343,-33.7616],[-53.3432,-33.7614],[-53.3435,-33.7612],[-53.3438,-33.7611],[-53.344,-33.7609],[-53.3443,-33.7607],[-53.3446,-33.7605],[-53.3449,-33.7604],[-53.3451,-33.7602],[-53.3454,-33.76],[-53.3457,-33.7598],[-53.346,-33.7596],[-53.3462,-33.7595],[-53.3465,-33.7593],[-53.3468,-33.7591],[-53.347,-33.7589],[-53.3473,-33.7588],[-53.3476,-33.7586],[-53.3479,-33.7584],[-53.3481,-33.7582],[-53.3484,-33.758],[-53.3487,-33.7579],[-53.3489,-33.7577],[-53.3492,-33.7575],[-53.3495,-33.7573],[-53.3498,-33.7572],[-53.35,-33.757],[-53.3503,-33.7568],[-53.3506,-33.7566],[-53.3509,-33.7564],[-53.3511,-33.7563],[-53.3514,-33.7561],[-53.3517,-33.7559],[-53.3519,-33.7557],[-53.3522,-33.7556],[-53.3525,-33.7554],[-53.3528,-33.7552],[-53.353,-33.755],[-53.3533,-33.7548],[-53.3536,-33.7547],[-53.3539,-33.7545],[-53.3541,-33.7543],[-53.3544,-33.7541],[-53.3547,-33.754],[-53.3549,-33.7538],[-53.3552,-33.7536],[-53.3555,-33.7534],[-53.3558,-33.7532],[-53.356,-33.7531],[-53.3563,-33.7529],[-53.3566,-33.7527],[-53.3568,-33.7525],[-53.3571,-33.7524],[-53.3574,-33.7522],[-53.3577,-33.752],[-53.3579,-33.7518],[-53.3582,-33.7516],[-53.3585,-33.7515],[-53.3588,-33.7513],[-53.359,-33.7511],[-53.3593,-33.7509],[-53.3596,-33.7508],[-53.3598,-33.7506],[-53.3601,-33.7504],[-53.3604,-33.7502],[-53.3607,-33.75],[-53.3609,-33.7499],[-53.3612,-33.7497],[-53.3615,-33.7495],[-53.3617,-33.7493],[-53.362,-33.7492],[-53.3623,-33.749],[-53.3626,-33.7488],[-53.3628,-33.7486],[-53.3631,-33.7484],[-53.3634,-33.7483],[-53.3637,-33.7481],[-53.3639,-33.7479],[-53.3642,-33.7477],[-53.3645,-33.7476],[-53.3647,-33.7474],[-53.365,-33.7472],[-53.3653,-33.747],[-53.3656,-33.7469],[-53.3658,-33.7467],[-53.3661,-33.7465],[-53.3664,-33.7463],[-53.3666,-33.7461],[-53.3669,-33.746],[-53.3672,-33.7458],[-53.3675,-33.7456],[-53.3677,-33.7454],[-53.368,-33.7453],[-53.3683,-33.7451],[-53.3686,-33.7449],[-53.3688,-33.7447],[-53.3691,-33.7445],[-53.3694,-33.7444],[-53.2476,-33.6611],[-53.1526,-33.5899],[-53.0442,-33.4986],[-52.7962,-33.303],[-52.7392,-33.2508],[-52.6629,-33.1616],[-52.6297,-33.1167],[-52.6028,-33.0717],[-52.5537,-32.9733],[-52.5125,-32.9037],[-52.4685,-32.7988],[-52.4489,-32.7361],[-52.4262,-32.6426],[-52.4166,-32.6078],[-52.3715,-32.4901],[-52.3427,-32.4271],[-52.3074,-32.362],[-52.263,-32.2956],[-52.2323,-32.2576],[-52.1569,-32.1911],[-52.1181,-32.1667],[-52.0992,-32.1626],[-52.0765,-32.1897],[-52.0822,-32.1579],[-52.0755,-32.1433],[-51.9796,-32.0443],[-51.8856,-31.9587],[-51.8182,-31.9114],[-51.7187,-31.8556],[-51.6277,-31.8135],[-51.4709,-31.7269],[-51.2508,-31.5678],[-51.2224,-31.5374],[-51.1923,-31.4965],[-51.1743,-31.4733],[-51.1202,-31.4355],[-51.043,-31.3651],[-50.9496,-31.2903],[-50.8879,-31.2369],[-50.8486,-31.1963],[-50.7698,-31.1106],[-50.6737,-30.9705],[-50.5631,-30.8255],[-50.4749,-30.6957],[-50.3701,-30.5583],[-50.3339,-30.5013],[-50.3093,-30.4564],[-50.2516,-30.3043],[-50.2248,-30.2369],[-50.1689,-30.0982],[-50.1184,-29.9764],[-50.076,-29.885],[-50.0647,-29.8624],[-50.0185,-29.7728],[-49.9351,-29.6252],[-49.9235,-29.6075],[-49.8029,-29.4441],[-49.7519,-29.3794],[-49.7319,-29.3592],[-49.7292,-29.3491],[-49.7122,-29.3263],[-49.6453,-29.24],[-49.5145,-29.0935],[-49.4218,-28.9971],[-49.3777,-28.9565],[-49.2915,-28.8835],[-49.1845,-28.8008],[-49.0824,-28.7352],[-48.997,-28.6854],[-48.9089,-28.6387],[-48.8555,-28.616],[-48.8434,-28.612],[-48.8352,-28.6131],[-48.8269,-28.6081],[-48.8188,-28.6104],[-48.8102,-28.606],[-48.8155,-28.5979],[-48.8111,-28.586],[-48.7918,-28.569],[-48.7841,-28.57],[-48.7822,-28.5651],[-48.7864,-28.5603],[-48.7757,-28.5458],[-48.7614,-28.5373]]]}},{"type":"Feature","id":"santos","properties":{"id":"santos","name":"Santos","display_name":"Bacia de Santos","bbox":[-48.6875,-27.8748,-40.1915,-22.6781],"area_km2":338918.7},"geometry":{"type":"Polygon","coordinates":[[[-44.6246,-27.8748],[-45.2635,-27.8653],[-48.5787,-27.8291],[-48.5804,-27.8186],[-48.5943,-27.8066],[-48.5919,-27.7879],[-48.6022,-27.7779],[-48.5937,-27.7686],[-48.5971,-27.7602],[-48.5891,-27.752],[-48.5997,-27.733],[-48.602,-27.7214],[-48.598,-27.7101],[-48.6056,-27.6742],[-48.602,-27.6623],[-48.6227,-27.6584],[-48.6368,-27.6517],[-48.6444,-27.6437],[-48.6421,-27.6351],[-48.6355,-27.6417],[-48.6288,-27.6371],[-48.6304,-27.6219],[-48.6257,-27.6134],[-48.6283,-27.6095],[-48.6206,-27.6038],[-48.6066,-27.6017],[-48.598,-27.6038],[-48.599,-27.6164],[-48.5888,-27.62],[-48.5856,-27.6145],[-48.5758,-27.6115],[-48.573,-27.6056],[-48.5762,-27.6027],[-48.5679,-27.5962],[-48.5793,-27.5857],[-48.5769,-27.5798],[-48.6012,-27.5736],[-48.6177,-27.5591],[-48.6127,-27.5478],[-48.6319,-27.5304],[-48.6326,-27.5169],[-48.6476,-27.4835],[-48.641,-27.4784],[-48.6381,-27.458],[-48.6289,-27.4458],[-48.6268,-27.4347],[-48.607,-27.4246],[-48.5956,-27.4259],[-48.5896,-27.4332],[-48.5802,-27.4344],[-48.5756,-27.4276],[-48.571,-27.4281],[-48.5672,-27.424],[-48.5623,-27.4154],[-48.5674,-27.4147],[-48.5683,-27.4093],[-48.5588,-27.4043],[-48.5635,-27.4026],[-48.5652,-27.3931],[-48.557,-27.3674],[-48.5478,-27.3658],[-48.5431,-27.3696],[-48.545,-27.373],[-48.5353,-27.3807],[-48.5358,-27.384],[-48.5267,-27.3767],[-48.5318,-27.3749],[-48.5378,-27.3579],[-48.5339,-27.3561],[-48.5345,-27.3493],[-48.527,-27.3442],[-48.5288,-27.3409],[-48.5246,-27.3346],[-48.5333,-27.3336],[-48.5394,-27.325],[-48.5406,-27.2989],[-48.5444,-27.2982],[-48.549,-27.3064],[-48.5541,-27.3049],[-48.5551,-27.3142],[-48.56,-27.3126],[-48.5612,-27.3156],[-48.5652,-27.3152],[-48.5655,-27.3086],[-48.57,-27.3092],[-48.5737,-27.315],[-48.5817,-27.3131],[-48.5864,-27.3211],[-48.5967,-27.3171],[-48.6065,-27.3014],[-48.6162,-27.275],[-48.6171,-27.2518],[-48.6139,-27.2494],[-48.6075,-27.2204],[-48.6041,-27.2201],[-48.5988,-27.2195],[-48.584,-27.2106],[-48.5801,-27.2125],[-48.5725,-27.2036],[-48.5552,-27.1966],[-48.5482,-27.1877],[-48.5306,-27.1819],[-48.5155,-27.1859],[-48.5011,-27.2014],[-48.5035,-27.2077],[-48.5183,-27.2175],[-48.5179,-27.2215],[-48.5042,-27.2159],[-48.4986,-27.2181],[-48.4945,-27.2128],[-48.4809,-27.2084],[-48.4774,-27.2019],[-48.4851,-27.1998],[-48.4919,-27.2033],[-48.4959,-27.1998],[-48.5009,-27.1846],[-48.4975,-27.1676],[-48.4851,-27.1627],[-48.4836,-27.1559],[-48.4768,-27.1561],[-48.4661,-27.1457],[-48.476,-27.1475],[-48.4796,-27.1358],[-48.4809,-27.1462],[-48.4849,-27.1497],[-48.5024,-27.1464],[-48.5131,-27.133],[-48.5044,-27.1155],[-48.5077,-27.1118],[-48.5162,-27.1223],[-48.5219,-27.1193],[-48.5285,-27.1247],[-48.5307,-27.1296],[-48.527,-27.1272],[-48.5263,-27.1314],[-48.5383,-27.1439],[-48.5339,-27.1485],[-48.5497,-27.1581],[-48.5552,-27.1587],[-48.5595,-27.1537],[-48.5669,-27.1564],[-48.585,-27.1462],[-48.6031,-27.1256],[-48.6128,-27.1009],[-48.6087,-27.0936],[-48.6047,-27.0929],[-48.6035,-27.0964],[-48.5974,-27.0902],[-48.5951,-27.0916],[-48.5953,-27.0865],[-48.5877,-27.0812],[-48.5921,-27.0806],[-48.5945,-27.0732],[-48.5926,-27.0623],[-48.5881,-27.0616],[-48.5863,-27.0459],[-48.5789,-27.0401],[-48.5795,-27.0261],[-48.5718,-27.0246],[-48.5742,-27.0184],[-48.5676,-27.0083],[-48.5774,-27.01],[-48.5831,-26.9991],[-48.5808,-26.9948],[-48.5878,-26.9924],[-48.5898,-26.9977],[-48.5977,-26.9939],[-48.6028,-26.9961],[-48.6009,-27.0039],[-48.6112,-27.005],[-48.6217,-27.0003],[-48.6349,-26.9788],[-48.6338,-26.9727],[-48.6265,-26.9722],[-48.6276,-26.9657],[-48.6243,-26.9618],[-48.6277,-26.9604],[-48.6277,-26.9375],[-48.6218,-26.9262],[-48.6315,-26.9293],[-48.6413,-26.9206],[-48.6409,-26.914],[-48.6437,-26.9022],[-48.6385,-26.8699],[-48.6286,-26.8362],[-48.6214,-26.8271],[-48.6031,-26.8276],[-48.5963,-26.8028],[-48.5919,-26.7973],[-48.5848,-26.7958],[-48.5883,-26.7911],[-48.5858,-26.7838],[-48.596,-26.7837],[-48.5998,-26.7725],[-48.6066,-26.7895],[-48.6207,-26.7896],[-48.6332,-26.7807],[-48.6411,-26.7662],[-48.6478,-26.7623],[-48.6528,-26.7719],[-48.6621,-26.771],[-48.6718,-26.7629],[-48.6768,-26.7514],[-48.6821,-26.7189],[-48.6793,-26.699],[-48.6873,-26.6886],[-48.6875,-26.67],[-48.6769,-26.6142],[-48.664,-26.5774],[-48.6655,-26.5744],[-48.6627,-26.5753],[-48.6601,-26.5709],[-48.6514,-26.5482],[-48.633,-26.5108],[-48.6147,-26.4793],[-48.594,-26.4544],[-48.5965,-26.451],[-48.5991,-26.4313],[-48.5927,-26.4073],[-48.5655,-26.3617],[-48.5539,-26.3269],[-48.5327,-26.2842],[-48.5062,-26.2396],[-48.4987,-26.2344],[-48.4932,-26.2197],[-48.4967,-26.2176],[-48.5015,-26.2209],[-48.503,-26.2269],[-48.5165,-26.2236],[-48.5269,-26.1999],[-48.5228,-26.1706],[-48.5308,-26.1645],[-48.538,-26.1707],[-48.5685,-26.1712],[-48.5814,-26.1658],[-48.5975,-26.1252],[-48.6001,-26.0734],[-48.607,-26.0673],[-48.6075,-26.0569],[-48.6004,-25.9995],[-48.595,-25.9776],[-48.5913,-25.9775],[-48.5953,-25.9717],[-48.5768,-25.9212],[-48.5601,-25.8914],[-48.5681,-25.8863],[-48.563,-25.8717],[-48.5652,-25.863],[-48.5644,-25.8575],[-48.5501,-25.8526],[-48.5423,-25.8483],[-48.5364,-25.8516],[-48.5347,-25.8495],[-48.5381,-25.841],[-48.5267,-25.8022],[-48.4773,-25.7145],[-48.4398,-25.6553],[-48.4155,-25.6246],[-48.3811,-25.5963],[-48.3589,-25.5864],[-48.3204,-25.587],[-48.3139,-25.5771],[-48.3037,-25.5667],[-48.2988,-25.568],[-48.3012,-25.5601],[-48.2962,-25.5502],[-48.2903,-25.5469],[-48.2773,-25.5145],[-48.3102,-25.4938],[-48.2875,-25.4897],[-48.2577,-25.4743],[-48.2177,-25.4688],[-48.2092,-25.4612],[-48.1999,-25.4308],[-48.1819,-25.4015],[-48.1534,-25.3646],[-48.1327,-25.3439],[-48.1002,-25.3168],[-48.0966,-25.3096],[-48.0295,-25.2433],[-47.973,-25.2006],[-47.9437,-25.1741],[-47.9275,-25.1631],[-47.9176,-25.1605],[-47.9146,-25.1602],[-47.9128,-25.164],[-47.9144,-25.1679],[-47.9093,-25.168],[-47.9118,-25.1638],[-47.9127,-25.1576],[-47.9195,-25.1539],[-47.9193,-25.1462],[-47.9089,-25.1187],[-47.8952,-25.1074],[-47.8988,-25.0978],[-47.8959,-25.0928],[-47.8979,-25.0857],[-47.903,-25.0813],[-47.9102,-25.0636],[-47.9103,-25.0539],[-47.8885,-25.0542],[-47.8852,-25.0342],[-47.8741,-25.0131],[-47.8423,-24.9754],[-47.773,-24.9138],[-47.653,-24.8195],[-47.6172,-24.7927],[-47.5325,-24.7391],[-47.4882,-24.7158],[-47.4425,-24.699],[-47.4327,-24.6849],[-47.402,-24.6685],[-47.4041,-24.6629],[-47.3976,-24.6632],[-47.2512,-24.5763],[-47.2272,-24.5703],[-47.2254,-24.5659],[-47.229,-24.5595],[-47.2015,-24.539],[-47.1877,-24.5341],[-47.1873,-24.5252],[-47.1788,-24.5181],[-47.1383,-24.4868],[-47.0924,-24.4576],[-47.0784,-24.4438],[-47.0482,-24.43],[-47.0296,-24.4268],[-47.0226,-24.4229],[-47.0197,-24.414],[-47.0152,-24.4118],[-47.0101,-24.4146],[-47.0094,-24.4097],[-47.0041,-24.4098],[-47.0066,-24.4024],[-47.0018,-24.3978],[-47.0098,-24.3961],[-47.0095,-24.3884],[-47.0169,-24.3873],[-47.0191,-24.3761],[-47.0063,-24.3663],[-47.0011,-24.3555],[-47.0039,-24.3365],[-47.001,-24.3302],[-46.9413,-24.281],[-46.8946,-24.2514],[-46.8238,-24.2064],[-46.8062,-24.2013],[-46.7897,-24.1884],[-46.7101,-24.1444],[-46.6056,-24.0902],[-46.4987,-24.0408],[-46.4556,-24.0242],[-46.4175,-24.0143],[-46.4,-24.0188],[-46.4024,-24.0327],[-46.3998,-24.0341],[-46.3907,-24.0237],[-46.3907,-24.017],[-46.384,-24.0182],[-46.3925,-24.011],[-46.3898,-24.0045],[-46.393,-23.9968],[-46.38,-23.9933],[-46.3755,-23.9867],[-46.3813,-23.9767],[-46.3887,-23.9761],[-46.3851,-23.9709],[-46.375,-23.9697],[-46.3731,-23.98],[-46.3691,-23.9817],[-46.3708,-23.9749],[-46.368,-23.9723],[-46.355,-23.971],[-46.3461,-23.9694],[-46.3255,-23.9738],[-46.3135,-23.9817],[-46.3058,-23.9933],[-46.322,-23.9998],[-46.3245,-24.0227],[-46.3191,-24.0249],[-46.3166,-24.0209],[-46.312,-24.0219],[-46.3121,-24.0286],[-46.305,-24.0204],[-46.2952,-24.0171],[-46.292,-24.0239],[-46.2845,-24.0266],[-46.29,-24.0403],[-46.2877,-24.0458],[-46.2785,-24.0372],[-46.2796,-24.023],[-46.2746,-24.0162],[-46.2689,-24.0131],[-46.264,-24.0149],[-46.2682,-24.0096],[-46.2643,-24.0036],[-46.2449,-23.9919],[-46.2122,-23.9862],[-46.2027,-23.9921],[-46.2078,-23.9987],[-46.2036,-24.0009],[-46.2005,-23.9955],[-46.1902,-23.99],[-46.1822,-23.991],[-46.1862,-23.9874],[-46.1877,-23.9729],[-46.1837,-23.9625],[-46.1725,-23.9572],[-46.1672,-23.9468],[-46.1621,-23.9447],[-46.1661,-23.9442],[-46.1687,-23.9378],[-46.1736,-23.9417],[-46.1785,-23.9396],[-46.1802,-23.9248],[-46.1612,-23.9067],[-46.157,-23.9094],[-46.1501,-23.9079],[-46.148,-23.9054],[-46.1515,-23.9061],[-46.1523,-23.8975],[-46.1389,-23.8918],[-46.1403,-23.8754],[-46.1357,-23.867],[-46.1249,-23.8604],[-46.1291,-23.8576],[-46.1432,-23.861],[-46.1393,-23.8565],[-46.1343,-23.8567],[-46.1309,-23.8461],[-46.1192,-23.836],[-46.0763,-23.8175],[-46.0604,-23.814],[-46.0521,-23.8165],[-46.0448,-23.8255],[-46.0516,-23.8304],[-46.0449,-23.8314],[-46.0376,-23.822],[-46.039,-23.816],[-46.0326,-23.8098],[-46.0074,-23.7998],[-45.9977,-23.8033],[-45.9895,-23.7922],[-45.9788,-23.7879],[-45.9035,-23.766],[-45.8449,-23.7586],[-45.8112,-23.7585],[-45.8029,-23.7624],[-45.8032,-23.7702],[-45.7691,-23.763],[-45.7626,-23.7642],[-45.7621,-23.7683],[-45.7566,-23.7707],[-45.7339,-23.7687],[-45.718,-23.7748],[-45.7117,-23.7728],[-45.7041,-23.7747],[-45.6986,-23.7736],[-45.6937,-23.7831],[-45.6841,-23.776],[-45.6717,-23.7755],[-45.6651,-23.7793],[-45.6658,-23.7868],[-45.6583,-23.7805],[-45.6435,-23.7787],[-45.6425,-23.7856],[-45.6368,-23.7841],[-45.6259,-23.7877],[-45.627,-23.8006],[-45.624,-23.8045],[-45.5976,-23.7986],[-45.5868,-23.793],[-45.562,-23.7921],[-45.5549,-23.7972],[-45.5551,-23.8103],[-45.5444,-23.8094],[-45.5344,-23.8195],[-45.5381,-23.8301],[-45.5137,-23.832],[-45.5139,-23.8421],[-45.5034,-23.8424],[-45.5014,-23.8399],[-45.4918,-23.8368],[-45.4908,-23.8308],[-45.4816,-23.8288],[-45.4655,-23.8192],[-45.4473,-23.8273],[-45.4457,-23.8326],[-45.4401,-23.8267],[-45.4322,-23.8297],[-45.4318,-23.8329],[-45.4209,-23.8251],[-45.4055,-23.8206],[-45.4078,-23.8116],[-45.4035,-23.8075],[-45.4002,-23.81],[-45.3973,-23.7988],[-45.3996,-23.7957],[-45.3971,-23.7807],[-45.401,-23.7763],[-45.4119,-23.7506],[-45.3991,-23.7372],[-45.3976,-23.7254],[-45.4132,-23.724],[-45.4213,-23.7269],[-45.4274,-23.709],[-45.4331,-23.6847],[-45.4306,-23.6563],[-45.4192,-23.6364],[-45.407,-23.6238],[-45.3994,-23.6244],[-45.3971,-23.6304],[-45.3904,-23.6345],[-45.3786,-23.6246],[-45.3711,-23.6309],[-45.3589,-23.6254],[-45.3372,-23.5927],[-45.3198,-23.579],[-45.2977,-23.5725],[-45.2939,-23.576],[-45.282,-23.574],[-45.2779,-23.5786],[-45.281,-23.5851],[-45.2791,-23.5893],[-45.2739,-23.5873],[-45.2643,-23.59],[-45.264,-23.5979],[-45.2583,-23.5904],[-45.2532,-23.5928],[-45.254,-23.5954],[-45.2457,-23.5943],[-45.2351,-23.5836],[-45.2174,-23.5814],[-45.212,-23.5836],[-45.2092,-23.58],[-45.211,-23.5715],[-45.2158,-23.5693],[-45.2103,-23.5656],[-45.2165,-23.5658],[-45.2185,-23.5575],[-45.232,-23.5494],[-45.2286,-23.5386],[-45.2136,-23.5259],[-45.1959,-23.5207],[-45.1876,-23.5292],[-45.1906,-23.5345],[-45.1863,-23.542],[-45.1789,-23.5387],[-45.1751,-23.5438],[-45.17,-23.5401],[-45.1628,-23.543],[-45.1592,-23.531],[-45.167,-23.5293],[-45.1641,-23.517],[-45.1741,-23.511],[-45.1728,-23.5033],[-45.1758,-23.5011],[-45.1721,-23.4941],[-45.1664,-23.4927],[-45.1609,-23.5004],[-45.147,-23.4975],[-45.145,-23.5021],[-45.1368,-23.5039],[-45.1385,-23.5122],[-45.1341,-23.5099],[-45.1226,-23.5171],[-45.1223,-23.5214],[-45.1142,-23.5207],[-45.1146,-23.5264],[-45.1066,-23.5247],[-45.1076,-23.5153],[-45.1111,-23.5139],[-45.1085,-23.5083],[-45.1249,-23.5032],[-45.1121,-23.497],[-45.1073,-23.4896],[-45.1039,-23.4908],[-45.1055,-23.4987],[-45.0985,-23.4931],[-45.0844,-23.4962],[-45.0869,-23.5141],[-45.0824,-23.5224],[-45.0811,-23.5101],[-45.0678,-23.4946],[-45.0745,-23.4921],[-45.0745,-23.488],[-45.0642,-23.4696],[-45.0571,-23.4659],[-45.053,-23.4694],[-45.0458,-23.4621],[-45.0336,-23.4653],[-45.0192,-23.4623],[-45.0354,-23.4604],[-45.0359,-23.4503],[-45.0388,-23.4487],[-45.0558,-23.4599],[-45.0601,-23.4576],[-45.0678,-23.4476],[-45.0697,-23.4363],[-45.0663,-23.4319],[-45.0607,-23.4318],[-45.0651,-23.4277],[-45.0617,-23.4206],[-45.0525,-23.4167],[-45.046,-23.422],[-45.048,-23.4262],[-45.0445,-23.4262],[-45.0329,-23.4144],[-45.0153,-23.4191],[-45.0088,-23.4071],[-44.9944,-23.3986],[-44.9838,-23.3979],[-44.9789,-23.4014],[-44.9716,-23.3944],[-44.9715,-23.3899],[-44.9633,-23.3864],[-44.9611,-23.3816],[-44.9502,-23.3796],[-44.9488,-23.3653],[-44.9425,-23.3584],[-44.9274,-23.354],[-44.918,-23.3484],[-44.9084,-23.3347],[-44.888,-23.338],[-44.8837,-23.3493],[-44.8915,-23.3596],[-44.8889,-23.3661],[-44.892,-23.3736],[-44.8721,-23.3603],[-44.8543,-23.362],[-44.8388,-23.3704],[-44.8402,-23.38],[-44.846,-23.3875],[-44.844,-23.3892],[-44.8319,-23.3867],[-44.829,-23.389],[-44.8209,-23.383],[-44.8069,-23.3806],[-44.8014,-23.3771],[-44.801,-23.3727],[-44.7928,-23.3706],[-44.7858,-23.3724],[-44.7848,-23.3794],[-44.7508,-23.3673],[-44.7309,-23.3711],[-44.7248,-23.3687],[-44.732,-23.3602],[-44.7276,-23.3553],[-44.722,-23.3586],[-44.72,-23.355],[-44.7228,-23.3543],[-44.7188,-23.3482],[-44.7025,-23.3418],[-44.6875,-23.349],[-44.6874,-23.3532],[-44.6821,-23.3485],[-44.6822,-23.341],[-44.6765,-23.3365],[-44.6729,-23.3464],[-44.6604,-23.3488],[-44.6627,-23.3405],[-44.6528,-23.3433],[-44.6484,-23.336],[-44.6412,-23.3337],[-44.6301,-23.3396],[-44.6346,-23.3537],[-44.6293,-23.351],[-44.6245,-23.3418],[-44.6197,-23.3434],[-44.6186,-23.3525],[-44.6136,-23.3491],[-44.6074,-23.3502],[-44.608,-23.3673],[-44.6057,-23.3683],[-44.5999,-23.3604],[-44.5919,-23.3632],[-44.5831,-23.3582],[-44.5623,-23.3314],[-44.5663,-23.3247],[-44.557,-23.3063],[-44.5519,-23.309],[-44.5432,-23.3037],[-44.5413,-23.3065],[-44.5361,-23.2938],[-44.5296,-23.2891],[-44.5142,-23.2935],[-44.5102,-23.3024],[-44.5033,-23.2973],[-44.5059,-23.2924],[-44.513,-23.293],[-44.5157,-23.2872],[-44.5208,-23.2856],[-44.5192,-23.2815],[-44.5376,-23.2683],[-44.5497,-23.2756],[-44.5518,-23.2722],[-44.5599,-23.2747],[-44.5761,-23.27],[-44.5802,-23.2721],[-44.5846,-23.2674],[-44.5758,-23.2545],[-44.5766,-23.2457],[-44.5614,-23.2328],[-44.5607,-23.2281],[-44.575,-23.2348],[-44.5971,-23.2356],[-44.5995,-23.2382],[-44.5974,-23.2449],[-44.6211,-23.2594],[-44.632,-23.284],[-44.6385,-23.2909],[-44.6421,-23.2883],[-44.6463,-23.2914],[-44.6401,-23.3018],[-44.6562,-23.2963],[-44.6577,-23.2936],[-44.6419,-23.2775],[-44.6251,-23.2456],[-44.614,-23.2351],[-44.6341,-23.2408],[-44.6385,-23.2362],[-44.6517,-23.2362],[-44.6591,-23.2402],[-44.6641,-23.2488],[-44.6699,-23.2502],[-44.6698,-23.2453],[-44.6796,-23.2532],[-44.6931,-23.2537],[-44.6798,-23.2475],[-44.6849,-23.2431],[-44.6826,-23.2409],[-44.6779,-23.2434],[-44.673,-23.241],[-44.6791,-23.2392],[-44.6734,-23.2315],[-44.6673,-23.2359],[-44.6557,-23.2282],[-44.6581,-23.2249],[-44.6645,-23.2288],[-44.6596,-23.2228],[-44.6633,-23.2151],[-44.6535,-23.2182],[-44.6518,-23.2227],[-44.6372,-23.2116],[-44.6414,-23.2198],[-44.6347,-23.2182],[-44.6337,-23.2232],[-44.6288,-23.225],[-44.6249,-23.2221],[-44.6274,-23.2138],[-44.6166,-23.2049],[-44.6271,-23.203],[-44.627,-23.1973],[-44.6446,-23.1967],[-44.6436,-23.1863],[-44.6518,-23.1886],[-44.6594,-23.2081],[-44.6642,-23.207],[-44.6668,-23.2102],[-44.6695,-23.2066],[-44.6719,-23.2116],[-44.678,-23.2132],[-44.6739,-23.2156],[-44.6766,-23.2194],[-44.6848,-23.2244],[-44.6906,-23.2228],[-44.6956,-23.2329],[-44.713,-23.2343],[-44.7099,-23.2265],[-44.7132,-23.2226],[-44.7086,-23.2208],[-44.7113,-23.2121],[-44.7145,-23.2124],[-44.722,-23.2026],[-44.7187,-23.1945],[-44.7147,-23.1949],[-44.7154,-23.1909],[-44.7073,-23.1867],[-44.7154,-23.1883],[-44.7178,-23.1858],[-44.7126,-23.1836],[-44.7109,-23.1776],[-44.6989,-23.1751],[-44.6994,-23.1697],[-44.7077,-23.1676],[-44.7059,-23.1569],[-44.6995,-23.1561],[-44.6937,-23.1472],[-44.6988,-23.1441],[-44.6996,-23.1326],[-44.6926,-23.1322],[-44.6886,-23.1278],[-44.6992,-23.1225],[-44.6967,-23.1033],[-44.6935,-23.0942],[-44.6881,-23.0915],[-44.6913,-23.0836],[-44.6865,-23.0812],[-44.6884,-23.0783],[-44.6841,-23.072],[-44.677,-23.0715],[-44.6788,-23.0644],[-44.6686,-23.0546],[-44.6617,-23.0575],[-44.6572,-23.0529],[-44.6513,-23.0573],[-44.646,-23.0476],[-44.6393,-23.0492],[-44.6388,-23.0534],[-44.6184,-23.0444],[-44.6146,-23.0466],[-44.6148,-23.0524],[-44.6121,-23.049],[-44.6091,-23.0507],[-44.5971,-23.0464],[-44.592,-23.05],[-44.5913,-23.0534],[-44.5999,-23.0642],[-44.5842,-23.0591],[-44.5862,-23.0577],[-44.5784,-23.055],[-44.5765,-23.049],[-44.569,-23.0481],[-44.5607,-23.0396],[-44.5511,-23.0385],[-44.5303,-23.0286],[-44.5199,-23.0283],[-44.5118,-23.0275],[-44.5063,-23.0314],[-44.4899,-23.0213],[-44.4841,-23.0091],[-44.4774,-23.0067],[-44.4698,-23.0117],[-44.4687,-23.0069],[-44.4634,-23.0066],[-44.4591,-23.0119],[-44.4605,-23.0192],[-44.4534,-23.0173],[-44.4454,-23.028],[-44.4314,-23.0213],[-44.4406,-23.0213],[-44.4469,-23.0127],[-44.4389,-23.0034],[-44.4255,-22.9985],[-44.43,-22.9938],[-44.4389,-22.9964],[-44.4413,-22.9922],[-44.4356,-22.9882],[-44.4353,-22.9802],[-44.431,-22.9789],[-44.4365,-22.9732],[-44.434,-22.9636],[-44.4264,-22.963],[-44.4269,-22.9574],[-44.4229,-22.96],[-44.4232,-22.9512],[-44.4142,-22.9467],[-44.4127,-22.9423],[-44.4079,-22.9533],[-44.3929,-22.9509],[-44.3789,-22.9602],[-44.3876,-22.97],[-44.3843,-22.9729],[-44.3811,-22.9672],[-44.3781,-22.9703],[-44.3744,-22.9675],[-44.3729,-22.9591],[-44.367,-22.9606],[-44.3631,-22.9552],[-44.3596,-22.9572],[-44.3503,-22.9466],[-44.3646,-22.9409],[-44.3674,-22.9486],[-44.3704,-22.9457],[-44.3718,-22.9384],[-44.3607,-22.9324],[-44.3669,-22.931],[-44.3612,-22.9262],[-44.3649,-22.9244],[-44.3594,-22.9235],[-44.3538,-22.931],[-44.3481,-22.9225],[-44.3401,-22.9227],[-44.3325,-22.9284],[-44.3275,-22.9245],[-44.3286,-22.9269],[-44.3238,-22.9299],[-44.3261,-22.9371],[-44.3206,-22.938],[-44.3233,-22.9423],[-44.3336,-22.946],[-44.3337,-22.9541],[-44.329,-22.9548],[-44.3378,-22.9578],[-44.3366,-22.9649],[-44.333,-22.9676],[-44.3301,-22.9614],[-44.3191,-22.957],[-44.3136,-22.9602],[-44.3026,-22.9573],[-44.3001,-22.9592],[-44.3023,-22.9634],[-44.3063,-22.9641],[-44.3128,-22.9737],[-44.3103,-22.9807],[-44.3214,-22.9865],[-44.3242,-22.9831],[-44.3296,-22.984],[-44.3288,-22.9946],[-44.3455,-22.9917],[-44.355,-22.9992],[-44.3575,-23.0086],[-44.363,-23.0107],[-44.3604,-23.011],[-44.363,-23.0186],[-44.3587,-23.0204],[-44.3587,-23.0239],[-44.3511,-23.0233],[-44.3512,-23.0312],[-44.3415,-23.0231],[-44.3369,-23.026],[-44.3329,-23.0212],[-44.3272,-23.0218],[-44.3287,-23.0158],[-44.3232,-23.0162],[-44.3205,-23.0109],[-44.3169,-23.0149],[-44.3169,-23.0089],[-44.3081,-23.0078],[-44.3048,-23.0031],[-44.2986,-23.0078],[-44.3066,-23.0243],[-44.299,-23.0267],[-44.2909,-23.0249],[-44.2895,-23.0178],[-44.2851,-23.015],[-44.2787,-23.0183],[-44.2797,-23.0143],[-44.2747,-23.0074],[-44.2676,-23.003],[-44.2613,-23.0082],[-44.2488,-22.9966],[-44.2493,-23.0017],[-44.2431,-23.0009],[-44.231,-23.0142],[-44.2227,-23.0121],[-44.222,-23.018],[-44.2366,-23.027],[-44.2442,-23.0452],[-44.2512,-23.0499],[-44.2508,-23.052],[-44.2464,-23.0503],[-44.2445,-23.0548],[-44.2379,-23.0574],[-44.2006,-23.0393],[-44.1937,-23.043],[-44.1958,-23.0519],[-44.1945,-23.0554],[-44.185,-23.0535],[-44.1831,-23.046],[-44.1797,-23.0507],[-44.1738,-23.049],[-44.1721,-23.0437],[-44.1762,-23.0425],[-44.1772,-23.0381],[-44.167,-23.0335],[-44.1574,-23.0339],[-44.1531,-23.0413],[-44.1496,-23.0363],[-44.1403,-23.0351],[-44.1139,-23.0237],[-44.097,-23.0063],[-44.097,-22.9972],[-44.0823,-22.9925],[-44.076,-22.9738],[-44.0819,-22.9666],[-44.0807,-22.9616],[-44.0841,-22.9602],[-44.0754,-22.9526],[-44.0632,-22.9496],[-44.0469,-22.9394],[-44.0399,-22.951],[-44.0455,-22.9571],[-44.0423,-22.9637],[-44.0563,-22.981],[-44.0476,-22.985],[-44.0349,-22.9822],[-44.0309,-22.965],[-44.0226,-22.9637],[-44.0232,-22.9569],[-44.0128,-22.9508],[-44.0038,-22.9391],[-44.0009,-22.9431],[-43.9953,-22.9418],[-43.9899,-22.9364],[-43.9776,-22.9322],[-43.9653,-22.9355],[-43.9514,-22.9276],[-43.9416,-22.931],[-43.9108,-22.9312],[-43.8944,-22.9228],[-43.8851,-22.9226],[-43.8805,-22.9124],[-43.8715,-22.906],[-43.8567,-22.9026],[-43.8373,-22.904],[-43.8331,-22.909],[-43.8365,-22.9136],[-43.8546,-22.9191],[-43.851,-22.9213],[-43.8523,-22.9253],[-43.8445,-22.9264],[-43.8422,-22.9302],[-43.8333,-22.9294],[-43.8201,-22.9218],[-43.8229,-22.9115],[-43.8157,-22.913],[-43.8165,-22.9198],[-43.8058,-22.9152],[-43.7954,-22.9182],[-43.7849,-22.9242],[-43.7758,-22.9218],[-43.7778,-22.9256],[-43.7686,-22.9328],[-43.7641,-22.9315],[-43.7641,-22.9363],[-43.7293,-22.9569],[-43.7198,-22.9675],[-43.7212,-22.9748],[-43.7138,-22.9708],[-43.7014,-22.9867],[-43.6961,-22.986],[-43.6906,-22.993],[-43.6876,-22.9872],[-43.6779,-22.9816],[-43.6649,-22.9878],[-43.654,-23.004],[-43.6445,-23.0026],[-43.64,-23.0074],[-43.626,-23.0082],[-43.6172,-23.0154],[-43.6001,-23.0242],[-43.595,-23.0333],[-43.5861,-23.0363],[-43.5886,-23.0367],[-43.58,-23.0438],[-43.5808,-23.0404],[-43.5728,-23.0503],[-43.5643,-23.0544],[-43.5643,-23.0469],[-43.5603,-23.0465],[-43.5576,-23.0513],[-43.5676,-23.0648],[-43.5688,-23.0545],[-43.6035,-23.0409],[-43.6063,-23.0353],[-43.6149,-23.0324],[-43.6675,-23.0433],[-43.7123,-23.0556],[-43.7944,-23.0617],[-43.8287,-23.0583],[-43.865,-23.0451],[-43.8941,-23.0325],[-43.9079,-23.0271],[-43.9033,-23.0318],[-43.8814,-23.0424],[-43.8783,-23.0483],[-43.8786,-23.0619],[-43.8856,-23.0681],[-43.8996,-23.0686],[-43.9197,-23.0585],[-43.9323,-23.0578],[-43.9495,-23.0495],[-43.9555,-23.0406],[-43.9747,-23.0461],[-43.9849,-23.0599],[-43.9916,-23.0577],[-43.9941,-23.0685],[-44.0003,-23.0732],[-44.0074,-23.0718],[-44.0129,-23.0788],[-44.0087,-23.0825],[-44.0092,-23.0935],[-43.9987,-23.097],[-43.9965,-23.1016],[-43.987,-23.1028],[-43.9564,-23.0885],[-43.8595,-23.0727],[-43.7788,-23.0623],[-43.6689,-23.0546],[-43.5955,-23.0531],[-43.5778,-23.0578],[-43.5692,-23.064],[-43.5689,-23.0721],[-43.5727,-23.0744],[-43.5653,-23.0763],[-43.5557,-23.0739],[-43.5545,-23.0771],[-43.5503,-23.0739],[-43.5531,-23.0717],[-43.5499,-23.063],[-43.5377,-23.0567],[-43.5365,-23.0524],[-43.5089,-23.0485],[-43.507,-23.0433],[-43.4946,-23.0357],[-43.4745,-23.0329],[-43.4694,-23.0385],[-43.4708,-23.0342],[-43.4665,-23.0301],[-43.4441,-23.0225],[-43.3589,-23.0117],[-43.3063,-23.0168],[-43.2963,-23.0136],[-43.2967,-23.0126],[-43.3026,-23.0105],[-43.3115,-23.007],[-43.3136,-23.0027],[-43.3228,-23.0016],[-43.3242,-22.9968],[-43.3522,-22.9949],[-43.3607,-22.9943],[-43.3584,-22.9907],[-43.3516,-22.994],[-43.3473,-22.9929],[-43.3504,-22.9883],[-43.3581,-22.9859],[-43.3453,-22.9852],[-43.3538,-22.9821],[-43.3815,-22.9789],[-43.3882,-22.9835],[-43.3863,-22.9907],[-43.3883,-22.9936],[-43.3895,-22.9954],[-43.3925,-22.9949],[-43.3891,-22.9934],[-43.391,-22.9891],[-43.408,-22.9929],[-43.4132,-22.9902],[-43.4135,-22.9865],[-43.4061,-22.9812],[-43.4068,-22.9796],[-43.4043,-22.9758],[-43.3947,-22.9842],[-43.3834,-22.9746],[-43.3768,-22.9766],[-43.3648,-22.9744],[-43.3432,-22.9828],[-43.3348,-22.9906],[-43.3241,-22.9912],[-43.3216,-22.996],[-43.3067,-23.0015],[-43.3015,-23.0097],[-43.2951,-23.0114],[-43.2941,-23.0135],[-43.2971,-23.0175],[-43.2867,-23.017],[-43.2876,-23.0109],[-43.2758,-23.0039],[-43.2442,-23.0021],[-43.2218,-22.9893],[-43.1915,-22.9914],[-43.1818,-22.9866],[-43.1873,-22.9826],[-43.184,-22.974],[-43.1682,-22.9643],[-43.1593,-22.9648],[-43.1602,-22.958],[-43.1646,-22.955],[-43.1506,-22.9512],[-43.156,-22.944],[-43.152,-22.9392],[-43.1627,-22.9441],[-43.1703,-22.9528],[-43.181,-22.9485],[-43.1801,-22.9446],[-43.1746,-22.9446],[-43.1686,-22.9389],[-43.1713,-22.933],[-43.1675,-22.9231],[-43.1694,-22.9178],[-43.171,-22.9205],[-43.1732,-22.9175],[-43.1692,-22.9151],[-43.1611,-22.918],[-43.1574,-22.9133],[-43.1614,-22.9131],[-43.1623,-22.9052],[-43.1695,-22.9051],[-43.1774,-22.8969],[-43.1725,-22.8987],[-43.1677,-22.896],[-43.1752,-22.8937],[-43.1798,-22.8963],[-43.1795,-22.8929],[-43.19,-22.8891],[-43.209,-22.8938],[-43.2117,-22.8879],[-43.2017,-22.8771],[-43.2097,-22.8695],[-43.2184,-22.8769],[-43.2235,-22.8742],[-43.2264,-22.8763],[-43.2309,-22.872],[-43.2384,-22.8777],[-43.2433,-22.8691],[-43.2396,-22.8625],[-43.2445,-22.8445],[-43.2561,-22.8375],[-43.268,-22.8229],[-43.2762,-22.8194],[-43.2743,-22.8115],[-43.2837,-22.8172],[-43.2886,-22.8089],[-43.289,-22.8013],[-43.2776,-22.7862],[-43.2786,-22.7815],[-43.2713,-22.7749],[-43.2725,-22.7727],[-43.2548,-22.7601],[-43.2596,-22.7564],[-43.2536,-22.7577],[-43.2432,-22.7508],[-43.2452,-22.7472],[-43.24,-22.7418],[-43.2335,-22.7408],[-43.2364,-22.7361],[-43.2278,-22.7408],[-43.2168,-22.7364],[-43.2127,-22.7311],[-43.2159,-22.7279],[-43.1821,-22.7212],[-43.1668,-22.715],[-43.1648,-22.7112],[-43.1526,-22.7081],[-43.1425,-22.7085],[-43.1346,-22.7152],[-43.1278,-22.7148],[-43.1176,-22.7071],[-43.117,-22.697],[-43.1125,-22.6945],[-43.1144,-22.6893],[-43.1071,-22.6952],[-43.1085,-22.688],[-43.093,-22.686],[-43.0863,-22.6781],[-43.066,-22.6874],[-43.0572,-22.6858],[-43.0553,-22.6824],[-43.051,-22.69],[-43.0445,-22.6859],[-43.0407,-22.692],[-43.0389,-22.6891],[-43.0324,-22.6931],[-43.0362,-22.6989],[-43.0269,-22.7062],[-43.0327,-22.7059],[-43.0359,-22.7106],[-43.0353,-22.7171],[-43.0282,-22.7256],[-43.0313,-22.7339],[-43.0272,-22.7429],[-43.0297,-22.7476],[-43.0631,-22.7644],[-43.0687,-22.7696],[-43.0705,-22.7801],[-43.0815,-22.7876],[-43.0794,-22.7999],[-43.0664,-22.8032],[-43.081,-22.8197],[-43.0962,-22.828],[-43.0975,-22.8353],[-43.0942,-22.8412],[-43.1038,-22.8581],[-43.1125,-22.8689],[-43.1153,-22.8816],[-43.1212,-22.8836],[-43.1232,-22.8787],[-43.1307,-22.8778],[-43.1356,-22.8839],[-43.1269,-22.8862],[-43.125,-22.893],[-43.1377,-22.9039],[-43.1317,-22.9125],[-43.125,-22.9069],[-43.1174,-22.9061],[-43.1116,-22.9171],[-43.0963,-22.9171],[-43.0958,-22.9268],[-43.1025,-22.9363],[-43.109,-22.9385],[-43.1149,-22.9336],[-43.1134,-22.9303],[-43.1173,-22.9319],[-43.1224,-22.9237],[-43.1252,-22.9243],[-43.1271,-22.9359],[-43.1364,-22.9393],[-43.1183,-22.9388],[-43.1207,-22.9467],[-43.116,-22.9471],[-43.1114,-22.9547],[-43.083,-22.9562],[-43.0544,-22.9639],[-43.0467,-22.9735],[-43.0513,-22.9778],[-43.0525,-22.9834],[-43.0415,-22.9771],[-43.0336,-22.9766],[-43.0279,-22.9817],[-43.0241,-22.9762],[-43.0145,-22.9774],[-43.0122,-22.9724],[-42.9949,-22.9702],[-42.9579,-22.9714],[-42.9188,-22.9754],[-42.8762,-22.9671],[-42.7147,-22.9567],[-42.6978,-22.9588],[-42.6927,-22.963],[-42.6861,-22.9597],[-42.6837,-22.9492],[-42.6737,-22.9447],[-42.6367,-22.9381],[-42.5861,-22.9341],[-42.511,-22.9348],[-42.4942,-22.9389],[-42.4252,-22.936],[-42.3676,-22.9364],[-42.2918,-22.94],[-42.0769,-22.9562],[-42.0432,-22.9655],[-42.0345,-22.9717],[-42.0353,-22.9795],[-42.0185,-22.9867],[-42.0136,-22.9984],[-42.0135,-22.9973],[-42.0132,-22.9979],[-41.9923,-23.0323],[-41.9505,-23.0964],[-40.5497,-25.3494],[-40.1915,-25.9235],[-40.2076,-25.9319],[-40.2236,-25.9401],[-40.2397,-25.9483],[-40.2559,-25.9564],[-40.2721,-25.9644],[-40.2884,-25.9724],[-40.3047,-25.9803],[-40.321,-25.9881],[-40.3374,-25.9958],[-40.3538,-26.0035],[-40.3703,-26.011],[-40.3868,-26.0185],[-40.4034,-26.026],[-40.42,-26.0333],[-40.4366,-26.0406],[-40.4533,-26.0478],[-40.4701,-26.0549],[-40.4868,-26.0619],[-40.5037,-26.0689],[-40.5205,-26.0758],[-40.5374,-26.0826],[-40.5543,-26.0893],[-40.5713,-26.096],[-40.5883,-26.1025],[-40.6054,-26.109],[-40.6225,-26.1154],[-40.6396,-26.1218],[-40.6568,-26.128],[-40.674,-26.1342],[-40.6912,-26.1403],[-40.7085,-26.1463],[-40.7258,-26.1523],[-40.7431,-26.1581],[-40.7605,-26.1639],[-40.7779,-26.1696],[-40.7953,-26.1752],[-40.8128,-26.1807],[-40.8303,-26.1862],[-40.8478,-26.1915],[-40.8654,-26.1968],[-40.883,-26.202],[-40.9006,-26.2072],[-40.9183,-26.2122],[-40.936,-26.2172],[-40.9537,-26.2221],[-40.9714,-26.2269],[-40.9892,-26.2316],[-41.007,-26.2362],[-41.0248,-26.2408],[-41.0426,-26.2452],[-41.0605,-26.2496],[-41.0784,-26.2539],[-41.0964,-26.2581],[-41.1143,-26.2623],[-41.1323,-26.2663],[-41.1503,-26.2703],[-41.1683,-26.2742],[-41.1863,-26.278],[-41.2044,-26.2817],[-41.2225,-26.2854],[-41.2406,-26.2889],[-41.2587,-26.2924],[-41.2769,-26.2958],[-41.2951,-26.2991],[-41.3132,-26.3023],[-41.3314,-26.3054],[-41.3497,-26.3085],[-41.3679,-26.3115],[-41.3862,-26.3143],[-41.4045,-26.3171],[-41.4227,-26.3199],[-41.441,-26.3225],[-41.4594,-26.325],[-41.4777,-26.3275],[-41.4961,-26.3299],[-41.5144,-26.3322],[-41.5328,-26.3344],[-41.5512,-26.3365],[-41.5696,-26.3385],[-41.588,-26.3405],[-41.6064,-26.3423],[-41.6249,-26.3441],[-41.6433,-26.3458],[-41.6618,-26.3474],[-41.6802,-26.3489],[-41.6987,-26.3504],[-41.7172,-26.3517],[-41.7357,-26.353],[-41.7542,-26.3542],[-41.7727,-26.3553],[-41.7912,-26.3563],[-41.8097,-26.3572],[-41.8282,-26.358],[-41.8468,-26.3588],[-41.8653,-26.3594],[-41.8838,-26.36],[-41.9024,-26.3605],[-41.9209,-26.3609],[-41.9394,-26.3613],[-41.958,-26.3615],[-41.9765,-26.3616],[-41.9951,-26.3617],[-42.0136,-26.3617],[-42.0322,-26.3616],[-42.0507,-26.3614],[-42.0693,-26.3611],[-42.0878,-26.3608],[-42.1063,-26.3603],[-42.1249,-26.3598],[-42.1434,-26.3592],[-42.1619,-26.3585],[-42.1805,-26.3577],[-42.199,-26.3568],[-42.2175,-26.3558],[-42.236,-26.3548],[-42.2545,-26.3536],[-42.273,-26.3524],[-42.2915,-26.3511],[-42.31,-26.3497],[-42.3284,-26.3482],[-42.3469,-26.3467],[-42.3653,-26.345],[-42.3838,-26.3433],[-42.4022,-26.3415],[-42.4073,-26.3425],[-42.4254,-26.3462],[-42.4435,-26.3498],[-42.4616,-26.3533],[-42.4798,-26.3567],[-42.498,-26.36],[-42.5162,-26.3632],[-42.5344,-26.3664],[-42.5526,-26.3694],[-42.5708,-26.3724],[-42.5891,-26.3753],[-42.6074,-26.3782],[-42.6257,-26.3809],[-42.644,-26.3835],[-42.6623,-26.3861],[-42.6807,-26.3886],[-42.699,-26.391],[-42.7174,-26.3933],[-42.7296,-26.4038],[-42.743,-26.4153],[-42.7566,-26.4268],[-42.7701,-26.4381],[-42.7838,-26.4495],[-42.7975,-26.4607],[-42.8113,-26.4719],[-42.8251,-26.483],[-42.839,-26.4941],[-42.853,-26.5051],[-42.8671,-26.516],[-42.8812,-26.5269],[-42.8953,-26.5377],[-42.9095,-26.5485],[-42.9238,-26.5591],[-42.9382,-26.5697],[-42.9526,-26.5803],[-42.9671,-26.5908],[-42.9816,-26.6012],[-42.9962,-26.6115],[-43.0108,-26.6218],[-43.0255,-26.632],[-43.0403,-26.6422],[-43.0551,-26.6522],[-43.07,-26.6622],[-43.085,-26.6722],[-43.1,-26.6821],[-43.115,-26.6919],[-43.1302,-26.7016],[-43.1453,-26.7113],[-43.1606,-26.7208],[-43.1758,-26.7304],[-43.1912,-26.7398],[-43.2066,-26.7492],[-43.222,-26.7585],[-43.2375,-26.7678],[-43.2531,-26.7769],[-43.2687,-26.786],[-43.2844,-26.795],[-43.3001,-26.804],[-43.3159,-26.8129],[-43.3317,-26.8217],[-43.3475,-26.8304],[-43.3635,-26.8391],[-43.3794,-26.8477],[-43.3955,-26.8562],[-43.4115,-26.8646],[-43.4277,-26.873],[-43.4438,-26.8813],[-43.46,-26.8895],[-43.4763,-26.8977],[-43.4926,-26.9057],[-43.509,-26.9137],[-43.5254,-26.9216],[-43.5418,-26.9295],[-43.5583,-26.9373],[-43.5749,-26.945],[-43.5915,-26.9526],[-43.6081,-26.9601],[-43.6248,-26.9676],[-43.6415,-26.975],[-43.6583,-26.9823],[-43.6751,-26.9895],[-43.6919,-26.9967],[-43.7088,-27.0037],[-43.7258,-27.0107],[-43.7427,-27.0177],[-43.7597,-27.0245],[-43.7768,-27.0313],[-43.7939,-27.038],[-43.811,-27.0446],[-43.8282,-27.0511],[-43.8454,-27.0576],[-43.8627,-27.0639],[-43.8799,-27.0702],[-43.8973,-27.0764],[-43.9146,-27.0826],[-43.932,-27.0886],[-43.9494,-27.0946],[-43.9669,-27.1005],[-43.9844,-27.1063],[-44.0019,-27.1121],[-44.0195,-27.1177],[-44.0371,-27.1233],[-44.0547,-27.1288],[-44.0707,-27.1342],[-44.0883,-27.14],[-44.1058,-27.1457],[-44.1234,-27.1514],[-44.141,-27.1569],[-44.1586,-27.1624],[-44.1763,-27.1678],[-44.194,-27.1732],[-44.2117,-27.1784],[-44.2295,-27.1836],[-44.2473,-27.1887],[-44.2576,-27.1943],[-44.2735,-27.203],[-44.2895,-27.2116],[-44.3056,-27.2202],[-44.3217,-27.2286],[-44.3379,-27.237],[-44.354,-27.2454],[-44.3703,-27.2536],[-44.3866,-27.2618],[-44.403,-27.2699],[-44.4194,-27.2779],[-44.4358,-27.2858],[-44.4523,-27.2937],[-44.4688,-27.3015],[-44.4854,-27.3092],[-44.502,-27.3169],[-44.5187,-27.3244],[-44.5354,-27.3319],[-44.5522,-27.3393],[-44.569,-27.3467],[-44.5858,-27.3539],[-44.5861,-27.3698],[-44.5864,-27.3865],[-44.5868,-27.4032],[-44.5873,-27.4199],[-44.5879,-27.4366],[-44.5886,-27.4533],[-44.5894,-27.47],[-44.5903,-27.4866],[-44.5913,-27.5033],[-44.5924,-27.52],[-44.5935,-27.5367],[-44.5948,-27.5533],[-44.5962,-27.57],[-44.5976,-27.5867],[-44.5992,-27.6033],[-44.6008,-27.6199],[-44.6025,-27.6366],[-44.6044,-27.6532],[-44.6046,-27.6584],[-44.6056,-27.6751],[-44.6067,-27.6917],[-44.6078,-27.7084],[-44.6091,-27.7251],[-44.6104,-27.7417],[-44.6119,-27.7584],[-44.6134,-27.775],[-44.615,-27.7917],[-44.6167,-27.8083],[-44.6186,-27.8249],[-44.6205,-27.8416],[-44.6225,-27.8582],[-44.6246,-27.8748]]]}},{"type":"Feature","id":"campos","properties":{"id":"campos","name":"Campos_Mar","display_name":"Bacia de Campos","bbox":[-42.0369,-25.9235,-37.1071,-20.4524],"area_km2":184193.4},"geometry":{"type":"Polygon","coordinates":[[[-40.1915,-25.9235],[-40.5497,-25.3494],[-41.9505,-23.0964],[-41.9923,-23.0323],[-42.0132,-22.9979],[-42.0135,-22.9973],[-42.0129,-22.989],[-42.0082,-22.9841],[-42.011,-22.9795],[-42.0196,-22.9799],[-42.0196,-22.9718],[-42.0126,-22.9715],[-42.0165,-22.9683],[-42.0138,-22.9651],[-42.0038,-22.9704],[-41.9974,-22.961],[-42.0036,-22.96],[-42.007,-22.963],[-42.0093,-22.9606],[-42.0081,-22.9556],[-42.0016,-22.9521],[-42.0038,-22.9509],[-42.015,-22.9555],[-42.0216,-22.9623],[-42.0262,-22.9568],[-42.022,-22.947],[-42.0325,-22.9472],[-42.0361,-22.9346],[-42.0369,-22.925],[-42.0316,-22.9053],[-42.0247,-22.8942],[-42.0125,-22.8849],[-42.0058,-22.8858],[-42.0022,-22.8904],[-41.9997,-22.8854],[-41.9916,-22.8828],[-41.9816,-22.8734],[-41.984,-22.8692],[-41.9795,-22.8655],[-41.9834,-22.8671],[-41.9866,-22.8628],[-41.9867,-22.8491],[-41.9704,-22.822],[-41.9455,-22.8138],[-41.9422,-22.81],[-41.9305,-22.8141],[-41.9282,-22.8086],[-41.9335,-22.8046],[-41.9322,-22.7976],[-41.9237,-22.7869],[-41.912,-22.7793],[-41.9073,-22.7795],[-41.9054,-22.7841],[-41.901,-22.7816],[-41.8975,-22.7868],[-41.8882,-22.7784],[-41.8858,-22.7853],[-41.8826,-22.7849],[-41.8897,-22.7711],[-41.8857,-22.7692],[-41.8797,-22.7762],[-41.877,-22.7619],[-41.8748,-22.7667],[-41.8715,-22.7615],[-41.8667,-22.7624],[-41.8644,-22.755],[-41.8748,-22.7522],[-41.8686,-22.7428],[-41.8742,-22.7382],[-41.8755,-22.7426],[-41.8831,-22.7412],[-41.8833,-22.7506],[-41.889,-22.7547],[-41.9014,-22.7514],[-41.9058,-22.7559],[-41.9131,-22.756],[-41.9104,-22.7629],[-41.9132,-22.769],[-41.9198,-22.7717],[-41.9319,-22.7686],[-41.9439,-22.759],[-41.9583,-22.7381],[-41.9561,-22.7331],[-41.9748,-22.7311],[-41.9858,-22.7179],[-41.9977,-22.6687],[-41.9985,-22.6095],[-41.9933,-22.5982],[-41.9898,-22.5995],[-41.9798,-22.5631],[-41.9698,-22.5439],[-41.9578,-22.5328],[-41.9443,-22.5289],[-41.9381,-22.5377],[-41.9332,-22.5385],[-41.9208,-22.5274],[-41.9177,-22.5177],[-41.9002,-22.4953],[-41.8918,-22.4877],[-41.8791,-22.4886],[-41.8691,-22.479],[-41.8626,-22.478],[-41.8588,-22.4596],[-41.8527,-22.4471],[-41.8422,-22.4364],[-41.8182,-22.4173],[-41.7912,-22.4007],[-41.7683,-22.3894],[-41.7714,-22.3849],[-41.7674,-22.3778],[-41.7751,-22.3745],[-41.7741,-22.365],[-41.7675,-22.3559],[-41.7413,-22.3412],[-41.6894,-22.3006],[-41.6243,-22.2681],[-41.5387,-22.2335],[-41.4835,-22.2125],[-41.2427,-22.1477],[-41.204,-22.1326],[-41.1583,-22.1106],[-41.1313,-22.0915],[-41.0813,-22.0594],[-41.01,-22.023],[-40.9932,-22.0104],[-40.9855,-22.0004],[-40.9753,-21.9711],[-40.9746,-21.9478],[-40.9804,-21.916],[-41.0265,-21.7215],[-41.0244,-21.6812],[-41.0107,-21.6125],[-41.0129,-21.6089],[-41.0205,-21.6052],[-41.032,-21.6054],[-41.0483,-21.5969],[-41.0569,-21.5861],[-41.0715,-21.5453],[-41.0745,-21.516],[-41.0647,-21.4879],[-41.0482,-21.4677],[-41.0379,-21.462],[-41.0239,-21.4459],[-41.0071,-21.4209],[-40.9979,-21.3992],[-40.9879,-21.3922],[-40.983,-21.3944],[-40.9655,-21.3641],[-40.9609,-21.3619],[-40.9651,-21.3446],[-40.9579,-21.3039],[-40.9624,-21.28],[-40.9609,-21.2584],[-40.9541,-21.2385],[-40.9263,-21.1922],[-40.9084,-21.1683],[-40.8916,-21.158],[-40.8812,-21.1443],[-40.8567,-21.1285],[-40.8285,-21.0474],[-40.8137,-21.0366],[-40.8098,-21.0147],[-40.8071,-21.0082],[-40.8014,-21.0056],[-40.8061,-21.0051],[-40.811,-20.9955],[-40.8105,-20.9679],[-40.8044,-20.9442],[-40.796,-20.9268],[-40.7768,-20.9056],[-40.773,-20.8925],[-40.7654,-20.8901],[-40.7591,-20.8801],[-40.7626,-20.8772],[-40.7593,-20.865],[-40.7449,-20.849],[-40.7297,-20.8433],[-40.7247,-20.8437],[-40.7254,-20.8476],[-40.7197,-20.8473],[-40.7188,-20.8457],[-40.7157,-20.8442],[-40.7015,-20.8352],[-40.694,-20.8353],[-40.6912,-20.8288],[-40.6814,-20.8254],[-40.6835,-20.8236],[-40.6732,-20.8221],[-40.672,-20.8185],[-40.6666,-20.8172],[-40.6663,-20.8129],[-40.662,-20.8122],[-40.6562,-20.8112],[-40.6566,-20.8067],[-40.6572,-20.8057],[-40.6599,-20.8015],[-40.6548,-20.7966],[-40.6512,-20.7896],[-40.6425,-20.7827],[-40.6557,-20.8037],[-40.6362,-20.8133],[-40.6293,-20.8199],[-40.6341,-20.8299],[-40.6316,-20.8421],[-40.628,-20.8418],[-40.6245,-20.8353],[-40.62,-20.8322],[-40.6081,-20.8063],[-40.5903,-20.803],[-40.5884,-20.8075],[-40.5817,-20.8035],[-40.5835,-20.7999],[-40.5777,-20.7915],[-40.5777,-20.7792],[-40.5714,-20.7668],[-40.5502,-20.7415],[-40.5379,-20.7399],[-40.5379,-20.746],[-40.5333,-20.7414],[-40.5343,-20.7365],[-40.5263,-20.7353],[-40.5272,-20.7296],[-40.5213,-20.7312],[-40.5243,-20.724],[-40.512,-20.6936],[-40.5021,-20.6773],[-40.4964,-20.6777],[-40.4968,-20.6724],[-40.4915,-20.6683],[-40.4758,-20.662],[-40.4683,-20.6609],[-40.4654,-20.6531],[-40.472,-20.6543],[-40.4728,-20.6514],[-40.4685,-20.6467],[-40.4644,-20.6471],[-40.4706,-20.6395],[-40.4671,-20.638],[-40.4704,-20.6347],[-40.4617,-20.624],[-40.4486,-20.6278],[-40.4458,-20.6323],[-40.4507,-20.6386],[-40.4382,-20.635],[-40.4334,-20.6432],[-40.4285,-20.636],[-40.4233,-20.6366],[-40.4266,-20.6344],[-40.4226,-20.6258],[-40.4045,-20.6006],[-40.4009,-20.5772],[-40.377,-20.5374],[-40.3665,-20.5214],[-40.359,-20.5195],[-40.3602,-20.5109],[-40.3493,-20.4777],[-40.3351,-20.4524],[-40.3337,-20.4532],[-40.3331,-20.4534],[-37.2021,-21.9939],[-37.1071,-22.0504],[-37.1143,-22.0657],[-37.1216,-22.081],[-37.129,-22.0962],[-37.1365,-22.1114],[-37.144,-22.1266],[-37.1516,-22.1417],[-37.1594,-22.1568],[-37.1672,-22.1718],[-37.1751,-22.1868],[-37.183,-22.2018],[-37.1911,-22.2168],[-37.1992,-22.2317],[-37.2074,-22.2465],[-37.2157,-22.2614],[-37.2241,-22.2762],[-37.2325,-22.2909],[-37.2411,-22.3056],[-37.2497,-22.3203],[-37.2584,-22.3349],[-37.2672,-22.3495],[-37.276,-22.364],[-37.2849,-22.3785],[-37.294,-22.393],[-37.303,-22.4074],[-37.3122,-22.4218],[-37.3215,-22.4361],[-37.3308,-22.4504],[-37.3402,-22.4646],[-37.3497,-22.4788],[-37.3593,-22.493],[-37.3689,-22.5071],[-37.3786,-22.5212],[-37.3884,-22.5352],[-37.3983,-22.5492],[-37.4083,-22.5631],[-37.4183,-22.577],[-37.4284,-22.5908],[-37.4386,-22.6046],[-37.4489,-22.6183],[-37.4506,-22.6269],[-37.4539,-22.6433],[-37.4573,-22.6598],[-37.4608,-22.6762],[-37.4644,-22.6925],[-37.468,-22.7089],[-37.4718,-22.7252],[-37.4757,-22.7416],[-37.4796,-22.7579],[-37.4836,-22.7742],[-37.4877,-22.7904],[-37.492,-22.8067],[-37.4963,-22.8229],[-37.5006,-22.8391],[-37.5051,-22.8553],[-37.5097,-22.8715],[-37.5143,-22.8877],[-37.5191,-22.9038],[-37.5239,-22.9199],[-37.5288,-22.936],[-37.5338,-22.952],[-37.5389,-22.9681],[-37.5441,-22.9841],[-37.5493,-23.0001],[-37.5547,-23.016],[-37.5601,-23.032],[-37.5656,-23.0479],[-37.5712,-23.0638],[-37.5769,-23.0796],[-37.5827,-23.0955],[-37.5886,-23.1113],[-37.5946,-23.127],[-37.6006,-23.1428],[-37.6067,-23.1585],[-37.613,-23.1742],[-37.6193,-23.1899],[-37.6257,-23.2055],[-37.6321,-23.2211],[-37.6387,-23.2367],[-37.6453,-23.2522],[-37.6521,-23.2677],[-37.6589,-23.2832],[-37.6658,-23.2987],[-37.6728,-23.3141],[-37.6799,-23.3295],[-37.687,-23.3448],[-37.6943,-23.3601],[-37.7016,-23.3754],[-37.709,-23.3907],[-37.7165,-23.4059],[-37.7241,-23.4211],[-37.7317,-23.4362],[-37.7395,-23.4513],[-37.7473,-23.4664],[-37.7552,-23.4814],[-37.7632,-23.4964],[-37.7713,-23.5114],[-37.7795,-23.5263],[-37.7877,-23.5412],[-37.796,-23.556],[-37.8044,-23.5708],[-37.8129,-23.5856],[-37.8215,-23.6003],[-37.8301,-23.615],[-37.834,-23.6216],[-37.8426,-23.6363],[-37.8514,-23.651],[-37.8601,-23.6656],[-37.869,-23.6802],[-37.878,-23.6947],[-37.887,-23.7092],[-37.8961,-23.7236],[-37.9054,-23.7381],[-37.9146,-23.7524],[-37.924,-23.7667],[-37.9334,-23.781],[-37.943,-23.7952],[-37.9526,-23.8094],[-37.9622,-23.8236],[-37.972,-23.8377],[-37.9801,-23.8494],[-37.9899,-23.8634],[-37.9998,-23.8774],[-38.0098,-23.8914],[-38.0199,-23.9053],[-38.0301,-23.9191],[-38.0403,-23.933],[-38.0506,-23.9467],[-38.061,-23.9605],[-38.0714,-23.9741],[-38.082,-23.9878],[-38.0926,-24.0013],[-38.1033,-24.0149],[-38.114,-24.0283],[-38.1249,-24.0417],[-38.1358,-24.0551],[-38.1467,-24.0684],[-38.1578,-24.0817],[-38.1689,-24.0949],[-38.1802,-24.1081],[-38.1914,-24.1212],[-38.2028,-24.1343],[-38.2142,-24.1473],[-38.2257,-24.1603],[-38.2373,-24.1732],[-38.2489,-24.186],[-38.2607,-24.1988],[-38.2725,-24.2115],[-38.2843,-24.2242],[-38.2962,-24.2369],[-38.3083,-24.2494],[-38.3203,-24.262],[-38.3325,-24.2744],[-38.3447,-24.2868],[-38.357,-24.2992],[-38.3693,-24.3115],[-38.3818,-24.3237],[-38.3942,-24.3359],[-38.4068,-24.348],[-38.4194,-24.36],[-38.4321,-24.372],[-38.4449,-24.384],[-38.4577,-24.3958],[-38.4706,-24.4077],[-38.4836,-24.4194],[-38.4966,-24.4311],[-38.5097,-24.4428],[-38.5229,-24.4543],[-38.5361,-24.4659],[-38.5494,-24.4773],[-38.5628,-24.4887],[-38.5762,-24.5],[-38.5897,-24.5113],[-38.6033,-24.5225],[-38.6169,-24.5336],[-38.6306,-24.5447],[-38.6443,-24.5557],[-38.6581,-24.5667],[-38.672,-24.5776],[-38.6859,-24.5884],[-38.6999,-24.5991],[-38.7139,-24.6098],[-38.728,-24.6204],[-38.7422,-24.631],[-38.7564,-24.6415],[-38.7707,-24.6519],[-38.7851,-24.6623],[-38.8029,-24.6772],[-38.8132,-24.6909],[-38.8236,-24.7047],[-38.834,-24.7184],[-38.8446,-24.7321],[-38.8552,-24.7457],[-38.8659,-24.7592],[-38.8767,-24.7727],[-38.8875,-24.7862],[-38.8984,-24.7996],[-38.9094,-24.813],[-38.9205,-24.8263],[-38.9317,-24.8395],[-38.9429,-24.8527],[-38.9542,-24.8659],[-38.9656,-24.879],[-38.977,-24.892],[-38.9885,-24.905],[-38.9969,-24.9162],[-39.0072,-24.9299],[-39.0177,-24.9436],[-39.0283,-24.9573],[-39.0389,-24.9709],[-39.0496,-24.9845],[-39.0604,-24.998],[-39.0712,-25.0115],[-39.0821,-25.0249],[-39.0931,-25.0383],[-39.1042,-25.0516],[-39.1154,-25.0649],[-39.1266,-25.0781],[-39.1379,-25.0912],[-39.1493,-25.1043],[-39.1607,-25.1174],[-39.1722,-25.1304],[-39.1838,-25.1434],[-39.1955,-25.1563],[-39.2073,-25.1691],[-39.2191,-25.1819],[-39.231,-25.1946],[-39.2429,-25.2073],[-39.255,-25.2199],[-39.2671,-25.2325],[-39.2793,-25.245],[-39.2915,-25.2575],[-39.3038,-25.2699],[-39.3162,-25.2822],[-39.3287,-25.2945],[-39.3412,-25.3067],[-39.3538,-25.3189],[-39.3665,-25.331],[-39.3792,-25.343],[-39.392,-25.355],[-39.4049,-25.3669],[-39.4217,-25.3824],[-39.4347,-25.3943],[-39.4476,-25.4062],[-39.4607,-25.418],[-39.4738,-25.4297],[-39.487,-25.4413],[-39.5002,-25.4529],[-39.5136,-25.4645],[-39.5269,-25.4759],[-39.5404,-25.4873],[-39.5539,-25.4987],[-39.5675,-25.51],[-39.5811,-25.5212],[-39.5948,-25.5323],[-39.6086,-25.5434],[-39.6224,-25.5545],[-39.6363,-25.5654],[-39.6503,-25.5763],[-39.6643,-25.5872],[-39.6784,-25.5979],[-39.6926,-25.6086],[-39.7068,-25.6193],[-39.721,-25.6299],[-39.7354,-25.6404],[-39.7498,-25.6508],[-39.7642,-25.6612],[-39.7787,-25.6715],[-39.7933,-25.6817],[-39.8079,-25.6919],[-39.8226,-25.702],[-39.8373,-25.712],[-39.8521,-25.722],[-39.867,-25.7319],[-39.8819,-25.7417],[-39.8969,-25.7515],[-39.9119,-25.7612],[-39.927,-25.7708],[-39.9421,-25.7804],[-39.9573,-25.7899],[-39.9726,-25.7993],[-39.9879,-25.8086],[-40.0032,-25.8179],[-40.0186,-25.8271],[-40.0341,-25.8362],[-40.0496,-25.8453],[-40.0652,-25.8543],[-40.0808,-25.8632],[-40.0965,-25.872],[-40.1122,-25.8808],[-40.128,-25.8895],[-40.1438,-25.8981],[-40.1596,-25.9067],[-40.1756,-25.9151],[-40.1915,-25.9235]]]}},{"type":"Feature","id":"espirito-santo","properties":{"id":"espirito-santo","name":"Espírito Santo","display_name":"Bacia de Espírito Santo","bbox":[-40.3351,-22.0504,-35.6019,-18.3527],"area_km2":117319.1},"geometry":{"type":"Polygon","coordinates":[[[-37.1071,-22.0504],[-37.2021,-21.9939],[-40.3331,-20.4534],[-40.3337,-20.4532],[-40.3351,-20.4524],[-40.3209,-20.427],[-40.3246,-20.4215],[-40.316,-20.3927],[-40.297,-20.3617],[-40.2855,-20.3533],[-40.2826,-20.3369],[-40.2777,-20.3332],[-40.2753,-20.3347],[-40.2756,-20.3308],[-40.2712,-20.3309],[-40.2695,-20.3255],[-40.2744,-20.3258],[-40.2766,-20.3207],[-40.2843,-20.3256],[-40.2899,-20.3242],[-40.289,-20.3148],[-40.2775,-20.3115],[-40.2806,-20.3078],[-40.2906,-20.3096],[-40.2925,-20.3063],[-40.2836,-20.3057],[-40.2776,-20.3013],[-40.2794,-20.2991],[-40.292,-20.3022],[-40.2849,-20.295],[-40.2901,-20.2944],[-40.2927,-20.2886],[-40.2863,-20.2778],[-40.2713,-20.2696],[-40.259,-20.2675],[-40.2512,-20.2805],[-40.2543,-20.2899],[-40.2508,-20.2956],[-40.2378,-20.29],[-40.2392,-20.2812],[-40.2301,-20.2591],[-40.2135,-20.2403],[-40.1981,-20.2173],[-40.1931,-20.2028],[-40.1908,-20.1845],[-40.185,-20.1754],[-40.1847,-20.1556],[-40.1717,-20.1109],[-40.1731,-20.0752],[-40.1911,-20.057],[-40.1823,-20.0423],[-40.1593,-20.0391],[-40.1544,-20.0141],[-40.1481,-20.0073],[-40.1474,-19.9907],[-40.1422,-19.9865],[-40.1372,-19.9706],[-40.1304,-19.9685],[-40.14,-19.9565],[-40.14,-19.9496],[-40.1315,-19.9367],[-40.1167,-19.9314],[-40.0994,-19.9194],[-40.0979,-19.9054],[-40.0901,-19.9],[-40.0929,-19.8985],[-40.0914,-19.8944],[-40.0876,-19.894],[-40.0865,-19.8836],[-40.0638,-19.8534],[-40.0582,-19.8341],[-40.0572,-19.8205],[-40.0526,-19.8109],[-40.025,-19.7786],[-39.9838,-19.7398],[-39.9308,-19.6996],[-39.912,-19.6875],[-39.8741,-19.6691],[-39.8258,-19.654],[-39.8171,-19.6556],[-39.8077,-19.6487],[-39.807,-19.632],[-39.7717,-19.5607],[-39.7298,-19.4664],[-39.6968,-19.3681],[-39.6893,-19.3068],[-39.7105,-19.1685],[-39.7193,-19.0975],[-39.7293,-19.025],[-39.7343,-18.9889],[-39.7393,-18.9525],[-39.745,-18.8973],[-39.7506,-18.8422],[-39.749,-18.7744],[-39.7473,-18.7066],[-39.737,-18.6448],[-39.7246,-18.6004],[-39.729,-18.5865],[-39.7288,-18.5599],[-39.7324,-18.5561],[-39.7287,-18.5524],[-39.7289,-18.5009],[-39.7163,-18.4688],[-39.7002,-18.4157],[-39.6851,-18.3832],[-39.6707,-18.3527],[-36.323,-19.3391],[-35.6019,-19.5627],[-35.6101,-19.5775],[-35.6185,-19.5922],[-35.6269,-19.6069],[-35.6353,-19.6216],[-35.6439,-19.6362],[-35.6525,-19.6508],[-35.6612,-19.6653],[-35.67,-19.6798],[-35.6789,-19.6943],[-35.6879,-19.7087],[-35.6969,-19.7231],[-35.706,-19.7374],[-35.7151,-19.7517],[-35.7244,-19.7659],[-35.7337,-19.7801],[-35.7431,-19.7943],[-35.7526,-19.8084],[-35.7622,-19.8225],[-35.7718,-19.8365],[-35.7815,-19.8504],[-35.7913,-19.8644],[-35.8012,-19.8782],[-35.8111,-19.8921],[-35.8211,-19.9059],[-35.8312,-19.9196],[-35.8414,-19.9333],[-35.8516,-19.9469],[-35.8619,-19.9605],[-35.8723,-19.974],[-35.8828,-19.9875],[-35.8933,-20.0009],[-35.9039,-20.0143],[-35.9145,-20.0277],[-35.9253,-20.0409],[-35.9361,-20.0542],[-35.947,-20.0674],[-35.9579,-20.0805],[-35.969,-20.0936],[-35.9801,-20.1066],[-35.9913,-20.1196],[-36.0025,-20.1325],[-36.0138,-20.1453],[-36.0252,-20.1581],[-36.0366,-20.1709],[-36.0481,-20.1836],[-36.0597,-20.1962],[-36.0714,-20.2088],[-36.0831,-20.2214],[-36.0949,-20.2338],[-36.1068,-20.2463],[-36.1187,-20.2586],[-36.1307,-20.2709],[-36.1428,-20.2832],[-36.1549,-20.2954],[-36.1671,-20.3075],[-36.1793,-20.3196],[-36.1917,-20.3316],[-36.204,-20.3435],[-36.2165,-20.3554],[-36.229,-20.3673],[-36.2416,-20.379],[-36.2543,-20.3908],[-36.267,-20.4024],[-36.2797,-20.414],[-36.2926,-20.4255],[-36.3055,-20.437],[-36.3185,-20.4484],[-36.3315,-20.4598],[-36.3446,-20.4711],[-36.3583,-20.4841],[-36.3635,-20.5001],[-36.3688,-20.5161],[-36.3741,-20.532],[-36.3796,-20.5479],[-36.3851,-20.5638],[-36.3907,-20.5797],[-36.3964,-20.5955],[-36.4022,-20.6113],[-36.4081,-20.6271],[-36.414,-20.6429],[-36.42,-20.6586],[-36.4262,-20.6743],[-36.4324,-20.6899],[-36.4387,-20.7056],[-36.445,-20.7212],[-36.4515,-20.7368],[-36.458,-20.7523],[-36.4647,-20.7678],[-36.4714,-20.7833],[-36.4782,-20.7988],[-36.485,-20.8142],[-36.492,-20.8296],[-36.499,-20.8449],[-36.5015,-20.8512],[-36.5078,-20.8668],[-36.5141,-20.8825],[-36.5205,-20.898],[-36.527,-20.9136],[-36.5337,-20.9291],[-36.5403,-20.9446],[-36.5471,-20.9601],[-36.5539,-20.9755],[-36.5609,-20.9909],[-36.5679,-21.0063],[-36.575,-21.0216],[-36.5821,-21.0369],[-36.5894,-21.0522],[-36.5967,-21.0674],[-36.6042,-21.0826],[-36.6117,-21.0978],[-36.6193,-21.1129],[-36.6269,-21.128],[-36.6347,-21.143],[-36.6425,-21.1581],[-36.6504,-21.173],[-36.6584,-21.188],[-36.6665,-21.2029],[-36.6747,-21.2177],[-36.6829,-21.2326],[-36.6912,-21.2474],[-36.6996,-21.2621],[-36.7081,-21.2768],[-36.7167,-21.2915],[-36.7253,-21.3061],[-36.734,-21.3207],[-36.7428,-21.3352],[-36.7517,-21.3497],[-36.7607,-21.3642],[-36.7697,-21.3786],[-36.7788,-21.393],[-36.788,-21.4073],[-36.7973,-21.4216],[-36.8066,-21.4358],[-36.816,-21.45],[-36.8256,-21.4642],[-36.8351,-21.4783],[-36.8448,-21.4924],[-36.8545,-21.5064],[-36.8643,-21.5203],[-36.8742,-21.5343],[-36.8842,-21.5481],[-36.8942,-21.562],[-36.9043,-21.5758],[-36.9145,-21.5895],[-36.9248,-21.6032],[-36.9351,-21.6168],[-36.9456,-21.6304],[-36.9491,-21.6419],[-36.9541,-21.658],[-36.9592,-21.674],[-36.9643,-21.69],[-36.9696,-21.7059],[-36.975,-21.7219],[-36.9804,-21.7378],[-36.9859,-21.7537],[-36.9915,-21.7696],[-36.9972,-21.7854],[-37.003,-21.8013],[-37.0089,-21.8171],[-37.0148,-21.8328],[-37.0209,-21.8486],[-37.027,-21.8643],[-37.0332,-21.8799],[-37.0395,-21.8956],[-37.0459,-21.9112],[-37.0523,-21.9268],[-37.0589,-21.9424],[-37.0655,-21.9579],[-37.0722,-21.9734],[-37.079,-21.9889],[-37.0859,-22.0043],[-37.0929,-22.0197],[-37.0999,-22.0351],[-37.1071,-22.0504]]]}},{"type":"Feature","id":"mucuri","properties":{"id":"mucuri","name":"Mucuri_Mar","display_name":"Bacia de Mucuri","bbox":[-39.6707,-19.5627,-35.1971,-17.5847],"area_km2":71220.9},"geometry":{"type":"Polygon","coordinates":[[[-35.6019,-19.5627],[-36.323,-19.3391],[-39.6707,-18.3527],[-39.6699,-18.3508],[-39.6584,-18.3247],[-39.6604,-18.3184],[-39.6525,-18.2962],[-39.6534,-18.2885],[-39.6382,-18.2501],[-39.6366,-18.2356],[-39.586,-18.1466],[-39.554,-18.1039],[-39.5516,-18.1007],[-39.5535,-18.0991],[-39.5548,-18.1033],[-39.5637,-18.1096],[-39.566,-18.0953],[-39.5615,-18.0907],[-39.5721,-18.0933],[-39.583,-18.0839],[-39.574,-18.0815],[-39.5727,-18.091],[-39.5553,-18.0859],[-39.5502,-18.0962],[-39.5216,-18.0412],[-39.493,-17.9984],[-39.4712,-17.9719],[-39.4434,-17.9453],[-39.398,-17.9177],[-39.3806,-17.9109],[-39.3692,-17.9084],[-39.3566,-17.8994],[-39.3431,-17.8947],[-39.3377,-17.8975],[-39.3262,-17.8957],[-39.2716,-17.8722],[-39.2644,-17.8646],[-39.2722,-17.8561],[-39.2663,-17.8436],[-39.2606,-17.8311],[-39.2082,-17.7766],[-39.2032,-17.7654],[-39.1807,-17.7501],[-39.1853,-17.7346],[-39.1399,-17.6946],[-39.1361,-17.6887],[-39.1368,-17.687],[-39.136,-17.687],[-35.8064,-17.6067],[-35.2247,-17.5847],[-35.2226,-17.6013],[-35.2205,-17.6179],[-35.2185,-17.6346],[-35.2167,-17.6512],[-35.2149,-17.6678],[-35.2132,-17.6845],[-35.2115,-17.7011],[-35.21,-17.7178],[-35.2085,-17.7344],[-35.2072,-17.7511],[-35.2059,-17.7678],[-35.2047,-17.7845],[-35.2036,-17.8012],[-35.2026,-17.8179],[-35.2016,-17.8346],[-35.2008,-17.8513],[-35.2,-17.868],[-35.1994,-17.8847],[-35.1988,-17.9014],[-35.1983,-17.9181],[-35.1979,-17.9348],[-35.1976,-17.9516],[-35.1973,-17.9683],[-35.1972,-17.985],[-35.1971,-18.0017],[-35.1971,-18.0185],[-35.1973,-18.0352],[-35.1975,-18.0519],[-35.1977,-18.0686],[-35.1981,-18.0853],[-35.1986,-18.1021],[-35.1991,-18.1188],[-35.1998,-18.1355],[-35.2005,-18.1522],[-35.2013,-18.1689],[-35.2022,-18.1856],[-35.2032,-18.2023],[-35.2043,-18.219],[-35.2054,-18.2357],[-35.2067,-18.2524],[-35.208,-18.269],[-35.2094,-18.2857],[-35.2109,-18.3024],[-35.2125,-18.319],[-35.2142,-18.3357],[-35.216,-18.3523],[-35.2179,-18.3689],[-35.2198,-18.3855],[-35.2218,-18.4021],[-35.224,-18.4187],[-35.2262,-18.4353],[-35.2285,-18.4519],[-35.2309,-18.4685],[-35.2333,-18.485],[-35.2359,-18.5016],[-35.2385,-18.5181],[-35.2413,-18.5346],[-35.2441,-18.5511],[-35.247,-18.5676],[-35.25,-18.5841],[-35.2531,-18.6006],[-35.2562,-18.617],[-35.2595,-18.6334],[-35.2628,-18.6499],[-35.2663,-18.6663],[-35.2698,-18.6827],[-35.2734,-18.699],[-35.277,-18.7154],[-35.2808,-18.7317],[-35.2847,-18.748],[-35.2886,-18.7643],[-35.2926,-18.7806],[-35.2968,-18.7968],[-35.301,-18.8131],[-35.3053,-18.8293],[-35.3096,-18.8455],[-35.3141,-18.8617],[-35.3186,-18.8778],[-35.3233,-18.8939],[-35.328,-18.91],[-35.3328,-18.9261],[-35.3377,-18.9422],[-35.3426,-18.9582],[-35.3477,-18.9742],[-35.3528,-18.9902],[-35.3581,-19.0062],[-35.3634,-19.0221],[-35.3688,-19.0381],[-35.3743,-19.0539],[-35.3798,-19.0698],[-35.3855,-19.0856],[-35.3912,-19.1015],[-35.397,-19.1172],[-35.4029,-19.133],[-35.4089,-19.1487],[-35.415,-19.1644],[-35.4211,-19.1801],[-35.4274,-19.1957],[-35.4337,-19.2113],[-35.4401,-19.2269],[-35.4466,-19.2424],[-35.4531,-19.258],[-35.4598,-19.2734],[-35.4665,-19.2889],[-35.4733,-19.3043],[-35.4802,-19.3197],[-35.4872,-19.335],[-35.4943,-19.3504],[-35.5021,-19.3671],[-35.5093,-19.3823],[-35.5166,-19.3976],[-35.5239,-19.4128],[-35.5313,-19.4279],[-35.5389,-19.443],[-35.5465,-19.4581],[-35.5541,-19.4732],[-35.5619,-19.4882],[-35.5697,-19.5032],[-35.5777,-19.5181],[-35.5857,-19.533],[-35.5937,-19.5479],[-35.6019,-19.5627]]]}},{"type":"Feature","id":"cumuruxatiba","properties":{"id":"cumuruxatiba","name":"Cumuruxatiba_Mar","display_name":"Bacia de Cumuruxatiba","bbox":[-39.2219,-17.687,-35.2247,-16.2633],"area_km2":64194.7},"geometry":{"type":"Polygon","coordinates":[[[-39.0182,-16.2772],[-39.0181,-16.2772],[-35.9765,-16.2633],[-35.4132,-16.2719],[-35.4153,-16.2885],[-35.4174,-16.3051],[-35.4196,-16.3217],[-35.4219,-16.3382],[-35.4244,-16.3548],[-35.4268,-16.3714],[-35.4294,-16.3879],[-35.4321,-16.4044],[-35.4348,-16.4209],[-35.4377,-16.4374],[-35.4406,-16.4539],[-35.4436,-16.4704],[-35.4467,-16.4869],[-35.4499,-16.5033],[-35.4531,-16.5197],[-35.4565,-16.5361],[-35.4599,-16.5525],[-35.4634,-16.5689],[-35.467,-16.5853],[-35.4707,-16.6016],[-35.4745,-16.6179],[-35.4783,-16.6343],[-35.4823,-16.6505],[-35.4856,-16.6684],[-35.4788,-16.6837],[-35.472,-16.6991],[-35.4653,-16.7145],[-35.4587,-16.73],[-35.4521,-16.7455],[-35.4456,-16.761],[-35.4393,-16.7766],[-35.433,-16.7922],[-35.4267,-16.8078],[-35.4206,-16.8234],[-35.4145,-16.8391],[-35.4085,-16.8548],[-35.4026,-16.8705],[-35.3968,-16.8863],[-35.3911,-16.9021],[-35.3854,-16.9179],[-35.3798,-16.9337],[-35.3743,-16.9496],[-35.3689,-16.9655],[-35.3636,-16.9814],[-35.3583,-16.9973],[-35.3531,-17.0133],[-35.3481,-17.0293],[-35.343,-17.0453],[-35.3381,-17.0613],[-35.3333,-17.0774],[-35.3285,-17.0935],[-35.3238,-17.1096],[-35.3192,-17.1257],[-35.3147,-17.1419],[-35.3103,-17.1581],[-35.306,-17.1743],[-35.3017,-17.1905],[-35.2975,-17.2067],[-35.2934,-17.223],[-35.2894,-17.2392],[-35.2855,-17.2555],[-35.2816,-17.2718],[-35.2779,-17.2882],[-35.2742,-17.3045],[-35.2706,-17.3209],[-35.2671,-17.3373],[-35.2637,-17.3537],[-35.2603,-17.3701],[-35.2571,-17.3865],[-35.2539,-17.403],[-35.2508,-17.4194],[-35.2478,-17.4359],[-35.2449,-17.4524],[-35.2421,-17.4689],[-35.2394,-17.4854],[-35.2367,-17.5019],[-35.2341,-17.5185],[-35.2316,-17.535],[-35.2292,-17.5516],[-35.2269,-17.5682],[-35.2247,-17.5847],[-35.8064,-17.6067],[-39.136,-17.687],[-39.1368,-17.687],[-39.1376,-17.6852],[-39.1839,-17.6189],[-39.1952,-17.58],[-39.1888,-17.5621],[-39.1933,-17.5164],[-39.1916,-17.4474],[-39.2044,-17.4057],[-39.2176,-17.3371],[-39.2219,-17.2862],[-39.2172,-17.2559],[-39.2126,-17.2396],[-39.2133,-17.1692],[-39.2056,-17.1417],[-39.1985,-17.1288],[-39.1851,-17.1186],[-39.1813,-17.1094],[-39.1804,-17.0824],[-39.1766,-17.0663],[-39.1662,-17.0633],[-39.1744,-17.0534],[-39.1737,-17.0151],[-39.1561,-16.9807],[-39.1529,-16.9428],[-39.1248,-16.9042],[-39.1122,-16.8961],[-39.1292,-16.8865],[-39.1427,-16.8663],[-39.1447,-16.7997],[-39.1417,-16.7573],[-39.1383,-16.7506],[-39.1349,-16.7523],[-39.1287,-16.7482],[-39.1266,-16.7323],[-39.1163,-16.7199],[-39.1154,-16.713],[-39.1079,-16.7103],[-39.104,-16.6923],[-39.1036,-16.6682],[-39.0944,-16.6535],[-39.0966,-16.6472],[-39.091,-16.6283],[-39.0946,-16.6089],[-39.0893,-16.5932],[-39.0835,-16.5361],[-39.0674,-16.4933],[-39.0671,-16.4821],[-39.0613,-16.474],[-39.0594,-16.4584],[-39.0619,-16.4596],[-39.0647,-16.4561],[-39.0607,-16.4493],[-39.0589,-16.428],[-39.0395,-16.3948],[-39.0258,-16.381],[-39.0088,-16.3759],[-39.013,-16.3536],[-39.0065,-16.3407],[-39.0057,-16.3329],[-39.0141,-16.3302],[-39.0209,-16.3236],[-39.0235,-16.2961],[-39.0195,-16.2819],[-39.0182,-16.2772]]]}},{"type":"Feature","id":"jequitinhonha","properties":{"id":"jequitinhonha","name":"Jequitinhonha_Mar","display_name":"Bacia de Jequitinhonha","bbox":[-39.0368,-16.2795,-35.3896,-14.7771],"area_km2":65071.9},"geometry":{"type":"Polygon","coordinates":[[[-39.0368,-14.8087],[-39.0329,-14.8055],[-39.0324,-14.7875],[-39.032,-14.7875],[-39.0307,-14.7875],[-35.4362,-14.7771],[-35.4116,-14.7776],[-35.4226,-14.7904],[-35.4336,-14.8033],[-35.4447,-14.8161],[-35.4559,-14.8288],[-35.4671,-14.8415],[-35.4784,-14.8541],[-35.4897,-14.8666],[-35.5012,-14.8791],[-35.5126,-14.8916],[-35.5242,-14.904],[-35.5358,-14.9163],[-35.5313,-14.931],[-35.5265,-14.9471],[-35.5217,-14.9632],[-35.5171,-14.9793],[-35.5125,-14.9954],[-35.508,-15.0116],[-35.5036,-15.0277],[-35.4992,-15.0439],[-35.495,-15.0601],[-35.4908,-15.0764],[-35.4867,-15.0926],[-35.4827,-15.1089],[-35.4788,-15.1252],[-35.4749,-15.1415],[-35.4712,-15.1578],[-35.4675,-15.1741],[-35.4639,-15.1905],[-35.4604,-15.2069],[-35.457,-15.2233],[-35.4536,-15.2397],[-35.4504,-15.2561],[-35.4472,-15.2725],[-35.4441,-15.289],[-35.4411,-15.3055],[-35.4382,-15.322],[-35.4354,-15.3385],[-35.4326,-15.355],[-35.43,-15.3715],[-35.4274,-15.388],[-35.4249,-15.4046],[-35.4225,-15.4212],[-35.4201,-15.4377],[-35.4179,-15.4543],[-35.4157,-15.4709],[-35.4137,-15.4875],[-35.4117,-15.5041],[-35.4098,-15.5208],[-35.408,-15.5374],[-35.4062,-15.554],[-35.4046,-15.5707],[-35.403,-15.5873],[-35.4016,-15.604],[-35.4002,-15.6207],[-35.3989,-15.6374],[-35.3977,-15.654],[-35.3965,-15.6707],[-35.3955,-15.6874],[-35.3945,-15.7041],[-35.3936,-15.7208],[-35.3929,-15.7376],[-35.3922,-15.7543],[-35.3915,-15.771],[-35.391,-15.7877],[-35.3906,-15.8044],[-35.3902,-15.8211],[-35.3899,-15.8379],[-35.3898,-15.8546],[-35.3897,-15.8713],[-35.3896,-15.8881],[-35.3897,-15.9048],[-35.3899,-15.9215],[-35.3901,-15.9382],[-35.3905,-15.955],[-35.3909,-15.9717],[-35.3914,-15.9884],[-35.392,-16.0051],[-35.3927,-16.0218],[-35.3934,-16.0385],[-35.3943,-16.0552],[-35.3952,-16.0719],[-35.3962,-16.0886],[-35.3973,-16.1053],[-35.3985,-16.122],[-35.3998,-16.1387],[-35.4012,-16.1554],[-35.4026,-16.172],[-35.4042,-16.1887],[-35.4058,-16.2054],[-35.4075,-16.222],[-35.4093,-16.2386],[-35.4112,-16.2553],[-35.4132,-16.2719],[-35.9765,-16.2633],[-39.0165,-16.2772],[-39.0181,-16.2772],[-39.0218,-16.2795],[-39.0179,-16.2532],[-39.0118,-16.2498],[-39.0099,-16.2428],[-38.9922,-16.2216],[-38.9758,-16.213],[-38.9702,-16.1909],[-38.965,-16.1888],[-38.9573,-16.1656],[-38.9493,-16.1568],[-38.9562,-16.1413],[-38.9584,-16.1257],[-38.9538,-16.099],[-38.9491,-16.0926],[-38.9378,-16.0551],[-38.9167,-16.0059],[-38.8876,-15.9181],[-38.8645,-15.8693],[-38.857,-15.861],[-38.8574,-15.8548],[-38.8661,-15.8506],[-38.8672,-15.8411],[-38.8615,-15.8371],[-38.8613,-15.8331],[-38.8698,-15.8241],[-38.8953,-15.7692],[-38.9004,-15.7655],[-38.899,-15.7611],[-38.915,-15.7145],[-38.9236,-15.7098],[-38.9372,-15.6573],[-38.9447,-15.5963],[-38.9428,-15.5287],[-38.9515,-15.4753],[-38.9562,-15.4714],[-38.9544,-15.4596],[-38.9743,-15.3867],[-38.9874,-15.3041],[-38.9943,-15.2964],[-38.9915,-15.291],[-38.9944,-15.2538],[-38.9995,-15.2293],[-38.9977,-15.2026],[-38.9981,-15.094],[-38.9985,-14.9945],[-39.0086,-14.9518],[-39.0206,-14.9208],[-39.0234,-14.8844],[-39.0271,-14.8803],[-39.0243,-14.8801],[-39.0261,-14.8412],[-39.0251,-14.8066],[-39.0285,-14.8055],[-39.0342,-14.8121],[-39.0368,-14.8087]]]}},{"type":"Feature","id":"camamu-almada","properties":{"id":"camamu-almada","name":"Camamu-Almada_Mar","display_name":"Bacia de Camamu-Almada","bbox":[-39.0659,-14.7875,-34.6091,-13.0082],"area_km2":87025.8},"geometry":{"type":"Polygon","coordinates":[[[-39.0538,-14.7787],[-39.0566,-14.7698],[-39.062,-14.7527],[-39.0659,-14.706],[-39.0653,-14.6376],[-39.0489,-14.5706],[-39.0369,-14.5337],[-39.0358,-14.5019],[-39.0254,-14.4723],[-39.0166,-14.4208],[-39.0021,-14.3668],[-39.0071,-14.3413],[-39.0013,-14.3405],[-38.9932,-14.3142],[-38.9899,-14.3132],[-38.9909,-14.3083],[-38.9867,-14.306],[-38.9825,-14.2964],[-38.9824,-14.2925],[-38.9866,-14.2909],[-38.9854,-14.2769],[-38.9889,-14.2724],[-38.9903,-14.2765],[-38.992,-14.2761],[-38.9978,-14.2573],[-38.991,-14.2192],[-38.9934,-14.2119],[-38.9899,-14.1883],[-38.9804,-14.1707],[-38.9774,-14.1401],[-38.9571,-14.0811],[-38.9572,-14.0673],[-38.9499,-14.0437],[-38.9442,-14.0151],[-38.9454,-14.0024],[-38.9282,-13.9397],[-38.9319,-13.9312],[-38.9288,-13.9074],[-38.9369,-13.8856],[-38.9473,-13.8796],[-38.9518,-13.8723],[-38.9697,-13.8434],[-38.9847,-13.8252],[-39.0004,-13.784],[-38.9982,-13.745],[-38.9885,-13.7154],[-38.9729,-13.6945],[-38.9657,-13.6877],[-38.966,-13.6777],[-38.9671,-13.6711],[-38.9516,-13.6691],[-38.9373,-13.656],[-38.9237,-13.6575],[-38.9179,-13.6725],[-38.9142,-13.6742],[-38.893,-13.6598],[-38.8889,-13.644],[-38.8892,-13.6248],[-38.892,-13.625],[-38.8897,-13.6214],[-38.8972,-13.6263],[-38.9063,-13.6222],[-38.9065,-13.608],[-38.9027,-13.5989],[-38.9153,-13.5895],[-38.9169,-13.5759],[-38.9274,-13.5762],[-38.9335,-13.5707],[-38.9356,-13.5605],[-38.9323,-13.5258],[-38.9276,-13.511],[-38.9121,-13.5013],[-38.9082,-13.4949],[-38.9099,-13.4903],[-38.9048,-13.488],[-38.9056,-13.4846],[-38.9187,-13.485],[-38.9165,-13.4747],[-38.9043,-13.4779],[-38.8918,-13.4626],[-38.8898,-13.4579],[-38.8924,-13.4542],[-38.8886,-13.449],[-38.8944,-13.4324],[-38.9054,-13.4269],[-38.9016,-13.4136],[-38.9045,-13.4024],[-38.9074,-13.4024],[-38.9043,-13.3963],[-38.9065,-13.3784],[-38.9097,-13.3811],[-38.9181,-13.373],[-38.9434,-13.3961],[-38.9495,-13.3865],[-38.9561,-13.3762],[-38.9569,-13.375],[-38.9614,-13.3679],[-38.9684,-13.3449],[-38.9667,-13.2916],[-38.9653,-13.2841],[-38.9473,-13.2384],[-38.9328,-13.2183],[-38.9223,-13.2127],[-38.9101,-13.2125],[-38.9061,-13.2064],[-38.886,-13.1932],[-38.8686,-13.1859],[-38.8591,-13.1726],[-38.8466,-13.1625],[-38.8218,-13.1497],[-38.806,-13.1472],[-38.804,-13.1452],[-38.7867,-13.132],[-38.7755,-13.1246],[-38.7638,-13.1187],[-38.751,-13.0952],[-38.7443,-13.089],[-38.7371,-13.0886],[-38.7312,-13.0816],[-38.7271,-13.0724],[-38.7174,-13.0633],[-38.7147,-13.0607],[-38.6987,-13.056],[-38.6737,-13.0377],[-38.6665,-13.0373],[-38.5334,-13.0082],[-38.5023,-13.0107],[-38.4987,-13.0086],[-38.4893,-13.0151],[-38.4728,-13.013],[-38.4713,-13.0122],[-38.4563,-13.0123],[-35.3311,-13.0178],[-34.6686,-13.5235],[-34.6091,-13.5765],[-34.6173,-13.5912],[-34.6255,-13.6059],[-34.6338,-13.6206],[-34.6421,-13.6351],[-34.6505,-13.6497],[-34.6591,-13.6642],[-34.6676,-13.6787],[-34.6763,-13.6931],[-34.685,-13.7075],[-34.6938,-13.7219],[-34.7027,-13.7362],[-34.7117,-13.7504],[-34.7207,-13.7646],[-34.7311,-13.7812],[-34.7391,-13.7959],[-34.7472,-13.8107],[-34.7557,-13.826],[-34.7639,-13.8407],[-34.7721,-13.8554],[-34.7822,-13.8731],[-34.7905,-13.8877],[-34.7988,-13.9023],[-34.8072,-13.9169],[-34.8157,-13.9314],[-34.8243,-13.9459],[-34.833,-13.9603],[-34.8417,-13.9747],[-34.8505,-13.9891],[-34.8594,-14.0034],[-34.8684,-14.0176],[-34.8774,-14.0319],[-34.8865,-14.046],[-34.8957,-14.0602],[-34.9049,-14.0743],[-34.9142,-14.0883],[-34.9236,-14.1023],[-34.9331,-14.1162],[-34.9426,-14.1301],[-34.9522,-14.144],[-34.9619,-14.1578],[-34.9717,-14.1715],[-34.9815,-14.1853],[-34.9914,-14.1989],[-35.0014,-14.2125],[-35.0114,-14.2261],[-35.0215,-14.2396],[-35.0317,-14.2531],[-35.0374,-14.2616],[-35.0469,-14.2755],[-35.0565,-14.2894],[-35.0648,-14.303],[-35.0738,-14.3172],[-35.0828,-14.3315],[-35.0919,-14.3457],[-35.101,-14.3598],[-35.1103,-14.3739],[-35.1214,-14.3908],[-35.1306,-14.4049],[-35.1399,-14.419],[-35.1492,-14.433],[-35.1587,-14.447],[-35.1682,-14.4609],[-35.1778,-14.4748],[-35.1874,-14.4886],[-35.1971,-14.5024],[-35.2069,-14.5161],[-35.2168,-14.5298],[-35.2267,-14.5435],[-35.2367,-14.5571],[-35.2468,-14.5706],[-35.257,-14.5841],[-35.2672,-14.5975],[-35.2775,-14.6109],[-35.2878,-14.6243],[-35.2983,-14.6376],[-35.3088,-14.6508],[-35.3193,-14.664],[-35.33,-14.6771],[-35.3368,-14.6859],[-35.3473,-14.6991],[-35.3578,-14.7123],[-35.3685,-14.7255],[-35.3791,-14.7386],[-35.3899,-14.7516],[-35.4007,-14.7646],[-35.4116,-14.7776],[-35.4362,-14.7771],[-39.0307,-14.7875],[-39.032,-14.7875],[-39.0324,-14.7875],[-39.0323,-14.7864],[-39.027,-14.7819],[-39.0269,-14.7716],[-39.0292,-14.7821],[-39.0329,-14.7849],[-39.0373,-14.7837],[-39.0399,-14.7866],[-39.0538,-14.7787]]]}},{"type":"Feature","id":"jacuipe","properties":{"id":"jacuipe","name":"Jacuípe","display_name":"Bacia de Jacuípe","bbox":[-38.4713,-13.0178,-35.3311,-11.4426],"area_km2":28850.0},"geometry":{"type":"Polygon","coordinates":[[[-37.3292,-11.4426],[-35.3311,-13.0178],[-38.4563,-13.0123],[-38.4713,-13.0122],[-38.4575,-13.0052],[-38.4252,-12.9767],[-38.3959,-12.9577],[-38.3814,-12.9542],[-38.38,-12.9514],[-38.367,-12.9501],[-38.3576,-12.9557],[-38.3473,-12.9512],[-38.3188,-12.926],[-38.2959,-12.8964],[-38.2789,-12.877],[-38.2672,-12.8718],[-38.2482,-12.8545],[-38.2336,-12.8331],[-38.2154,-12.8164],[-38.1978,-12.7895],[-38.1771,-12.7727],[-38.1252,-12.7072],[-38.0918,-12.676],[-38.0781,-12.6572],[-38.0652,-12.6504],[-38.0576,-12.6389],[-38.0498,-12.6354],[-38.0463,-12.6293],[-38.0447,-12.6127],[-38.0332,-12.5957],[-38.0182,-12.5826],[-38.0043,-12.5778],[-37.9852,-12.5459],[-37.9739,-12.5176],[-37.9445,-12.4725],[-37.917,-12.438],[-37.8971,-12.4091],[-37.8973,-12.4039],[-37.8938,-12.405],[-37.8851,-12.3943],[-37.837,-12.323],[-37.7811,-12.2508],[-37.7618,-12.2216],[-37.7643,-12.2195],[-37.6985,-12.1216],[-37.6906,-12.1084],[-37.6863,-12.0922],[-37.6706,-12.0723],[-37.6536,-12.0397],[-37.6227,-11.9962],[-37.617,-11.9672],[-37.565,-11.8557],[-37.5154,-11.7425],[-37.4905,-11.6977],[-37.4125,-11.5438],[-37.388,-11.5046],[-37.3464,-11.4626],[-37.3435,-11.4512],[-37.3475,-11.4481],[-37.3431,-11.4443],[-37.3302,-11.4455],[-37.3292,-11.4426]]]}},{"type":"Feature","id":"seal","properties":{"id":"seal","name":"SEAL_Mar","display_name":"Bacia de Sergipe-Alagoas (SEAL)","bbox":[-37.3292,-13.5765,-32.0103,-8.7309],"area_km2":166645.5},"geometry":{"type":"Polygon","coordinates":[[[-37.3292,-11.4426],[-37.3259,-11.4323],[-37.3195,-11.4274],[-37.2934,-11.3455],[-37.2614,-11.2893],[-37.2062,-11.2221],[-37.1521,-11.1631],[-37.1577,-11.1583],[-37.1311,-11.1057],[-37.0563,-10.9986],[-37.0264,-10.9645],[-37.0265,-10.9502],[-36.9943,-10.9036],[-36.9645,-10.8651],[-36.9377,-10.832],[-36.8543,-10.744],[-36.8084,-10.705],[-36.7292,-10.6532],[-36.681,-10.6343],[-36.6582,-10.6181],[-36.6206,-10.5899],[-36.5792,-10.571],[-36.4979,-10.5389],[-36.4358,-10.5216],[-36.4064,-10.5181],[-36.4001,-10.5204],[-36.4001,-10.5122],[-36.394,-10.5045],[-36.3941,-10.4989],[-36.3917,-10.5016],[-36.3829,-10.4957],[-36.3799,-10.4873],[-36.336,-10.4042],[-36.3076,-10.3646],[-36.3005,-10.3629],[-36.2939,-10.3553],[-36.3024,-10.3431],[-36.3029,-10.3266],[-36.2993,-10.3149],[-36.2923,-10.3009],[-36.2723,-10.2755],[-36.2391,-10.2441],[-36.2137,-10.2146],[-36.1867,-10.1978],[-36.171,-10.1717],[-36.146,-10.1553],[-36.1345,-10.1585],[-36.1215,-10.1381],[-36.1111,-10.1306],[-36.0874,-10.0938],[-36.0695,-10.0849],[-36.0593,-10.086],[-36.0465,-10.0761],[-36.0432,-10.0651],[-36.0307,-10.0494],[-36.0041,-10.0043],[-35.9749,-9.9662],[-35.9625,-9.9418],[-35.9403,-9.9059],[-35.9029,-9.8705],[-35.8898,-9.8404],[-35.8552,-9.7886],[-35.8193,-9.7456],[-35.8173,-9.7416],[-35.813,-9.7326],[-35.7946,-9.7136],[-35.7885,-9.7117],[-35.7557,-9.6786],[-35.7311,-9.6714],[-35.7229,-9.6766],[-35.7229,-9.6828],[-35.7294,-9.6831],[-35.7242,-9.6851],[-35.7227,-9.6831],[-35.709,-9.6659],[-35.6949,-9.6652],[-35.6995,-9.6486],[-35.6973,-9.6356],[-35.6869,-9.6144],[-35.676,-9.5994],[-35.6656,-9.5913],[-35.6501,-9.5679],[-35.6465,-9.5679],[-35.6306,-9.5524],[-35.6166,-9.5487],[-35.6142,-9.5405],[-35.6054,-9.5319],[-35.5922,-9.5307],[-35.587,-9.5111],[-35.5586,-9.4879],[-35.5539,-9.4749],[-35.536,-9.4585],[-35.5308,-9.4578],[-35.5254,-9.4434],[-35.5135,-9.4407],[-35.5029,-9.4189],[-35.4978,-9.4201],[-35.494,-9.3869],[-35.4846,-9.3705],[-35.4639,-9.3481],[-35.4574,-9.343],[-35.4408,-9.3395],[-35.4385,-9.3288],[-35.4299,-9.3231],[-35.4157,-9.3215],[-35.4144,-9.3187],[-35.4216,-9.316],[-35.3967,-9.3034],[-35.3869,-9.2867],[-35.3743,-9.2784],[-35.3542,-9.2558],[-35.3433,-9.2386],[-35.3426,-9.2316],[-35.3316,-9.2247],[-35.3188,-9.1982],[-35.3067,-9.1938],[-35.2996,-9.1829],[-35.2948,-9.1705],[-35.2952,-9.1561],[-35.2885,-9.155],[-35.2858,-9.148],[-35.283,-9.1286],[-35.2705,-9.1229],[-35.2678,-9.1129],[-35.259,-9.1011],[-35.2578,-9.0914],[-35.2549,-9.0863],[-35.244,-9.077],[-35.2392,-9.0689],[-35.2406,-9.0651],[-35.2375,-9.0612],[-35.2389,-9.0494],[-35.2266,-9.0303],[-35.2237,-9.0202],[-35.2104,-9.0021],[-35.1822,-8.9787],[-35.1728,-8.9566],[-35.1687,-8.9373],[-35.1563,-8.9231],[-35.1527,-8.914],[-35.1381,-8.8777],[-35.1297,-8.8675],[-35.1305,-8.8632],[-35.1343,-8.8416],[-35.1322,-8.8272],[-35.1243,-8.8143],[-35.1187,-8.8052],[-35.1148,-8.7987],[-35.1075,-8.795],[-35.1031,-8.7856],[-35.1054,-8.7688],[-35.0864,-8.7474],[-35.0886,-8.7383],[-35.0903,-8.7312],[-35.0893,-8.7311],[-35.0884,-8.7309],[-32.0103,-10.1672],[-32.0168,-10.1827],[-32.0237,-10.1989],[-32.0295,-10.2146],[-32.0354,-10.2303],[-32.0413,-10.246],[-32.0473,-10.2616],[-32.0534,-10.2772],[-32.0596,-10.2928],[-32.0659,-10.3083],[-32.0722,-10.3239],[-32.0786,-10.3393],[-32.0851,-10.3548],[-32.0917,-10.3702],[-32.0984,-10.3856],[-32.1051,-10.4009],[-32.1119,-10.4162],[-32.1188,-10.4315],[-32.1258,-10.4468],[-32.1328,-10.462],[-32.1399,-10.4772],[-32.1471,-10.4923],[-32.1544,-10.5074],[-32.1618,-10.5225],[-32.1692,-10.5375],[-32.1767,-10.5525],[-32.1843,-10.5675],[-32.1919,-10.5824],[-32.1997,-10.5973],[-32.2075,-10.6121],[-32.2154,-10.6269],[-32.2233,-10.6417],[-32.2314,-10.6564],[-32.2395,-10.6711],[-32.2477,-10.6857],[-32.2559,-10.7003],[-32.2643,-10.7149],[-32.2727,-10.7294],[-32.2811,-10.7439],[-32.2897,-10.7583],[-32.2983,-10.7727],[-32.307,-10.7871],[-32.3158,-10.8014],[-32.3247,-10.8157],[-32.3336,-10.8299],[-32.3426,-10.844],[-32.3516,-10.8582],[-32.3608,-10.8723],[-32.37,-10.8863],[-32.3799,-10.9012],[-32.3891,-10.9152],[-32.3985,-10.9292],[-32.4079,-10.9431],[-32.4173,-10.9569],[-32.4269,-10.9707],[-32.4365,-10.9845],[-32.4462,-10.9982],[-32.456,-11.0119],[-32.4658,-11.0256],[-32.4757,-11.0391],[-32.4857,-11.0527],[-32.4957,-11.0661],[-32.5025,-11.0763],[-32.5119,-11.0902],[-32.5214,-11.1041],[-32.531,-11.1179],[-32.5406,-11.1317],[-32.5503,-11.1454],[-32.56,-11.1591],[-32.5699,-11.1727],[-32.5736,-11.1783],[-32.5831,-11.1922],[-32.5926,-11.206],[-32.6022,-11.2198],[-32.6119,-11.2335],[-32.6217,-11.2472],[-32.6315,-11.2608],[-32.6413,-11.2744],[-32.6513,-11.288],[-32.6613,-11.3015],[-32.6714,-11.3149],[-32.6816,-11.3283],[-32.6918,-11.3417],[-32.7021,-11.355],[-32.7125,-11.3682],[-32.7229,-11.3814],[-32.7334,-11.3945],[-32.744,-11.4076],[-32.7546,-11.4206],[-32.7653,-11.4336],[-32.7761,-11.4466],[-32.7869,-11.4594],[-32.7978,-11.4723],[-32.8088,-11.485],[-32.8198,-11.4977],[-32.8309,-11.5104],[-32.8421,-11.523],[-32.8533,-11.5355],[-32.8646,-11.548],[-32.876,-11.5605],[-32.8874,-11.5728],[-32.8989,-11.5852],[-32.9071,-11.5952],[-32.9178,-11.6082],[-32.9285,-11.6212],[-32.9394,-11.6341],[-32.9503,-11.6469],[-32.9612,-11.6597],[-32.9749,-11.6757],[-32.9848,-11.6887],[-32.995,-11.7021],[-33.0053,-11.7154],[-33.0157,-11.7287],[-33.0261,-11.7419],[-33.0366,-11.755],[-33.0471,-11.7681],[-33.0577,-11.7812],[-33.0684,-11.7942],[-33.0792,-11.8071],[-33.09,-11.82],[-33.1009,-11.8329],[-33.1119,-11.8457],[-33.1229,-11.8584],[-33.134,-11.8711],[-33.1451,-11.8837],[-33.1564,-11.8963],[-33.1676,-11.9088],[-33.179,-11.9212],[-33.1904,-11.9336],[-33.2019,-11.9459],[-33.2134,-11.9582],[-33.225,-11.9705],[-33.2367,-11.9826],[-33.2484,-11.9947],[-33.2602,-12.0068],[-33.2655,-12.0149],[-33.2747,-12.0289],[-33.2841,-12.0429],[-33.2935,-12.0568],[-33.303,-12.0707],[-33.3125,-12.0845],[-33.3221,-12.0983],[-33.3318,-12.1121],[-33.3416,-12.1258],[-33.3514,-12.1394],[-33.3613,-12.153],[-33.3713,-12.1666],[-33.3813,-12.1801],[-33.3915,-12.1935],[-33.4016,-12.207],[-33.4119,-12.2203],[-33.4222,-12.2336],[-33.4326,-12.2469],[-33.443,-12.2601],[-33.4536,-12.2732],[-33.4642,-12.2863],[-33.4748,-12.2993],[-33.4855,-12.3123],[-33.4963,-12.3253],[-33.5072,-12.3382],[-33.5181,-12.351],[-33.5291,-12.3638],[-33.5402,-12.3765],[-33.5513,-12.3891],[-33.5625,-12.4018],[-33.5737,-12.4143],[-33.585,-12.4268],[-33.5964,-12.4393],[-33.6079,-12.4516],[-33.6194,-12.464],[-33.631,-12.4762],[-33.6426,-12.4885],[-33.6543,-12.5006],[-33.6661,-12.5127],[-33.6779,-12.5247],[-33.6876,-12.5372],[-33.698,-12.5505],[-33.7084,-12.5637],[-33.7189,-12.5769],[-33.7295,-12.59],[-33.7402,-12.603],[-33.7509,-12.616],[-33.7617,-12.629],[-33.7725,-12.6419],[-33.7835,-12.6547],[-33.7945,-12.6675],[-33.8055,-12.6802],[-33.8166,-12.6929],[-33.8278,-12.7055],[-33.8391,-12.7181],[-33.8504,-12.7306],[-33.8618,-12.7431],[-33.8732,-12.7555],[-33.8847,-12.7678],[-33.8963,-12.7801],[-33.9079,-12.7923],[-33.9196,-12.8045],[-33.9314,-12.8166],[-33.9432,-12.8287],[-33.9551,-12.8406],[-33.9671,-12.8526],[-33.9791,-12.8645],[-33.9911,-12.8763],[-34.0033,-12.888],[-34.0155,-12.8997],[-34.0277,-12.9114],[-34.04,-12.9229],[-34.0524,-12.9344],[-34.0649,-12.9459],[-34.0773,-12.9573],[-34.0899,-12.9686],[-34.1025,-12.9799],[-34.1152,-12.9911],[-34.1279,-13.0022],[-34.1407,-13.0133],[-34.1535,-13.0243],[-34.1664,-13.0353],[-34.1794,-13.0462],[-34.1924,-13.057],[-34.2055,-13.0678],[-34.2186,-13.0784],[-34.2318,-13.0891],[-34.245,-13.0996],[-34.2583,-13.1101],[-34.2717,-13.1206],[-34.2851,-13.1309],[-34.2985,-13.1412],[-34.312,-13.1515],[-34.3256,-13.1616],[-34.3392,-13.1717],[-34.3528,-13.1818],[-34.3666,-13.1917],[-34.3803,-13.2016],[-34.3942,-13.2115],[-34.3992,-13.2152],[-34.4129,-13.2252],[-34.4266,-13.2351],[-34.4404,-13.245],[-34.4563,-13.2589],[-34.4628,-13.2743],[-34.4694,-13.2897],[-34.476,-13.3051],[-34.4827,-13.3205],[-34.4896,-13.3358],[-34.4965,-13.3512],[-34.5034,-13.3664],[-34.5105,-13.3817],[-34.5176,-13.3969],[-34.5248,-13.4121],[-34.5321,-13.4272],[-34.5394,-13.4423],[-34.5469,-13.4574],[-34.5544,-13.4724],[-34.562,-13.4874],[-34.5696,-13.5023],[-34.5774,-13.5172],[-34.5852,-13.5321],[-34.5931,-13.547],[-34.6011,-13.5618],[-34.6091,-13.5765],[-34.6686,-13.5235],[-35.3311,-13.0178],[-37.3292,-11.4426]]]}},{"type":"Feature","id":"pernambuco-paraiba","properties":{"id":"pernambuco-paraiba","name":"Pernambuco-Paraiba_Mar","display_name":"Bacia de Pernambuco-Paraiba","bbox":[-35.3856,-10.1672,-31.4443,-3.5998],"area_km2":215835.1},"geometry":{"type":"Polygon","coordinates":[[[-32.0103,-10.1672],[-35.0884,-8.7309],[-35.0893,-8.7311],[-35.0903,-8.7312],[-35.0906,-8.7303],[-35.0871,-8.7202],[-35.079,-8.7114],[-35.0793,-8.7037],[-35.0857,-8.6918],[-35.0808,-8.6805],[-35.0692,-8.6727],[-35.0712,-8.6559],[-35.0671,-8.6447],[-35.0445,-8.6115],[-35.0464,-8.6064],[-35.0434,-8.6053],[-35.0432,-8.5963],[-35.0373,-8.5898],[-35.0306,-8.5737],[-35.0233,-8.5659],[-35.0161,-8.5635],[-35.0093,-8.568],[-35.0048,-8.5664],[-35.0065,-8.5585],[-34.9993,-8.54],[-35.0041,-8.5266],[-35.0023,-8.5166],[-34.9966,-8.5084],[-35.0007,-8.4982],[-34.9984,-8.4863],[-34.9859,-8.4613],[-34.978,-8.4348],[-34.9523,-8.3762],[-34.9613,-8.3665],[-34.9553,-8.3556],[-34.9467,-8.3595],[-34.9406,-8.3522],[-34.9423,-8.3439],[-34.9486,-8.3434],[-34.9515,-8.338],[-34.9395,-8.3035],[-34.9506,-8.2977],[-34.9501,-8.2906],[-34.9442,-8.2803],[-34.9402,-8.2549],[-34.92,-8.2276],[-34.9216,-8.2239],[-34.9249,-8.225],[-34.9166,-8.2085],[-34.9185,-8.1854],[-34.9122,-8.163],[-34.8596,-8.049],[-34.8606,-8.0451],[-34.8647,-8.0404],[-34.8632,-8.0371],[-34.8379,-8.0065],[-34.8374,-7.9898],[-34.8288,-7.9591],[-34.8197,-7.9182],[-34.824,-7.9074],[-34.8241,-7.8874],[-34.8329,-7.8742],[-34.8368,-7.8453],[-34.8408,-7.8449],[-34.8447,-7.8375],[-34.8421,-7.8278],[-34.8478,-7.8164],[-34.8474,-7.813],[-34.8366,-7.8105],[-34.8377,-7.7924],[-34.823,-7.7441],[-34.8261,-7.727],[-34.8311,-7.7271],[-34.8338,-7.712],[-34.8317,-7.701],[-34.8422,-7.6958],[-34.8464,-7.6891],[-34.8413,-7.6832],[-34.834,-7.684],[-34.8223,-7.6489],[-34.8076,-7.6259],[-34.8109,-7.6159],[-34.8241,-7.5982],[-34.8245,-7.5873],[-34.8296,-7.5818],[-34.8348,-7.5642],[-34.8378,-7.566],[-34.8401,-7.5542],[-34.8317,-7.5523],[-34.8339,-7.5499],[-34.8262,-7.5482],[-34.8204,-7.529],[-34.8098,-7.5123],[-34.815,-7.4871],[-34.8111,-7.4787],[-34.8037,-7.4725],[-34.8115,-7.4599],[-34.8023,-7.3839],[-34.7972,-7.3673],[-34.8,-7.3581],[-34.794,-7.3299],[-34.8017,-7.3182],[-34.798,-7.3028],[-34.8009,-7.2949],[-34.7989,-7.2803],[-34.8044,-7.2631],[-34.8056,-7.2405],[-34.8031,-7.2109],[-34.7948,-7.1962],[-34.7937,-7.1549],[-34.7974,-7.1472],[-34.8101,-7.1456],[-34.8224,-7.1312],[-34.8223,-7.1113],[-34.8341,-7.0988],[-34.8305,-7.0738],[-34.8384,-7.0688],[-34.8437,-7.0562],[-34.8409,-7.0431],[-34.8302,-7.0313],[-34.8258,-7.0074],[-34.8303,-6.967],[-34.8419,-6.9669],[-34.8356,-6.9797],[-34.8352,-6.9991],[-34.8487,-7.0118],[-34.8552,-7.0279],[-34.8597,-7.0275],[-34.8677,-7.0088],[-34.871,-6.9858],[-34.8689,-6.9798],[-34.8563,-6.9736],[-34.8508,-6.965],[-34.8615,-6.953],[-34.8671,-6.9372],[-34.8633,-6.9176],[-34.8537,-6.9007],[-34.8688,-6.8982],[-34.8803,-6.8918],[-34.9028,-6.8657],[-34.9028,-6.8554],[-34.9137,-6.8205],[-34.919,-6.7691],[-34.9373,-6.7712],[-34.9337,-6.7691],[-34.9333,-6.7572],[-34.9392,-6.7538],[-34.9292,-6.7403],[-34.9348,-6.7321],[-34.932,-6.7213],[-34.9348,-6.6991],[-34.9312,-6.6886],[-34.9473,-6.6814],[-34.9541,-6.6691],[-34.9623,-6.6406],[-34.9656,-6.6035],[-34.9676,-6.4928],[-34.9697,-6.4886],[-34.9692,-6.4705],[-34.973,-6.4634],[-34.9727,-6.4381],[-34.9815,-6.3997],[-34.9922,-6.3737],[-35.0079,-6.3674],[-35.0121,-6.3713],[-35.0182,-6.369],[-35.0224,-6.3629],[-35.0303,-6.3448],[-35.0373,-6.3149],[-35.0309,-6.309],[-35.035,-6.2866],[-35.0374,-6.2364],[-35.0423,-6.228],[-35.0608,-6.2276],[-35.0672,-6.2214],[-35.0724,-6.2222],[-35.0783,-6.2121],[-35.0837,-6.1901],[-35.0917,-6.1792],[-35.0944,-6.1824],[-35.099,-6.1394],[-35.1019,-6.076],[-35.0978,-6.0576],[-35.1047,-6.0569],[-35.11,-6.0498],[-35.1115,-6.0312],[-35.1071,-6.0067],[-35.1139,-5.9951],[-35.114,-5.9885],[-35.1219,-5.9836],[-35.129,-5.9681],[-35.1463,-5.9637],[-35.1542,-5.9423],[-35.1543,-5.9286],[-35.1576,-5.9238],[-35.1552,-5.8983],[-35.1548,-5.8842],[-35.1617,-5.8806],[-35.1669,-5.8848],[-35.1714,-5.8827],[-35.18,-5.8692],[-35.181,-5.8022],[-35.1835,-5.7932],[-35.1863,-5.7933],[-35.1939,-5.7819],[-35.1966,-5.7601],[-35.2035,-5.758],[-35.2049,-5.7413],[-35.1933,-5.6989],[-35.198,-5.6935],[-35.2055,-5.6934],[-35.2157,-5.6789],[-35.2186,-5.6716],[-35.2169,-5.6309],[-35.2238,-5.6282],[-35.2278,-5.6128],[-35.2266,-5.5843],[-35.2284,-5.577],[-35.2328,-5.5751],[-35.2448,-5.5582],[-35.2496,-5.5435],[-35.2496,-5.5288],[-35.2547,-5.5202],[-35.2585,-5.5153],[-35.2612,-5.4812],[-35.266,-5.4833],[-35.2731,-5.4797],[-35.2821,-5.4655],[-35.2888,-5.4606],[-35.2934,-5.428],[-35.2986,-5.4271],[-35.3109,-5.4087],[-35.3102,-5.3922],[-35.3213,-5.3775],[-35.3261,-5.3817],[-35.3397,-5.3764],[-35.3541,-5.359],[-35.3596,-5.3447],[-35.3691,-5.2939],[-35.3848,-5.2685],[-35.3856,-5.2665],[-35.3843,-5.2657],[-35.3842,-5.2657],[-35.3841,-5.2656],[-35.3838,-5.2654],[-35.2912,-5.2102],[-35.2212,-5.1707],[-34.4375,-4.7282],[-33.8614,-4.4028],[-32.9983,-3.9155],[-32.9325,-3.8783],[-32.8718,-3.8441],[-32.812,-3.8103],[-32.7949,-3.8006],[-32.7778,-3.791],[-32.7244,-3.7608],[-32.6701,-3.7302],[-32.5994,-3.6902],[-32.5802,-3.6794],[-32.5387,-3.6559],[-32.5144,-3.6422],[-32.4756,-3.6203],[-32.4564,-3.6095],[-32.4553,-3.6089],[-32.4391,-3.5998],[-32.3982,-3.6517],[-31.8006,-5.352],[-31.7849,-5.4537],[-31.4443,-7.0788],[-31.4446,-7.0894],[-31.4445,-7.0989],[-31.4444,-7.1157],[-31.4444,-7.1324],[-31.4444,-7.1491],[-31.4445,-7.1659],[-31.4447,-7.1826],[-31.445,-7.1993],[-31.4454,-7.2161],[-31.4459,-7.2328],[-31.4464,-7.2495],[-31.447,-7.2662],[-31.4469,-7.2733],[-31.4468,-7.29],[-31.4467,-7.3067],[-31.4467,-7.3235],[-31.4467,-7.3402],[-31.4469,-7.3569],[-31.4471,-7.3737],[-31.4475,-7.3904],[-31.4479,-7.4071],[-31.4484,-7.4239],[-31.4489,-7.4406],[-31.4496,-7.4573],[-31.4504,-7.4741],[-31.4512,-7.4908],[-31.4521,-7.5075],[-31.4531,-7.5242],[-31.4542,-7.5409],[-31.4553,-7.5576],[-31.4562,-7.5721],[-31.4573,-7.5888],[-31.4585,-7.6055],[-31.4598,-7.6222],[-31.4611,-7.6389],[-31.4626,-7.6555],[-31.463,-7.6655],[-31.4638,-7.6823],[-31.4647,-7.699],[-31.4656,-7.7157],[-31.4666,-7.7324],[-31.4678,-7.7491],[-31.469,-7.7658],[-31.4703,-7.7825],[-31.4716,-7.7992],[-31.4731,-7.8158],[-31.4732,-7.8216],[-31.4736,-7.8384],[-31.474,-7.8551],[-31.4746,-7.8718],[-31.4745,-7.8807],[-31.4743,-7.8974],[-31.4743,-7.9142],[-31.4743,-7.9309],[-31.4744,-7.9476],[-31.4746,-7.9644],[-31.4748,-7.9811],[-31.4752,-7.9979],[-31.4756,-8.0146],[-31.4762,-8.0313],[-31.4768,-8.048],[-31.4774,-8.0648],[-31.4782,-8.0815],[-31.4791,-8.0982],[-31.48,-8.1149],[-31.481,-8.1316],[-31.4821,-8.1483],[-31.4833,-8.165],[-31.4846,-8.1817],[-31.486,-8.1984],[-31.4874,-8.215],[-31.4889,-8.2317],[-31.4893,-8.2368],[-31.4905,-8.2535],[-31.4918,-8.2702],[-31.4932,-8.2869],[-31.4947,-8.3035],[-31.4963,-8.3202],[-31.4979,-8.3368],[-31.4996,-8.3535],[-31.5015,-8.3701],[-31.5034,-8.3868],[-31.5053,-8.4034],[-31.5074,-8.42],[-31.5095,-8.4366],[-31.5118,-8.4532],[-31.5141,-8.4697],[-31.5165,-8.4863],[-31.519,-8.5029],[-31.5215,-8.5194],[-31.5242,-8.5359],[-31.526,-8.5472],[-31.5286,-8.5638],[-31.5314,-8.5803],[-31.5342,-8.5968],[-31.5371,-8.6133],[-31.5401,-8.6297],[-31.5432,-8.6462],[-31.5463,-8.6626],[-31.5496,-8.679],[-31.5529,-8.6954],[-31.5563,-8.7118],[-31.5598,-8.7282],[-31.5634,-8.7446],[-31.567,-8.7609],[-31.5708,-8.7772],[-31.5746,-8.7935],[-31.5785,-8.8098],[-31.5824,-8.8261],[-31.5865,-8.8423],[-31.5907,-8.8585],[-31.5949,-8.8747],[-31.5992,-8.8909],[-31.6036,-8.907],[-31.6081,-8.9232],[-31.6126,-8.9393],[-31.6173,-8.9554],[-31.622,-8.9714],[-31.6268,-8.9875],[-31.6316,-9.0035],[-31.6366,-9.0195],[-31.6416,-9.0355],[-31.6468,-9.0514],[-31.652,-9.0673],[-31.6534,-9.0741],[-31.657,-9.0904],[-31.6607,-9.1068],[-31.6645,-9.1231],[-31.6684,-9.1394],[-31.6723,-9.1556],[-31.6763,-9.1719],[-31.6805,-9.1881],[-31.6846,-9.2043],[-31.6889,-9.2205],[-31.6933,-9.2367],[-31.6977,-9.2528],[-31.7022,-9.2689],[-31.7068,-9.2851],[-31.7115,-9.3011],[-31.7162,-9.3172],[-31.7211,-9.3332],[-31.726,-9.3492],[-31.731,-9.3652],[-31.7361,-9.3812],[-31.7385,-9.3907],[-31.7426,-9.407],[-31.7467,-9.4232],[-31.751,-9.4394],[-31.7553,-9.4555],[-31.7598,-9.4717],[-31.7643,-9.4878],[-31.7689,-9.5039],[-31.7735,-9.52],[-31.7783,-9.5361],[-31.7831,-9.5521],[-31.788,-9.5681],[-31.793,-9.5841],[-31.7981,-9.6],[-31.8032,-9.616],[-31.8085,-9.6319],[-31.8138,-9.6478],[-31.8192,-9.6636],[-31.8247,-9.6794],[-31.8302,-9.6952],[-31.8359,-9.711],[-31.8416,-9.7268],[-31.8474,-9.7425],[-31.8532,-9.7582],[-31.8592,-9.7738],[-31.8652,-9.7895],[-31.8713,-9.8051],[-31.8775,-9.8206],[-31.8838,-9.8362],[-31.8902,-9.8517],[-31.8966,-9.8671],[-31.9031,-9.8826],[-31.9097,-9.898],[-31.9172,-9.916],[-31.9224,-9.9319],[-31.9277,-9.9478],[-31.9331,-9.9636],[-31.9386,-9.9795],[-31.9441,-9.9953],[-31.9497,-10.0111],[-31.9554,-10.0268],[-31.9612,-10.0425],[-31.9671,-10.0582],[-31.973,-10.0739],[-31.979,-10.0895],[-31.9851,-10.1051],[-31.9913,-10.1207],[-31.9976,-10.1362],[-32.0039,-10.1517],[-32.0103,-10.1672]]]}},{"type":"Feature","id":"potiguar","properties":{"id":"potiguar","name":"Potiguar_Mar","display_name":"Bacia de Potiguar","bbox":[-38.4335,-5.2665,-32.4391,-0.5386],"area_km2":197076.5},"geometry":{"type":"Polygon","coordinates":[[[-36.094,-1.3597],[-35.5641,-1.7631],[-33.4156,-2.3608],[-32.4391,-3.5998],[-32.4553,-3.6089],[-32.4564,-3.6095],[-32.4756,-3.6203],[-32.5144,-3.6422],[-32.5387,-3.6559],[-32.5802,-3.6794],[-32.5994,-3.6902],[-32.6701,-3.7302],[-32.7244,-3.7608],[-32.7778,-3.791],[-32.7949,-3.8006],[-32.812,-3.8103],[-32.8718,-3.8441],[-32.9325,-3.8783],[-32.9983,-3.9155],[-33.8614,-4.4028],[-34.4375,-4.7282],[-35.2212,-5.1707],[-35.2912,-5.2102],[-35.3838,-5.2654],[-35.3841,-5.2656],[-35.3842,-5.2657],[-35.3843,-5.2657],[-35.3856,-5.2665],[-35.3892,-5.2575],[-35.4183,-5.2222],[-35.4606,-5.1972],[-35.4657,-5.186],[-35.4892,-5.1588],[-35.51,-5.1555],[-35.5321,-5.1447],[-35.5716,-5.1351],[-35.6172,-5.1126],[-35.6189,-5.1189],[-35.6276,-5.1205],[-35.6356,-5.1219],[-35.6976,-5.1028],[-35.7086,-5.1043],[-35.718,-5.0977],[-35.7579,-5.0895],[-35.7842,-5.0761],[-35.7909,-5.0774],[-35.8029,-5.0736],[-35.8291,-5.0753],[-35.8527,-5.0691],[-35.8827,-5.0681],[-35.9084,-5.0598],[-35.9497,-5.0445],[-35.9806,-5.042],[-35.9847,-5.0468],[-36.0004,-5.0449],[-36.0134,-5.0493],[-36.0368,-5.0513],[-36.0588,-5.0633],[-36.0785,-5.0658],[-36.0994,-5.0768],[-36.1245,-5.0909],[-36.1519,-5.0958],[-36.2439,-5.0962],[-36.2738,-5.0897],[-36.2772,-5.0905],[-36.29,-5.0882],[-36.3086,-5.1033],[-36.3096,-5.0997],[-36.3273,-5.0887],[-36.3449,-5.0827],[-36.3505,-5.0879],[-36.3696,-5.0911],[-36.4061,-5.0791],[-36.4378,-5.0687],[-36.4836,-5.0625],[-36.5061,-5.0627],[-36.5272,-5.0782],[-36.5549,-5.0811],[-36.559,-5.0843],[-36.5884,-5.0805],[-36.5962,-5.0754],[-36.601,-5.0811],[-36.6071,-5.0825],[-36.6199,-5.0766],[-36.6288,-5.0895],[-36.6666,-5.0859],[-36.6899,-5.0928],[-36.7025,-5.0837],[-36.7044,-5.0656],[-36.7088,-5.0657],[-36.7126,-5.0737],[-36.7232,-5.0758],[-36.7357,-5.0647],[-36.7328,-5.0602],[-36.7425,-5.0614],[-36.7996,-5.0392],[-36.8366,-4.9983],[-36.8553,-4.9724],[-36.8818,-4.9494],[-36.9015,-4.9513],[-36.9219,-4.9482],[-36.9628,-4.9201],[-36.965,-4.9279],[-36.9723,-4.9317],[-36.9814,-4.9344],[-36.9996,-4.9315],[-37.0301,-4.9493],[-37.039,-4.9515],[-37.0577,-4.9467],[-37.0826,-4.9301],[-37.0838,-4.9329],[-37.0982,-4.9253],[-37.1098,-4.9259],[-37.1337,-4.9387],[-37.1589,-4.9352],[-37.1674,-4.9325],[-37.1817,-4.9174],[-37.2107,-4.8952],[-37.2219,-4.8821],[-37.2523,-4.8326],[-37.2672,-4.8003],[-37.2809,-4.7549],[-37.2874,-4.7436],[-37.3029,-4.7243],[-37.3254,-4.7021],[-37.3422,-4.6928],[-37.3523,-4.6951],[-37.352,-4.6925],[-37.3575,-4.6929],[-37.3581,-4.6899],[-37.3771,-4.6816],[-37.4116,-4.6731],[-37.4616,-4.6516],[-37.4737,-4.6493],[-37.4797,-4.6451],[-37.4916,-4.6308],[-37.4993,-4.6263],[-37.5224,-4.6391],[-37.5407,-4.6447],[-37.567,-4.6398],[-37.5932,-4.626],[-37.6405,-4.5871],[-37.6546,-4.5734],[-37.6888,-4.5332],[-37.7062,-4.5213],[-37.7296,-4.4976],[-37.7434,-4.472],[-37.7519,-4.4438],[-37.7698,-4.4268],[-37.764,-4.4236],[-37.7704,-4.4017],[-37.7785,-4.4039],[-37.7967,-4.3964],[-37.8076,-4.3989],[-37.8359,-4.3829],[-37.8516,-4.3797],[-37.8882,-4.3542],[-37.9593,-4.295],[-37.9898,-4.2614],[-38.014,-4.2469],[-38.0466,-4.216],[-38.0962,-4.1651],[-38.1185,-4.1461],[-38.1478,-4.102],[-38.1933,-4.0399],[-38.2027,-4.0338],[-38.2232,-4.0071],[-38.2715,-3.947],[-38.2783,-3.9419],[-38.2899,-3.9418],[-38.3003,-3.9377],[-38.2976,-3.9437],[-38.3034,-3.9438],[-38.3088,-3.9395],[-38.3002,-3.9422],[-38.3043,-3.9362],[-38.3188,-3.9267],[-38.3435,-3.9041],[-38.3645,-3.8822],[-38.4021,-3.8239],[-38.4335,-3.7751],[-38.4335,-3.7751],[-38.4329,-3.7734],[-37.3313,-0.6969],[-37.2924,-0.5997],[-37.2605,-0.5386],[-37.2463,-0.5473],[-37.2321,-0.556],[-37.218,-0.5648],[-37.2039,-0.5737],[-37.1898,-0.5827],[-37.1758,-0.5917],[-37.1618,-0.6008],[-37.1479,-0.6099],[-37.1341,-0.6192],[-37.1202,-0.6285],[-37.1064,-0.6378],[-37.0927,-0.6473],[-37.079,-0.6568],[-37.065,-0.6665],[-37.05,-0.6737],[-37.035,-0.681],[-37.0201,-0.6883],[-37.0052,-0.6958],[-36.9903,-0.7032],[-36.9755,-0.7108],[-36.9607,-0.7185],[-36.9459,-0.7262],[-36.9312,-0.734],[-36.9165,-0.7418],[-36.9019,-0.7498],[-36.8873,-0.7578],[-36.8727,-0.7658],[-36.8582,-0.774],[-36.8437,-0.7822],[-36.8293,-0.7905],[-36.8149,-0.7989],[-36.8005,-0.8073],[-36.7862,-0.8159],[-36.7719,-0.8245],[-36.7577,-0.8331],[-36.7435,-0.8418],[-36.7293,-0.8506],[-36.7152,-0.8595],[-36.7012,-0.8685],[-36.6872,-0.8775],[-36.6732,-0.8866],[-36.6593,-0.8957],[-36.6454,-0.9049],[-36.6316,-0.9142],[-36.6178,-0.9236],[-36.6041,-0.933],[-36.5904,-0.9425],[-36.5767,-0.9521],[-36.5631,-0.9617],[-36.5496,-0.9715],[-36.5367,-0.9806],[-36.5231,-0.9904],[-36.5096,-1.0002],[-36.4962,-1.01],[-36.4828,-1.0199],[-36.4695,-1.0299],[-36.4562,-1.04],[-36.4429,-1.0501],[-36.4297,-1.0603],[-36.4166,-1.0706],[-36.4035,-1.0809],[-36.3905,-1.0913],[-36.3775,-1.1017],[-36.3645,-1.1123],[-36.3517,-1.1228],[-36.3388,-1.1335],[-36.326,-1.1442],[-36.3133,-1.155],[-36.3006,-1.1658],[-36.288,-1.1767],[-36.2755,-1.1877],[-36.2629,-1.1987],[-36.2505,-1.2098],[-36.2381,-1.221],[-36.2257,-1.2322],[-36.2135,-1.2435],[-36.2012,-1.2548],[-36.1891,-1.2662],[-36.1769,-1.2777],[-36.1649,-1.2892],[-36.1529,-1.3008],[-36.1409,-1.3124],[-36.129,-1.3241],[-36.1172,-1.3359],[-36.1054,-1.3477],[-36.094,-1.3597]]]}},{"type":"Feature","id":"ceara","properties":{"id":"ceara","name":"Ceará_Mar","display_name":"Bacia do Ceará","bbox":[-41.8296,-3.7751,-37.2605,0.5664],"area_km2":160666.4},"geometry":{"type":"Polygon","coordinates":[[[-38.4335,-3.7751],[-38.4669,-3.7145],[-38.4724,-3.7081],[-38.4774,-3.7147],[-38.4776,-3.7199],[-38.4996,-3.7256],[-38.5116,-3.7205],[-38.5202,-3.7187],[-38.5267,-3.7208],[-38.5419,-3.7158],[-38.5802,-3.6946],[-38.5934,-3.692],[-38.5956,-3.6941],[-38.6092,-3.6887],[-38.6393,-3.6878],[-38.6671,-3.675],[-38.7049,-3.6374],[-38.7292,-3.6246],[-38.7455,-3.6197],[-38.7638,-3.6052],[-38.8063,-3.5483],[-38.8125,-3.5415],[-38.8191,-3.5466],[-38.8342,-3.5466],[-38.8539,-3.5393],[-38.8916,-3.5055],[-38.9092,-3.5051],[-38.9216,-3.4904],[-38.9324,-3.4658],[-38.9344,-3.4645],[-38.9387,-3.4516],[-38.9495,-3.4435],[-38.9667,-3.4199],[-38.9952,-3.3978],[-39.0083,-3.3968],[-39.0168,-3.4038],[-39.0266,-3.4035],[-39.0402,-3.4116],[-39.0534,-3.4095],[-39.0631,-3.402],[-39.0668,-3.4022],[-39.0667,-3.4048],[-39.0838,-3.3939],[-39.1036,-3.3666],[-39.113,-3.3478],[-39.1279,-3.344],[-39.1397,-3.3463],[-39.1615,-3.332],[-39.1603,-3.3282],[-39.1628,-3.3249],[-39.1702,-3.324],[-39.188,-3.2942],[-39.2266,-3.2445],[-39.241,-3.2354],[-39.2528,-3.2225],[-39.2644,-3.2189],[-39.2795,-3.2212],[-39.2979,-3.2158],[-39.3072,-3.2077],[-39.3141,-3.2085],[-39.3252,-3.202],[-39.3456,-3.1804],[-39.3651,-3.1741],[-39.3846,-3.1845],[-39.399,-3.1768],[-39.4205,-3.155],[-39.438,-3.1473],[-39.4651,-3.1425],[-39.4878,-3.1188],[-39.5219,-3.1034],[-39.5511,-3.0801],[-39.5739,-3.0724],[-39.59,-3.071],[-39.597,-3.066],[-39.6103,-3.0452],[-39.6197,-3.0267],[-39.6385,-3.0194],[-39.6476,-3.0233],[-39.6545,-3.024],[-39.6628,-3.0184],[-39.6757,-3.0028],[-39.6882,-2.995],[-39.7143,-3.0003],[-39.7363,-2.9871],[-39.7419,-2.9861],[-39.7744,-2.9563],[-39.7937,-2.9495],[-39.821,-2.9296],[-39.8328,-2.9245],[-39.8582,-2.9035],[-39.887,-2.8851],[-39.8926,-2.8826],[-39.8973,-2.8849],[-39.9052,-2.8764],[-39.9131,-2.8778],[-39.9309,-2.8691],[-39.943,-2.8586],[-39.9438,-2.8609],[-39.9697,-2.8495],[-39.9533,-2.8588],[-39.9532,-2.8616],[-39.988,-2.8429],[-39.9998,-2.8423],[-39.987,-2.8459],[-39.9765,-2.8555],[-40.018,-2.8368],[-40.0253,-2.8349],[-40.0278,-2.8365],[-40.0195,-2.8386],[-40.0231,-2.8443],[-40.0439,-2.8415],[-40.0538,-2.8377],[-40.0616,-2.8379],[-40.0677,-2.8421],[-40.0771,-2.8413],[-40.0798,-2.8352],[-40.0962,-2.8288],[-40.129,-2.8258],[-40.1332,-2.8291],[-40.1324,-2.8346],[-40.1482,-2.8399],[-40.1608,-2.8337],[-40.1891,-2.8133],[-40.188,-2.8162],[-40.2173,-2.8151],[-40.2566,-2.8093],[-40.262,-2.8117],[-40.2897,-2.8106],[-40.3299,-2.8061],[-40.3725,-2.8108],[-40.4054,-2.8144],[-40.4362,-2.8117],[-40.4553,-2.8046],[-40.5,-2.7848],[-40.5211,-2.7914],[-40.5201,-2.803],[-40.534,-2.8185],[-40.5636,-2.8294],[-40.5742,-2.8382],[-40.5926,-2.8442],[-40.6458,-2.8505],[-40.6722,-2.8475],[-40.6911,-2.8517],[-40.7328,-2.8532],[-40.7603,-2.8505],[-40.7764,-2.8545],[-40.7954,-2.8697],[-40.8161,-2.8778],[-40.8303,-2.8776],[-40.8438,-2.8852],[-40.853,-2.8657],[-40.8567,-2.8654],[-40.8622,-2.8567],[-40.8687,-2.8632],[-40.8748,-2.8595],[-40.8802,-2.8626],[-40.9003,-2.8627],[-40.9064,-2.8592],[-40.9086,-2.8703],[-40.9151,-2.8738],[-40.9549,-2.8718],[-40.9629,-2.8816],[-41.0095,-2.8925],[-41.0582,-2.8967],[-41.0856,-2.8961],[-41.0967,-2.8922],[-41.102,-2.9013],[-41.1201,-2.8933],[-41.1742,-2.8881],[-41.1915,-2.8916],[-41.2337,-2.8902],[-41.2595,-2.8847],[-41.2739,-2.89],[-41.2808,-2.8968],[-41.323,-2.9217],[-41.3323,-2.9219],[-41.3388,-2.928],[-41.3679,-2.917],[-41.375,-2.9179],[-41.4001,-2.9044],[-41.4187,-2.9107],[-41.4351,-2.9072],[-41.4383,-2.9123],[-41.438,-2.9097],[-41.4407,-2.9106],[-41.4457,-2.9056],[-41.4816,-2.8971],[-41.4953,-2.9007],[-41.5108,-2.9117],[-41.5337,-2.9102],[-41.5592,-2.8987],[-41.5607,-2.9014],[-41.5815,-2.9077],[-41.5938,-2.9059],[-41.6335,-2.8868],[-41.656,-2.868],[-41.6595,-2.8606],[-41.6843,-2.8445],[-41.7293,-2.8038],[-41.7352,-2.8078],[-41.7508,-2.8022],[-41.7853,-2.7703],[-41.8016,-2.7489],[-41.8144,-2.7397],[-41.8296,-2.7225],[-41.8204,-2.7246],[-41.8242,-2.7197],[-41.8248,-2.7197],[-41.8247,-2.7194],[-41.0538,0.4292],[-41.0253,0.5307],[-41.0092,0.5266],[-41.0024,0.5276],[-40.986,0.5301],[-40.9696,0.5325],[-40.9613,0.5337],[-40.9448,0.536],[-40.9283,0.5382],[-40.9118,0.5403],[-40.8953,0.5424],[-40.8788,0.5443],[-40.8623,0.5462],[-40.8457,0.548],[-40.8292,0.5497],[-40.8127,0.5513],[-40.7961,0.5529],[-40.7795,0.5543],[-40.763,0.5557],[-40.7464,0.557],[-40.7298,0.5582],[-40.7132,0.5593],[-40.6966,0.5604],[-40.68,0.5613],[-40.6634,0.5622],[-40.6468,0.563],[-40.6302,0.5637],[-40.6136,0.5643],[-40.5969,0.5649],[-40.5803,0.5653],[-40.5637,0.5657],[-40.5471,0.566],[-40.5304,0.5662],[-40.5138,0.5663],[-40.4972,0.5664],[-40.4806,0.5663],[-40.4639,0.5662],[-40.4473,0.566],[-40.4307,0.5657],[-40.4141,0.5653],[-40.3974,0.5649],[-40.3808,0.5643],[-40.3642,0.5637],[-40.3476,0.563],[-40.331,0.5622],[-40.3144,0.5613],[-40.2978,0.5603],[-40.2812,0.5593],[-40.2646,0.5582],[-40.248,0.557],[-40.2314,0.5557],[-40.2149,0.5543],[-40.1983,0.5528],[-40.1817,0.5513],[-40.1652,0.5496],[-40.1486,0.5479],[-40.1321,0.5461],[-40.1156,0.5443],[-40.0991,0.5423],[-40.0826,0.5403],[-40.0661,0.5381],[-40.0545,0.5377],[-40.0379,0.5369],[-40.0213,0.5361],[-40.0047,0.5351],[-39.9881,0.5341],[-39.9715,0.533],[-39.9549,0.5319],[-39.9384,0.5306],[-39.9218,0.5293],[-39.9052,0.5278],[-39.8887,0.5263],[-39.8721,0.5247],[-39.8556,0.5231],[-39.839,0.5213],[-39.8225,0.5195],[-39.806,0.5175],[-39.7895,0.5155],[-39.773,0.5134],[-39.7565,0.5113],[-39.74,0.509],[-39.7235,0.5067],[-39.7071,0.5042],[-39.6907,0.5017],[-39.6742,0.4992],[-39.6578,0.4965],[-39.6414,0.4937],[-39.625,0.4909],[-39.6086,0.488],[-39.5923,0.485],[-39.5788,0.4832],[-39.5623,0.481],[-39.5458,0.4787],[-39.5293,0.4764],[-39.5129,0.4739],[-39.4965,0.4714],[-39.48,0.4687],[-39.4636,0.466],[-39.4472,0.4633],[-39.4308,0.4604],[-39.4145,0.4574],[-39.3981,0.4544],[-39.3818,0.4513],[-39.3741,0.4498],[-39.3578,0.4466],[-39.3415,0.4434],[-39.3252,0.44],[-39.3089,0.4366],[-39.2926,0.4331],[-39.2764,0.4295],[-39.2602,0.4258],[-39.244,0.4221],[-39.2278,0.4182],[-39.2116,0.4143],[-39.1955,0.4103],[-39.1793,0.4063],[-39.1632,0.4021],[-39.1454,0.3974],[-39.1293,0.3932],[-39.1133,0.3889],[-39.0972,0.3845],[-39.0812,0.3801],[-39.0652,0.3756],[-39.0492,0.371],[-39.0332,0.3662],[-39.0173,0.3615],[-39.0047,0.3577],[-38.9887,0.3529],[-38.9728,0.348],[-38.957,0.343],[-38.9411,0.338],[-38.9253,0.3328],[-38.9095,0.3276],[-38.8937,0.3223],[-38.878,0.3169],[-38.8623,0.3115],[-38.8466,0.306],[-38.8309,0.3003],[-38.8153,0.2946],[-38.7997,0.2889],[-38.7841,0.283],[-38.7685,0.2771],[-38.753,0.2711],[-38.7375,0.265],[-38.7221,0.2588],[-38.7066,0.2526],[-38.6912,0.2463],[-38.6759,0.2399],[-38.6605,0.2334],[-38.6452,0.2269],[-38.63,0.2203],[-38.6147,0.2136],[-38.5995,0.2068],[-38.5843,0.1999],[-38.5692,0.193],[-38.5541,0.186],[-38.539,0.1789],[-38.524,0.1717],[-38.512,0.1663],[-38.4969,0.1594],[-38.4818,0.1523],[-38.4667,0.1453],[-38.4517,0.1381],[-38.4367,0.1308],[-38.4218,0.1235],[-38.4069,0.1161],[-38.392,0.1087],[-38.3791,0.1022],[-38.3643,0.0946],[-38.3494,0.087],[-38.3347,0.0793],[-38.32,0.0715],[-38.3053,0.0637],[-38.2906,0.0558],[-38.276,0.0478],[-38.2614,0.0397],[-38.2469,0.0316],[-38.2324,0.0234],[-38.218,0.0151],[-38.2036,0.0067],[-38.1892,-0.0017],[-38.1816,-0.0053],[-38.1667,-0.0126],[-38.1517,-0.02],[-38.1368,-0.0274],[-38.122,-0.0349],[-38.1072,-0.0425],[-38.0924,-0.0502],[-38.0776,-0.0579],[-38.0629,-0.0657],[-38.0483,-0.0736],[-38.0336,-0.0815],[-38.019,-0.0895],[-38.0045,-0.0976],[-37.99,-0.1058],[-37.9755,-0.1141],[-37.9611,-0.1224],[-37.9467,-0.1308],[-37.9323,-0.1392],[-37.918,-0.1478],[-37.9038,-0.1564],[-37.8853,-0.1671],[-37.8704,-0.1744],[-37.8599,-0.1793],[-37.8448,-0.1863],[-37.8298,-0.1935],[-37.8148,-0.2007],[-37.7998,-0.2079],[-37.7849,-0.2153],[-37.77,-0.2227],[-37.7551,-0.2302],[-37.7403,-0.2378],[-37.7255,-0.2455],[-37.7107,-0.2532],[-37.696,-0.261],[-37.6814,-0.2689],[-37.6667,-0.2768],[-37.6521,-0.2848],[-37.6376,-0.2929],[-37.6231,-0.3011],[-37.6086,-0.3093],[-37.5941,-0.3176],[-37.5798,-0.326],[-37.5654,-0.3345],[-37.5511,-0.343],[-37.5368,-0.3516],[-37.5226,-0.3603],[-37.5084,-0.369],[-37.4943,-0.3778],[-37.4802,-0.3867],[-37.4662,-0.3957],[-37.4522,-0.4047],[-37.4382,-0.4138],[-37.4243,-0.423],[-37.4104,-0.4322],[-37.3966,-0.4415],[-37.3828,-0.4509],[-37.3691,-0.4603],[-37.3554,-0.4699],[-37.3418,-0.4794],[-37.3282,-0.4891],[-37.3147,-0.4988],[-37.3012,-0.5086],[-37.2877,-0.5185],[-37.2743,-0.5284],[-37.2605,-0.5386],[-37.2924,-0.5997],[-37.3313,-0.6969],[-38.4329,-3.7734],[-38.4335,-3.7751],[-38.4335,-3.7751]]]}},{"type":"Feature","id":"barreirinhas","properties":{"id":"barreirinhas","name":"Barreirinhas_Mar","display_name":"Bacia de Barreirinhas","bbox":[-44.4131,-2.7597,-41.0253,1.0501],"area_km2":90345.4},"geometry":{"type":"Polygon","coordinates":[[[-43.9481,-2.5919],[-43.9942,-2.5798],[-44.0366,-2.5595],[-44.0357,-2.5562],[-44.0354,-2.5406],[-44.0312,-2.5305],[-44.0266,-2.5245],[-44.0265,-2.5243],[-44.0251,-2.517],[-44.0242,-2.5151],[-44.0231,-2.5128],[-44.0249,-2.5074],[-44.0343,-2.4929],[-44.0394,-2.4872],[-44.0435,-2.4825],[-44.049,-2.4752],[-44.0492,-2.475],[-44.0507,-2.4737],[-44.0527,-2.473],[-44.0594,-2.4649],[-44.0609,-2.4628],[-44.0636,-2.4625],[-44.0681,-2.4629],[-44.0722,-2.4634],[-44.0758,-2.4624],[-44.0765,-2.4622],[-44.0795,-2.4623],[-44.0805,-2.4624],[-44.0864,-2.4639],[-44.0884,-2.4648],[-44.0939,-2.4591],[-44.0934,-2.4578],[-44.0905,-2.4554],[-44.0821,-2.4552],[-44.0789,-2.4532],[-44.0752,-2.4508],[-44.0712,-2.4501],[-44.0705,-2.4529],[-44.0687,-2.4536],[-44.0667,-2.4524],[-44.0657,-2.4498],[-44.0593,-2.4469],[-44.0576,-2.4472],[-44.0543,-2.4466],[-44.0503,-2.4445],[-44.0472,-2.4462],[-44.0435,-2.4466],[-44.043,-2.4485],[-44.0429,-2.4486],[-44.0409,-2.4498],[-44.0369,-2.4507],[-44.0354,-2.4499],[-44.0315,-2.4497],[-44.0256,-2.4541],[-44.0227,-2.4544],[-44.0201,-2.4527],[-44.0191,-2.448],[-44.0198,-2.4463],[-44.0225,-2.4406],[-44.0222,-2.4374],[-44.0226,-2.4313],[-44.0246,-2.4215],[-44.0244,-2.4203],[-44.0231,-2.4115],[-44.0231,-2.4113],[-44.0219,-2.4082],[-44.0217,-2.4077],[-44.0212,-2.4027],[-44.0216,-2.4008],[-44.0225,-2.4008],[-44.0235,-2.4016],[-44.0242,-2.4059],[-44.0275,-2.4091],[-44.0289,-2.4097],[-44.0308,-2.4093],[-44.0381,-2.4048],[-44.045,-2.406],[-44.0564,-2.4037],[-44.0679,-2.4034],[-44.0819,-2.4048],[-44.0875,-2.4048],[-44.0906,-2.4056],[-44.0934,-2.4079],[-44.093,-2.4105],[-44.0989,-2.4144],[-44.1017,-2.4141],[-44.1047,-2.4157],[-44.107,-2.4178],[-44.107,-2.4178],[-44.1089,-2.4285],[-44.1103,-2.431],[-44.1115,-2.4311],[-44.1123,-2.4299],[-44.1119,-2.4265],[-44.111,-2.4255],[-44.1111,-2.4237],[-44.1112,-2.4209],[-44.1125,-2.4201],[-44.1145,-2.4205],[-44.1172,-2.421],[-44.1199,-2.4227],[-44.1237,-2.4241],[-44.1264,-2.425],[-44.1273,-2.4264],[-44.127,-2.4273],[-44.127,-2.4273],[-44.1205,-2.4295],[-44.12,-2.4303],[-44.1197,-2.4307],[-44.1198,-2.431],[-44.12,-2.4313],[-44.1214,-2.4314],[-44.1256,-2.43],[-44.1275,-2.4304],[-44.1308,-2.4311],[-44.1318,-2.4305],[-44.1347,-2.4308],[-44.137,-2.4331],[-44.1379,-2.4352],[-44.1393,-2.4383],[-44.1414,-2.4406],[-44.1413,-2.4413],[-44.1413,-2.4413],[-44.1436,-2.4445],[-44.146,-2.4477],[-44.1483,-2.4481],[-44.1506,-2.4495],[-44.151,-2.4497],[-44.157,-2.4503],[-44.1597,-2.4511],[-44.1608,-2.4514],[-44.1635,-2.4555],[-44.1642,-2.4589],[-44.1648,-2.4618],[-44.1648,-2.4618],[-44.1682,-2.4628],[-44.1716,-2.4637],[-44.1716,-2.4637],[-44.1772,-2.4632],[-44.1814,-2.4628],[-44.1832,-2.4629],[-44.1866,-2.4631],[-44.1902,-2.4655],[-44.1911,-2.4662],[-44.1997,-2.4676],[-44.204,-2.4695],[-44.2066,-2.4706],[-44.2109,-2.4715],[-44.2136,-2.4721],[-44.2155,-2.4745],[-44.2178,-2.4773],[-44.2198,-2.4782],[-44.2235,-2.4799],[-44.2287,-2.4807],[-44.2338,-2.4807],[-44.2445,-2.4824],[-44.2524,-2.4826],[-44.2525,-2.4827],[-44.264,-2.4849],[-44.2756,-2.4871],[-44.2757,-2.4871],[-44.2831,-2.4873],[-44.292,-2.4857],[-44.296,-2.486],[-44.2982,-2.4866],[-44.2998,-2.4871],[-44.3016,-2.4886],[-44.3049,-2.4926],[-44.3075,-2.4958],[-44.3095,-2.4974],[-44.3109,-2.4985],[-44.311,-2.4985],[-44.3136,-2.4998],[-44.3263,-2.5004],[-44.3745,-2.4546],[-44.4131,-2.4134],[-44.4091,-2.4104],[-44.4075,-2.4092],[-44.4001,-2.4089],[-44.4033,-2.4139],[-44.3996,-2.4157],[-44.3864,-2.4086],[-44.3739,-2.3902],[-44.3703,-2.3708],[-44.3765,-2.3601],[-44.3783,-2.357],[-44.3986,-2.3551],[-44.3781,-2.3545],[-44.3759,-2.3593],[-44.3721,-2.361],[-44.3706,-2.3532],[-44.3623,-2.3482],[-44.3563,-2.3395],[-44.3594,-2.329],[-44.3571,-2.3266],[-44.3763,-2.2799],[-44.3898,-2.2762],[-44.393,-2.2841],[-44.3907,-2.2748],[-44.3792,-2.276],[-44.3913,-2.2447],[-44.3933,-2.2234],[-44.3964,-2.2214],[-44.3962,-2.221],[-42.5517,0.9423],[-42.483,1.0501],[-42.4714,1.0382],[-42.4598,1.0262],[-42.4482,1.0141],[-42.4367,1.002],[-42.4253,0.9899],[-42.4139,0.9777],[-42.4026,0.9654],[-42.3914,0.953],[-42.3802,0.9407],[-42.3691,0.9282],[-42.358,0.9157],[-42.347,0.9032],[-42.3361,0.8905],[-42.3238,0.8775],[-42.308,0.8725],[-42.2921,0.8675],[-42.2763,0.8624],[-42.2604,0.8572],[-42.2447,0.852],[-42.2289,0.8466],[-42.2132,0.8412],[-42.1975,0.8357],[-42.1818,0.8302],[-42.1661,0.8245],[-42.1505,0.8188],[-42.1349,0.813],[-42.1193,0.8071],[-42.1038,0.8011],[-42.0881,0.795],[-42.0725,0.7894],[-42.0568,0.7837],[-42.0412,0.7779],[-42.0257,0.772],[-42.0101,0.7661],[-41.9946,0.7601],[-41.9791,0.754],[-41.9637,0.7478],[-41.9482,0.7415],[-41.9328,0.7352],[-41.9175,0.7288],[-41.9022,0.7223],[-41.8869,0.7157],[-41.8716,0.7091],[-41.8564,0.7024],[-41.8386,0.6945],[-41.8233,0.6882],[-41.8079,0.6817],[-41.7926,0.6752],[-41.7773,0.6686],[-41.7621,0.6619],[-41.7469,0.6551],[-41.7317,0.6483],[-41.7165,0.6414],[-41.7014,0.6344],[-41.6929,0.6316],[-41.6771,0.6263],[-41.6659,0.6257],[-41.6493,0.6249],[-41.6327,0.6239],[-41.6161,0.6229],[-41.5995,0.6218],[-41.5829,0.6206],[-41.5663,0.6193],[-41.5498,0.6179],[-41.5332,0.6165],[-41.5166,0.615],[-41.5001,0.6134],[-41.4835,0.6117],[-41.467,0.6099],[-41.4505,0.608],[-41.434,0.6061],[-41.4175,0.6041],[-41.401,0.6019],[-41.3845,0.5998],[-41.368,0.5975],[-41.3515,0.5951],[-41.3351,0.5927],[-41.3186,0.5902],[-41.3022,0.5875],[-41.2858,0.5849],[-41.2694,0.5821],[-41.253,0.5792],[-41.2367,0.5763],[-41.2203,0.5733],[-41.204,0.5702],[-41.1876,0.567],[-41.1713,0.5637],[-41.155,0.5604],[-41.1388,0.557],[-41.1225,0.5534],[-41.1063,0.5499],[-41.09,0.5462],[-41.0738,0.5424],[-41.0576,0.5386],[-41.0415,0.5347],[-41.0253,0.5307],[-41.0538,0.4292],[-41.8247,-2.7194],[-41.8248,-2.7197],[-41.8598,-2.7236],[-41.8951,-2.7177],[-41.9114,-2.7187],[-41.9149,-2.7218],[-41.955,-2.7187],[-41.9623,-2.7229],[-41.9749,-2.7234],[-42.0064,-2.7154],[-42.0171,-2.7179],[-42.0125,-2.7324],[-42.0247,-2.7597],[-42.0306,-2.745],[-42.0581,-2.7038],[-42.06,-2.6939],[-42.051,-2.6929],[-42.0506,-2.6896],[-42.0646,-2.6866],[-42.0836,-2.6874],[-42.1121,-2.694],[-42.1582,-2.6959],[-42.2124,-2.6844],[-42.2177,-2.6858],[-42.2214,-2.691],[-42.2136,-2.6916],[-42.2132,-2.702],[-42.2251,-2.6895],[-42.221,-2.6679],[-42.2285,-2.6675],[-42.2389,-2.6682],[-42.2656,-2.691],[-42.2751,-2.6951],[-42.3041,-2.6946],[-42.3168,-2.6855],[-42.3245,-2.6842],[-42.3298,-2.6937],[-42.3692,-2.7111],[-42.4345,-2.7072],[-42.4745,-2.693],[-42.4844,-2.6929],[-42.4796,-2.7128],[-42.4838,-2.7105],[-42.5046,-2.6806],[-42.5446,-2.6878],[-42.5509,-2.6822],[-42.5675,-2.6779],[-42.5984,-2.6604],[-42.6423,-2.6272],[-42.7112,-2.5577],[-42.7341,-2.5508],[-42.7382,-2.5511],[-42.742,-2.5562],[-42.7585,-2.5644],[-42.7935,-2.5604],[-42.8432,-2.533],[-42.9483,-2.4831],[-42.9886,-2.4685],[-43.0166,-2.4543],[-43.0156,-2.4563],[-43.106,-2.4096],[-43.1631,-2.388],[-43.1855,-2.3739],[-43.3048,-2.3392],[-43.3261,-2.3367],[-43.3353,-2.3356],[-43.3407,-2.3402],[-43.3725,-2.333],[-43.3748,-2.3316],[-43.3748,-2.3313],[-43.3763,-2.3306],[-43.3768,-2.328],[-43.3781,-2.3269],[-43.3798,-2.3268],[-43.3872,-2.3302],[-43.3933,-2.332],[-43.4007,-2.3323],[-43.4179,-2.3315],[-43.4302,-2.3323],[-43.4374,-2.3334],[-43.4449,-2.3356],[-43.4506,-2.3391],[-43.4539,-2.3424],[-43.4627,-2.3522],[-43.4699,-2.3583],[-43.4741,-2.363],[-43.4775,-2.3689],[-43.4781,-2.3711],[-43.4803,-2.3785],[-43.4804,-2.3786],[-43.4805,-2.3795],[-43.4806,-2.38],[-43.4808,-2.3814],[-43.4794,-2.385],[-43.4794,-2.385],[-43.4765,-2.3864],[-43.4718,-2.3872],[-43.4643,-2.3898],[-43.466,-2.397],[-43.4687,-2.4028],[-43.47,-2.4053],[-43.4691,-2.4079],[-43.4678,-2.4096],[-43.4663,-2.4116],[-43.4618,-2.4158],[-43.4594,-2.4243],[-43.4587,-2.4357],[-43.4563,-2.4427],[-43.4559,-2.4438],[-43.4558,-2.4488],[-43.4552,-2.4511],[-43.4536,-2.4534],[-43.453,-2.4554],[-43.4513,-2.4569],[-43.4503,-2.4654],[-43.4504,-2.4686],[-43.4577,-2.4692],[-43.4646,-2.4684],[-43.4675,-2.4623],[-43.4688,-2.4569],[-43.4697,-2.4556],[-43.4708,-2.454],[-43.4737,-2.4544],[-43.4748,-2.4572],[-43.4747,-2.4628],[-43.48,-2.4659],[-43.4863,-2.468],[-43.4896,-2.4673],[-43.4934,-2.4693],[-43.4954,-2.4719],[-43.4959,-2.4745],[-43.5001,-2.4748],[-43.5042,-2.4739],[-43.5068,-2.4713],[-43.5081,-2.472],[-43.5118,-2.4769],[-43.5144,-2.4772],[-43.5159,-2.4762],[-43.5207,-2.4771],[-43.5218,-2.4767],[-43.5212,-2.4744],[-43.5191,-2.4716],[-43.5144,-2.4692],[-43.5141,-2.4661],[-43.517,-2.4567],[-43.5167,-2.4508],[-43.5127,-2.4413],[-43.5118,-2.4366],[-43.5112,-2.433],[-43.5119,-2.431],[-43.5142,-2.4247],[-43.519,-2.4201],[-43.5141,-2.4096],[-43.5096,-2.4083],[-43.5071,-2.4053],[-43.5061,-2.4027],[-43.5071,-2.3992],[-43.5051,-2.3891],[-43.5054,-2.3835],[-43.5089,-2.3767],[-43.513,-2.3706],[-43.5158,-2.3664],[-43.5202,-2.3639],[-43.5259,-2.3628],[-43.5285,-2.3629],[-43.5384,-2.3556],[-43.5386,-2.3513],[-43.5402,-2.3512],[-43.5436,-2.3562],[-43.544,-2.3583],[-43.5456,-2.36],[-43.5476,-2.3605],[-43.548,-2.3604],[-43.5512,-2.3599],[-43.5537,-2.3585],[-43.5539,-2.3584],[-43.5577,-2.355],[-43.5724,-2.359],[-43.5819,-2.36],[-43.5858,-2.3626],[-43.5962,-2.3663],[-43.5964,-2.3664],[-43.5978,-2.3674],[-43.5979,-2.3688],[-43.6012,-2.3714],[-43.6053,-2.3718],[-43.6105,-2.3744],[-43.6146,-2.38],[-43.6135,-2.3844],[-43.6135,-2.3846],[-43.6134,-2.3847],[-43.6106,-2.3862],[-43.61,-2.3871],[-43.61,-2.3871],[-43.6058,-2.3901],[-43.6099,-2.3928],[-43.6106,-2.3941],[-43.6088,-2.3961],[-43.6047,-2.3983],[-43.6054,-2.4034],[-43.6035,-2.4075],[-43.6024,-2.4126],[-43.6023,-2.4127],[-43.6006,-2.4137],[-43.5894,-2.4204],[-43.5876,-2.4223],[-43.5858,-2.4242],[-43.5832,-2.4258],[-43.5795,-2.4268],[-43.5783,-2.4264],[-43.5755,-2.4268],[-43.5735,-2.4271],[-43.5728,-2.4271],[-43.5636,-2.4265],[-43.5595,-2.4244],[-43.555,-2.4258],[-43.5514,-2.4293],[-43.5543,-2.434],[-43.5567,-2.4395],[-43.5567,-2.4396],[-43.5568,-2.4397],[-43.5571,-2.4416],[-43.5574,-2.4433],[-43.558,-2.4473],[-43.5585,-2.4502],[-43.559,-2.4532],[-43.5584,-2.4593],[-43.5535,-2.4714],[-43.5507,-2.4749],[-43.5475,-2.4789],[-43.5473,-2.4791],[-43.5424,-2.4805],[-43.5407,-2.481],[-43.5413,-2.483],[-43.5479,-2.4856],[-43.5489,-2.4881],[-43.5509,-2.5002],[-43.5526,-2.5032],[-43.5539,-2.5031],[-43.5539,-2.5031],[-43.5539,-2.5031],[-43.5548,-2.5008],[-43.5548,-2.495],[-43.5542,-2.4933],[-43.5542,-2.4863],[-43.5527,-2.4833],[-43.5529,-2.4775],[-43.5538,-2.4761],[-43.5562,-2.4753],[-43.5578,-2.4757],[-43.5592,-2.4771],[-43.5642,-2.4865],[-43.5742,-2.4933],[-43.5787,-2.4976],[-43.5826,-2.5045],[-43.5896,-2.4999],[-43.5954,-2.4934],[-43.5938,-2.492],[-43.5886,-2.4911],[-43.585,-2.4893],[-43.5733,-2.4774],[-43.5722,-2.4739],[-43.5747,-2.466],[-43.5785,-2.4616],[-43.5808,-2.4604],[-43.5852,-2.4609],[-43.5898,-2.4651],[-43.5905,-2.4714],[-43.5924,-2.4743],[-43.6027,-2.4832],[-43.6055,-2.488],[-43.6068,-2.4932],[-43.6059,-2.4982],[-43.6052,-2.4996],[-43.6044,-2.5011],[-43.6015,-2.5019],[-43.6012,-2.5063],[-43.6116,-2.5107],[-43.6153,-2.5135],[-43.6154,-2.5162],[-43.6135,-2.5237],[-43.6135,-2.5257],[-43.6146,-2.5277],[-43.614,-2.529],[-43.614,-2.529],[-43.6136,-2.535],[-43.6165,-2.5348],[-43.6189,-2.5359],[-43.6189,-2.5373],[-43.6209,-2.5396],[-43.6243,-2.5422],[-43.6259,-2.5448],[-43.6276,-2.5396],[-43.6264,-2.5314],[-43.6238,-2.5239],[-43.6246,-2.5163],[-43.6246,-2.5163],[-43.6294,-2.5078],[-43.6382,-2.4925],[-43.6392,-2.492],[-43.6406,-2.4926],[-43.6405,-2.4957],[-43.6415,-2.4984],[-43.6494,-2.4998],[-43.65,-2.4997],[-43.6522,-2.4994],[-43.6531,-2.4987],[-43.6548,-2.4991],[-43.6558,-2.4998],[-43.6562,-2.5068],[-43.6597,-2.5156],[-43.6609,-2.5165],[-43.6615,-2.5154],[-43.6607,-2.5108],[-43.6596,-2.5087],[-43.6593,-2.5038],[-43.6597,-2.503],[-43.6597,-2.503],[-43.6617,-2.4997],[-43.6617,-2.4985],[-43.6604,-2.4965],[-43.6561,-2.4929],[-43.6552,-2.4924],[-43.6531,-2.4911],[-43.653,-2.491],[-43.6511,-2.4899],[-43.6503,-2.4881],[-43.6503,-2.4863],[-43.653,-2.4845],[-43.6591,-2.4827],[-43.6612,-2.4835],[-43.6642,-2.4856],[-43.6672,-2.4893],[-43.675,-2.5016],[-43.6776,-2.5056],[-43.6806,-2.5087],[-43.683,-2.5124],[-43.6834,-2.5136],[-43.6843,-2.5164],[-43.6847,-2.5205],[-43.6838,-2.5317],[-43.6883,-2.5333],[-43.6884,-2.5332],[-43.6899,-2.5291],[-43.691,-2.5276],[-43.6919,-2.5266],[-43.6938,-2.5254],[-43.707,-2.5253],[-43.7124,-2.5195],[-43.702,-2.5192],[-43.701,-2.5184],[-43.701,-2.5172],[-43.7043,-2.513],[-43.7071,-2.514],[-43.7088,-2.5129],[-43.7081,-2.5059],[-43.7055,-2.5045],[-43.7058,-2.5019],[-43.7073,-2.5009],[-43.7094,-2.498],[-43.712,-2.4921],[-43.7135,-2.4916],[-43.7179,-2.4902],[-43.7219,-2.4905],[-43.7279,-2.4923],[-43.7381,-2.4975],[-43.7388,-2.4952],[-43.7374,-2.493],[-43.7349,-2.4909],[-43.7266,-2.4878],[-43.7185,-2.4859],[-43.7161,-2.4845],[-43.7153,-2.4827],[-43.7153,-2.481],[-43.7161,-2.4794],[-43.7165,-2.4787],[-43.7209,-2.4773],[-43.727,-2.4784],[-43.7365,-2.4823],[-43.7404,-2.4861],[-43.7442,-2.492],[-43.7467,-2.498],[-43.7491,-2.5064],[-43.7482,-2.5125],[-43.7524,-2.512],[-43.7548,-2.5093],[-43.7578,-2.5077],[-43.7594,-2.5084],[-43.7619,-2.5116],[-43.7641,-2.5145],[-43.7658,-2.5156],[-43.7712,-2.5194],[-43.7736,-2.522],[-43.7754,-2.524],[-43.7767,-2.5254],[-43.7778,-2.5251],[-43.7778,-2.5251],[-43.778,-2.523],[-43.7793,-2.5224],[-43.7806,-2.5227],[-43.7824,-2.5253],[-43.7859,-2.5213],[-43.7826,-2.5151],[-43.7768,-2.5094],[-43.7695,-2.4998],[-43.7695,-2.496],[-43.7732,-2.4926],[-43.7768,-2.487],[-43.7795,-2.4868],[-43.7805,-2.4878],[-43.786,-2.4852],[-43.7878,-2.4839],[-43.7924,-2.4845],[-43.7924,-2.4845],[-43.7908,-2.475],[-43.7873,-2.4728],[-43.7854,-2.4744],[-43.7815,-2.4744],[-43.7728,-2.4727],[-43.7712,-2.4715],[-43.7669,-2.4701],[-43.763,-2.4672],[-43.7583,-2.4624],[-43.7539,-2.4554],[-43.749,-2.45],[-43.7485,-2.4472],[-43.7501,-2.4457],[-43.7541,-2.4442],[-43.7517,-2.4417],[-43.7499,-2.4411],[-43.749,-2.4395],[-43.7493,-2.4365],[-43.7471,-2.4337],[-43.7437,-2.4313],[-43.7417,-2.4322],[-43.74,-2.4322],[-43.7384,-2.4307],[-43.7384,-2.4281],[-43.7365,-2.4259],[-43.7315,-2.4296],[-43.7285,-2.4301],[-43.7279,-2.4307],[-43.7225,-2.431],[-43.7185,-2.4295],[-43.7125,-2.4305],[-43.7105,-2.4303],[-43.7012,-2.4264],[-43.6969,-2.4207],[-43.6967,-2.4189],[-43.6965,-2.4179],[-43.6944,-2.4142],[-43.6944,-2.4142],[-43.6911,-2.4147],[-43.6887,-2.4132],[-43.6858,-2.4105],[-43.6805,-2.4086],[-43.6794,-2.4088],[-43.6771,-2.4077],[-43.676,-2.4064],[-43.676,-2.4064],[-43.6715,-2.4034],[-43.6701,-2.4033],[-43.6668,-2.4034],[-43.6659,-2.4036],[-43.6659,-2.4044],[-43.6587,-2.406],[-43.6532,-2.4056],[-43.6532,-2.4056],[-43.6463,-2.4027],[-43.6431,-2.4002],[-43.6418,-2.397],[-43.6413,-2.395],[-43.6407,-2.392],[-43.6397,-2.388],[-43.6397,-2.3877],[-43.6397,-2.3867],[-43.6397,-2.3857],[-43.6397,-2.3848],[-43.6376,-2.3821],[-43.6364,-2.3811],[-43.6311,-2.3719],[-43.6314,-2.3707],[-43.6293,-2.3653],[-43.6264,-2.3542],[-43.6275,-2.3541],[-43.6294,-2.3505],[-43.6271,-2.34],[-43.6271,-2.34],[-43.6271,-2.3399],[-43.6245,-2.335],[-43.6234,-2.333],[-43.6236,-2.3317],[-43.6246,-2.3304],[-43.624,-2.3263],[-43.6227,-2.325],[-43.6214,-2.3144],[-43.617,-2.3048],[-43.6171,-2.3025],[-43.619,-2.302],[-43.622,-2.3048],[-43.6233,-2.3075],[-43.6235,-2.3075],[-43.6272,-2.3074],[-43.6318,-2.3082],[-43.6353,-2.3105],[-43.64,-2.3127],[-43.6471,-2.3144],[-43.6543,-2.3188],[-43.6601,-2.3212],[-43.663,-2.3237],[-43.6628,-2.3267],[-43.6588,-2.3316],[-43.6588,-2.3316],[-43.6498,-2.3387],[-43.646,-2.3427],[-43.6469,-2.3462],[-43.6488,-2.3483],[-43.6544,-2.3503],[-43.6601,-2.3512],[-43.6609,-2.3493],[-43.6603,-2.3475],[-43.6586,-2.3454],[-43.6516,-2.345],[-43.6513,-2.3439],[-43.656,-2.3416],[-43.6565,-2.3384],[-43.6607,-2.3351],[-43.6647,-2.3298],[-43.6677,-2.3286],[-43.6711,-2.3286],[-43.674,-2.3308],[-43.6747,-2.3322],[-43.675,-2.3391],[-43.674,-2.3459],[-43.674,-2.3461],[-43.6736,-2.3559],[-43.674,-2.3641],[-43.6721,-2.3652],[-43.6701,-2.3641],[-43.6691,-2.3606],[-43.6668,-2.3596],[-43.6634,-2.3602],[-43.6602,-2.3656],[-43.6602,-2.3656],[-43.6575,-2.366],[-43.6565,-2.3674],[-43.6563,-2.3694],[-43.6573,-2.3708],[-43.6592,-2.3718],[-43.6612,-2.3714],[-43.6624,-2.3705],[-43.6626,-2.3678],[-43.6635,-2.3667],[-43.6668,-2.3656],[-43.6687,-2.3664],[-43.6698,-2.368],[-43.6728,-2.3694],[-43.6748,-2.3689],[-43.6752,-2.3688],[-43.6764,-2.3685],[-43.6772,-2.3683],[-43.6786,-2.3664],[-43.6785,-2.3662],[-43.6783,-2.363],[-43.6783,-2.3614],[-43.6782,-2.36],[-43.6812,-2.3579],[-43.6853,-2.354],[-43.6791,-2.3509],[-43.6785,-2.3497],[-43.6785,-2.3497],[-43.6794,-2.3488],[-43.688,-2.3486],[-43.6909,-2.3471],[-43.6927,-2.3445],[-43.6926,-2.3434],[-43.6917,-2.3424],[-43.6881,-2.3426],[-43.6835,-2.3447],[-43.6821,-2.3448],[-43.6821,-2.3448],[-43.6809,-2.3439],[-43.6803,-2.339],[-43.6803,-2.339],[-43.6838,-2.3326],[-43.6852,-2.3319],[-43.6898,-2.3342],[-43.6918,-2.3304],[-43.6903,-2.3269],[-43.6871,-2.3263],[-43.683,-2.3277],[-43.6828,-2.3277],[-43.6797,-2.3274],[-43.6795,-2.3274],[-43.6794,-2.3274],[-43.6784,-2.3263],[-43.6775,-2.3218],[-43.6729,-2.314],[-43.6723,-2.3089],[-43.667,-2.3066],[-43.6661,-2.3052],[-43.6661,-2.3051],[-43.6672,-2.3033],[-43.6718,-2.2992],[-43.6718,-2.2992],[-43.6736,-2.2967],[-43.6741,-2.291],[-43.6741,-2.291],[-43.6733,-2.2895],[-43.6718,-2.2892],[-43.6718,-2.2892],[-43.67,-2.2896],[-43.6683,-2.2973],[-43.6659,-2.3003],[-43.6627,-2.3007],[-43.6588,-2.3004],[-43.6531,-2.2939],[-43.6468,-2.2855],[-43.6424,-2.2816],[-43.6424,-2.2747],[-43.6417,-2.2737],[-43.6354,-2.2817],[-43.6263,-2.2822],[-43.6175,-2.2796],[-43.616,-2.2783],[-43.616,-2.2745],[-43.6167,-2.2739],[-43.6199,-2.2707],[-43.6187,-2.2695],[-43.6173,-2.2699],[-43.6099,-2.277],[-43.6081,-2.2779],[-43.6038,-2.2767],[-43.6004,-2.2747],[-43.5978,-2.2703],[-43.5976,-2.2677],[-43.5982,-2.2642],[-43.5998,-2.2603],[-43.6101,-2.2523],[-43.6132,-2.2493],[-43.6232,-2.2484],[-43.6249,-2.2487],[-43.6349,-2.2556],[-43.645,-2.2572],[-43.6547,-2.2618],[-43.6633,-2.2634],[-43.6642,-2.2647],[-43.662,-2.2678],[-43.662,-2.2678],[-43.6624,-2.2701],[-43.6638,-2.2713],[-43.6703,-2.2744],[-43.6816,-2.2776],[-43.6836,-2.2769],[-43.6836,-2.2768],[-43.6852,-2.2734],[-43.6888,-2.2733],[-43.6931,-2.2744],[-43.7001,-2.2781],[-43.7046,-2.2805],[-43.7137,-2.2835],[-43.7183,-2.286],[-43.722,-2.2893],[-43.7215,-2.2914],[-43.7203,-2.2919],[-43.7149,-2.2891],[-43.7081,-2.2883],[-43.7081,-2.2883],[-43.7096,-2.2926],[-43.7183,-2.296],[-43.7202,-2.296],[-43.7258,-2.2931],[-43.7275,-2.2943],[-43.7259,-2.296],[-43.7263,-2.3011],[-43.726,-2.3075],[-43.7273,-2.3103],[-43.728,-2.3103],[-43.729,-2.3113],[-43.7295,-2.3154],[-43.7289,-2.3165],[-43.724,-2.3139],[-43.72,-2.3135],[-43.7169,-2.3151],[-43.707,-2.3227],[-43.707,-2.3249],[-43.7094,-2.3259],[-43.7134,-2.3246],[-43.7173,-2.3203],[-43.7202,-2.3187],[-43.7203,-2.3187],[-43.7243,-2.3186],[-43.7253,-2.319],[-43.7262,-2.3193],[-43.7263,-2.3194],[-43.7275,-2.3208],[-43.7277,-2.321],[-43.7279,-2.3282],[-43.729,-2.3323],[-43.731,-2.3348],[-43.7395,-2.3413],[-43.7428,-2.3464],[-43.7435,-2.3522],[-43.7374,-2.364],[-43.7366,-2.3663],[-43.7366,-2.3663],[-43.7331,-2.3709],[-43.733,-2.3723],[-43.7329,-2.3746],[-43.734,-2.3787],[-43.7357,-2.3814],[-43.7419,-2.3844],[-43.7479,-2.3794],[-43.7541,-2.3725],[-43.7589,-2.3689],[-43.765,-2.3675],[-43.7718,-2.369],[-43.7782,-2.3696],[-43.7816,-2.3709],[-43.7856,-2.374],[-43.7919,-2.3813],[-43.7919,-2.3813],[-43.7925,-2.3842],[-43.7912,-2.3898],[-43.7969,-2.3929],[-43.8051,-2.3908],[-43.8085,-2.3917],[-43.8117,-2.394],[-43.816,-2.3995],[-43.8206,-2.4032],[-43.8289,-2.4125],[-43.829,-2.4126],[-43.84,-2.4204],[-43.8414,-2.4222],[-43.8434,-2.4249],[-43.8436,-2.4252],[-43.8433,-2.427],[-43.8402,-2.4294],[-43.8386,-2.4295],[-43.8363,-2.4282],[-43.8333,-2.4252],[-43.8301,-2.425],[-43.8299,-2.4278],[-43.8326,-2.4308],[-43.8326,-2.4332],[-43.83,-2.4342],[-43.8271,-2.4342],[-43.8275,-2.4383],[-43.8284,-2.4407],[-43.8356,-2.4527],[-43.8358,-2.4548],[-43.8371,-2.4566],[-43.8392,-2.457],[-43.841,-2.4562],[-43.8418,-2.4543],[-43.8433,-2.4524],[-43.846,-2.4523],[-43.8472,-2.4537],[-43.847,-2.4557],[-43.8466,-2.4565],[-43.8454,-2.4589],[-43.8452,-2.4621],[-43.848,-2.4808],[-43.8477,-2.4834],[-43.8454,-2.4877],[-43.8444,-2.491],[-43.8486,-2.4908],[-43.8502,-2.4922],[-43.8502,-2.4939],[-43.8482,-2.498],[-43.8481,-2.5013],[-43.8481,-2.5014],[-43.8504,-2.5133],[-43.8506,-2.5143],[-43.8506,-2.5191],[-43.8506,-2.5192],[-43.8479,-2.5245],[-43.8459,-2.5284],[-43.856,-2.5299],[-43.8575,-2.5307],[-43.861,-2.5361],[-43.8676,-2.5345],[-43.8672,-2.5261],[-43.8663,-2.5231],[-43.8667,-2.5203],[-43.8705,-2.5213],[-43.8748,-2.5201],[-43.8765,-2.5202],[-43.8782,-2.5228],[-43.8732,-2.5362],[-43.8731,-2.5364],[-43.8729,-2.5392],[-43.8765,-2.5405],[-43.8772,-2.5324],[-43.8787,-2.5308],[-43.8802,-2.5303],[-43.8799,-2.5376],[-43.8792,-2.5414],[-43.8787,-2.5441],[-43.8799,-2.5451],[-43.88,-2.547],[-43.8803,-2.5531],[-43.8828,-2.5518],[-43.8848,-2.5521],[-43.8854,-2.5542],[-43.8877,-2.5539],[-43.8878,-2.5441],[-43.889,-2.5388],[-43.8918,-2.5307],[-43.8931,-2.5287],[-43.8946,-2.5281],[-43.896,-2.5304],[-43.8961,-2.5325],[-43.8934,-2.5418],[-43.8925,-2.5532],[-43.8905,-2.5601],[-43.8905,-2.5617],[-43.8887,-2.5629],[-43.8854,-2.5696],[-43.8861,-2.5807],[-43.8884,-2.583],[-43.8921,-2.5828],[-43.896,-2.5734],[-43.8961,-2.5698],[-43.9041,-2.5626],[-43.9083,-2.5624],[-43.9094,-2.5605],[-43.9116,-2.5565],[-43.9135,-2.555],[-43.9193,-2.5532],[-43.9238,-2.5535],[-43.9261,-2.5545],[-43.9281,-2.5571],[-43.931,-2.5609],[-43.9315,-2.5616],[-43.9317,-2.563],[-43.9317,-2.563],[-43.9325,-2.5643],[-43.9335,-2.5705],[-43.9329,-2.5739],[-43.9325,-2.5757],[-43.9348,-2.5798],[-43.9377,-2.5832],[-43.9378,-2.5851],[-43.9365,-2.5873],[-43.9361,-2.5891],[-43.936,-2.5893],[-43.9371,-2.5901],[-43.9384,-2.5899],[-43.9399,-2.5868],[-43.9405,-2.5854],[-43.9427,-2.5868],[-43.943,-2.588],[-43.9471,-2.5906],[-43.9481,-2.5919]]]}},{"type":"Feature","id":"para-maranhao","properties":{"id":"para-maranhao","name":"Pará-Maranhão","display_name":"Bacia do Pará-Maranhão","bbox":[-47.8716,-2.2323,-42.483,2.3791],"area_km2":157678.4},"geometry":{"type":"Polygon","coordinates":[[[-46.4291,-1.0658],[-46.4306,-1.0536],[-46.4258,-1.0477],[-46.4168,-1.0502],[-46.413,-1.0402],[-46.4133,-1.0202],[-46.4275,-1.0142],[-46.4453,-1.0212],[-46.4616,-1.0179],[-46.4614,-1.0247],[-46.4521,-1.0286],[-46.4544,-1.0325],[-46.4658,-1.0299],[-46.4711,-1.0395],[-46.469,-1.0537],[-46.4768,-1.0436],[-46.4834,-1.0381],[-46.4761,-1.034],[-46.4723,-1.0233],[-46.4738,-1.0173],[-46.4806,-1.0206],[-46.4787,-1.0106],[-46.487,-1.0007],[-46.478,-0.9983],[-46.4726,-1.0048],[-46.4649,-1.0002],[-46.4647,-0.9765],[-46.4712,-0.9713],[-46.5006,-0.9737],[-46.4916,-0.9647],[-46.4934,-0.9611],[-46.4833,-0.9623],[-46.4747,-0.9566],[-46.4811,-0.9441],[-46.4724,-0.949],[-46.466,-0.9432],[-46.4733,-0.9398],[-46.4692,-0.9358],[-46.4738,-0.9288],[-46.4822,-0.9337],[-46.4842,-0.9314],[-46.4798,-0.9251],[-46.4687,-0.9209],[-46.4691,-0.9137],[-46.4571,-0.9],[-46.4496,-0.8982],[-46.4479,-0.9048],[-46.44,-0.9059],[-46.4236,-0.8919],[-46.4193,-0.8829],[-46.4186,-0.8718],[-46.4274,-0.8583],[-46.4501,-0.8629],[-46.442,-0.8664],[-46.4419,-0.8706],[-46.4505,-0.8706],[-46.4554,-0.8748],[-46.4672,-0.8955],[-46.4721,-0.8918],[-46.4713,-0.8872],[-46.4752,-0.8817],[-46.4849,-0.8735],[-46.497,-0.8769],[-46.5006,-0.8748],[-46.5114,-0.8846],[-46.5127,-0.8892],[-46.5092,-0.8905],[-46.5078,-0.8971],[-46.5135,-0.8972],[-46.5215,-0.9061],[-46.5193,-0.9202],[-46.5225,-0.923],[-46.5236,-0.9188],[-46.5321,-0.9312],[-46.5186,-0.9458],[-46.5293,-0.9542],[-46.5256,-0.9475],[-46.5365,-0.9487],[-46.5364,-0.9593],[-46.5314,-0.958],[-46.5375,-0.978],[-46.5413,-0.9794],[-46.5391,-0.9728],[-46.5435,-0.9587],[-46.5443,-0.9299],[-46.5473,-0.9261],[-46.5429,-0.918],[-46.5514,-0.9043],[-46.5607,-0.9085],[-46.5613,-0.9287],[-46.5572,-0.9329],[-46.5649,-0.9396],[-46.5653,-0.9485],[-46.5689,-0.948],[-46.5813,-0.9744],[-46.5855,-0.977],[-46.5934,-0.9752],[-46.5978,-0.9713],[-46.6021,-0.9517],[-46.6072,-0.9549],[-46.6167,-0.9549],[-46.6382,-0.9658],[-46.6499,-0.9712],[-46.6561,-0.9708],[-46.648,-0.9589],[-46.6572,-0.9666],[-46.6744,-0.9704],[-46.6716,-0.9737],[-46.6757,-0.9766],[-46.6882,-0.9625],[-46.6841,-0.9526],[-46.6789,-0.956],[-46.665,-0.9502],[-46.6626,-0.9479],[-46.6669,-0.9456],[-46.6631,-0.9413],[-46.6567,-0.9446],[-46.6481,-0.9434],[-46.6351,-0.929],[-46.6331,-0.9137],[-46.6435,-0.9049],[-46.6473,-0.9052],[-46.6527,-0.894],[-46.635,-0.8912],[-46.6323,-0.8883],[-46.6456,-0.8692],[-46.6414,-0.8689],[-46.6338,-0.8768],[-46.6267,-0.8725],[-46.6282,-0.8631],[-46.6242,-0.8614],[-46.6299,-0.8479],[-46.6266,-0.8465],[-46.6185,-0.8547],[-46.6109,-0.8501],[-46.6093,-0.8425],[-46.6118,-0.8345],[-46.6194,-0.8294],[-46.6159,-0.8265],[-46.6229,-0.8155],[-46.6403,-0.8116],[-46.6488,-0.7983],[-46.6468,-0.7958],[-46.6439,-0.7987],[-46.6385,-0.7886],[-46.6525,-0.7833],[-46.6646,-0.7873],[-46.6626,-0.7902],[-46.6727,-0.7978],[-46.6618,-0.8114],[-46.663,-0.8138],[-46.6711,-0.8149],[-46.6788,-0.8062],[-46.6861,-0.8072],[-46.6883,-0.8179],[-46.6792,-0.8442],[-46.6685,-0.8461],[-46.6648,-0.8501],[-46.6666,-0.8573],[-46.6686,-0.853],[-46.6738,-0.8518],[-46.6744,-0.862],[-46.6774,-0.8628],[-46.6816,-0.8609],[-46.6778,-0.8559],[-46.69,-0.8489],[-46.6983,-0.8282],[-46.704,-0.822],[-46.722,-0.8275],[-46.7293,-0.8641],[-46.7221,-0.8849],[-46.7223,-0.8964],[-46.7279,-0.9055],[-46.7407,-0.915],[-46.7431,-0.9213],[-46.7467,-0.9208],[-46.746,-0.914],[-46.7335,-0.9024],[-46.7338,-0.8947],[-46.7425,-0.8663],[-46.7407,-0.8632],[-46.7474,-0.829],[-46.758,-0.8254],[-46.7667,-0.8179],[-46.7692,-0.831],[-46.7643,-0.8491],[-46.7662,-0.8519],[-46.7735,-0.8383],[-46.784,-0.8344],[-46.7947,-0.8454],[-46.7919,-0.8613],[-46.7856,-0.8647],[-46.7896,-0.8657],[-46.7893,-0.8708],[-46.7858,-0.8726],[-46.7826,-0.8832],[-46.7828,-0.8863],[-46.7918,-0.8895],[-46.7893,-0.9008],[-46.7946,-0.8983],[-46.7979,-0.8885],[-46.7874,-0.8814],[-46.8021,-0.8626],[-46.8083,-0.8774],[-46.8195,-0.8877],[-46.8181,-0.9005],[-46.8211,-0.9033],[-46.8219,-0.8988],[-46.8272,-0.896],[-46.8231,-0.8934],[-46.8268,-0.8888],[-46.822,-0.875],[-46.8119,-0.8684],[-46.8113,-0.8634],[-46.812,-0.8589],[-46.816,-0.8587],[-46.813,-0.8533],[-46.8171,-0.8292],[-46.824,-0.8287],[-46.8263,-0.8413],[-46.8353,-0.8474],[-46.8391,-0.8491],[-46.8395,-0.8456],[-46.8464,-0.8484],[-46.8455,-0.8617],[-46.851,-0.8647],[-46.8525,-0.8483],[-46.8361,-0.835],[-46.8346,-0.8279],[-46.8409,-0.8252],[-46.8544,-0.8367],[-46.858,-0.835],[-46.8474,-0.8254],[-46.847,-0.8187],[-46.8372,-0.8158],[-46.8339,-0.8041],[-46.8384,-0.7967],[-46.8574,-0.794],[-46.8556,-0.7895],[-46.832,-0.7929],[-46.8333,-0.7679],[-46.8375,-0.769],[-46.8356,-0.762],[-46.8302,-0.7572],[-46.83,-0.7495],[-46.8461,-0.7361],[-46.8582,-0.7366],[-46.8645,-0.7413],[-46.8625,-0.7456],[-46.8522,-0.744],[-46.8474,-0.7471],[-46.8601,-0.7542],[-46.8584,-0.7698],[-46.8643,-0.7714],[-46.8662,-0.7639],[-46.8731,-0.7584],[-46.8847,-0.77],[-46.8878,-0.7821],[-46.8839,-0.7814],[-46.8867,-0.7871],[-46.8803,-0.7977],[-46.8859,-0.7944],[-46.8867,-0.798],[-46.8801,-0.8066],[-46.8811,-0.8132],[-46.885,-0.8091],[-46.8968,-0.8089],[-46.9123,-0.8186],[-46.914,-0.8276],[-46.91,-0.8446],[-46.9134,-0.8516],[-46.9119,-0.8565],[-46.9066,-0.8585],[-46.9115,-0.863],[-46.9127,-0.8596],[-46.9202,-0.8601],[-46.9215,-0.8725],[-46.9178,-0.8762],[-46.9208,-0.8789],[-46.9241,-0.8744],[-46.9358,-0.877],[-46.9563,-0.8615],[-46.952,-0.8576],[-46.9422,-0.8598],[-46.9352,-0.8545],[-46.933,-0.8467],[-46.9427,-0.8352],[-46.9487,-0.8129],[-46.9557,-0.8063],[-46.9472,-0.7989],[-46.95,-0.7903],[-46.9521,-0.7877],[-46.9566,-0.7899],[-46.9558,-0.7936],[-46.9605,-0.7934],[-46.96,-0.7875],[-46.9687,-0.7797],[-46.977,-0.7884],[-46.98,-0.783],[-46.9804,-0.7777],[-46.9678,-0.7694],[-46.9609,-0.7601],[-46.9707,-0.7555],[-46.963,-0.7541],[-46.9612,-0.7484],[-46.9581,-0.7479],[-46.9598,-0.7405],[-46.9571,-0.7319],[-46.9528,-0.7349],[-46.9551,-0.7413],[-46.95,-0.7395],[-46.9581,-0.7138],[-46.9635,-0.7082],[-46.9723,-0.7045],[-46.9826,-0.7057],[-46.9958,-0.7158],[-47.0012,-0.7147],[-47.0192,-0.7247],[-47.0225,-0.7286],[-47.0194,-0.7308],[-47.0306,-0.7412],[-47.038,-0.7378],[-47.0382,-0.7308],[-47.0415,-0.7297],[-47.0452,-0.7339],[-47.0413,-0.7442],[-47.0416,-0.7686],[-47.0497,-0.7793],[-47.0458,-0.7902],[-47.0398,-0.789],[-47.0288,-0.8032],[-47.0341,-0.8058],[-47.0513,-0.794],[-47.0581,-0.8066],[-47.0612,-0.8048],[-47.064,-0.8008],[-47.0552,-0.7758],[-47.056,-0.7384],[-47.0503,-0.7119],[-47.0599,-0.7054],[-47.0585,-0.7295],[-47.0642,-0.7508],[-47.0635,-0.7665],[-47.0672,-0.7662],[-47.0686,-0.7704],[-47.0613,-0.7755],[-47.0671,-0.7769],[-47.0728,-0.7727],[-47.0739,-0.761],[-47.0769,-0.7592],[-47.0696,-0.7549],[-47.0737,-0.7453],[-47.0868,-0.7511],[-47.09,-0.7496],[-47.0726,-0.7367],[-47.0732,-0.7319],[-47.07,-0.7309],[-47.0733,-0.724],[-47.0787,-0.7271],[-47.0796,-0.7183],[-47.0883,-0.7144],[-47.069,-0.7049],[-47.0793,-0.6839],[-47.0868,-0.6801],[-47.0915,-0.67],[-47.0891,-0.663],[-47.1069,-0.6704],[-47.1121,-0.6784],[-47.1264,-0.6833],[-47.1302,-0.6887],[-47.1369,-0.6858],[-47.1417,-0.6881],[-47.1423,-0.6983],[-47.1354,-0.7067],[-47.1448,-0.7064],[-47.1461,-0.7115],[-47.1407,-0.7284],[-47.1452,-0.7325],[-47.1443,-0.7232],[-47.1503,-0.7151],[-47.1673,-0.745],[-47.1646,-0.753],[-47.1611,-0.7542],[-47.1577,-0.7696],[-47.161,-0.7744],[-47.166,-0.761],[-47.1694,-0.7634],[-47.1675,-0.774],[-47.1705,-0.7769],[-47.1782,-0.7443],[-47.1742,-0.7337],[-47.1663,-0.729],[-47.169,-0.6954],[-47.1658,-0.6833],[-47.1582,-0.6756],[-47.1618,-0.6738],[-47.1591,-0.6704],[-47.1614,-0.6681],[-47.1717,-0.6679],[-47.1684,-0.6636],[-47.1823,-0.6693],[-47.18,-0.6635],[-47.1851,-0.6652],[-47.1844,-0.6724],[-47.1954,-0.6836],[-47.1956,-0.6936],[-47.1925,-0.6949],[-47.1954,-0.6999],[-47.2019,-0.6898],[-47.2144,-0.6909],[-47.2179,-0.6944],[-47.2166,-0.6982],[-47.2254,-0.7032],[-47.2296,-0.7054],[-47.2289,-0.6974],[-47.2441,-0.7076],[-47.2469,-0.7045],[-47.2416,-0.6848],[-47.2303,-0.6788],[-47.2193,-0.6868],[-47.2149,-0.6862],[-47.2087,-0.6812],[-47.1998,-0.6653],[-47.2129,-0.6379],[-47.2363,-0.6287],[-47.2497,-0.6286],[-47.2497,-0.6323],[-47.2625,-0.6268],[-47.2657,-0.6299],[-47.2641,-0.6363],[-47.2525,-0.6468],[-47.2598,-0.6521],[-47.2661,-0.6452],[-47.2697,-0.6498],[-47.2794,-0.6419],[-47.2936,-0.6462],[-47.2943,-0.6379],[-47.2904,-0.637],[-47.2902,-0.6291],[-47.2868,-0.6289],[-47.2935,-0.616],[-47.2937,-0.6081],[-47.2867,-0.6175],[-47.2835,-0.6166],[-47.2832,-0.6074],[-47.3002,-0.5992],[-47.3229,-0.5945],[-47.3299,-0.6009],[-47.3472,-0.6042],[-47.3543,-0.6093],[-47.3807,-0.6088],[-47.3834,-0.6112],[-47.3786,-0.6201],[-47.3671,-0.6264],[-47.3707,-0.6317],[-47.3885,-0.6347],[-47.3892,-0.6447],[-47.4006,-0.6575],[-47.4073,-0.6578],[-47.414,-0.6493],[-47.4178,-0.6508],[-47.4207,-0.6425],[-47.426,-0.6558],[-47.4295,-0.6532],[-47.4283,-0.6425],[-47.4203,-0.6319],[-47.4221,-0.6283],[-47.415,-0.5997],[-47.4196,-0.5924],[-47.4447,-0.5896],[-47.4751,-0.5969],[-47.4737,-0.5997],[-47.4694,-0.5992],[-47.4824,-0.6218],[-47.4815,-0.6257],[-47.4711,-0.6326],[-47.4766,-0.6582],[-47.4677,-0.7054],[-47.4718,-0.7322],[-47.4669,-0.7526],[-47.4695,-0.7661],[-47.4786,-0.7616],[-47.4885,-0.7654],[-47.4834,-0.7474],[-47.4858,-0.736],[-47.5064,-0.7007],[-47.508,-0.6897],[-47.5157,-0.6826],[-47.5149,-0.6789],[-47.5269,-0.6733],[-47.5287,-0.6681],[-47.5256,-0.6557],[-47.5319,-0.6535],[-47.5378,-0.644],[-47.5307,-0.6233],[-47.5427,-0.605],[-47.557,-0.5976],[-47.5603,-0.5879],[-47.5798,-0.5817],[-47.5789,-0.5883],[-47.5845,-0.5948],[-47.5782,-0.61],[-47.5826,-0.6231],[-47.5809,-0.6385],[-47.6096,-0.6977],[-47.6207,-0.6949],[-47.6268,-0.7018],[-47.6313,-0.6893],[-47.6405,-0.6896],[-47.6317,-0.6686],[-47.6312,-0.6601],[-47.6415,-0.6552],[-47.6326,-0.6486],[-47.6327,-0.6365],[-47.6279,-0.632],[-47.6276,-0.6266],[-47.6333,-0.6186],[-47.6369,-0.6041],[-47.6487,-0.5864],[-47.6631,-0.5809],[-47.6864,-0.5965],[-47.687,-0.5986],[-47.6991,-0.5935],[-47.6966,-0.5771],[-47.6905,-0.5735],[-47.6991,-0.5495],[-47.6943,-0.5431],[-47.7043,-0.5356],[-47.7196,-0.5375],[-47.7219,-0.5431],[-47.7334,-0.5496],[-47.7318,-0.5544],[-47.7387,-0.5646],[-47.7618,-0.5629],[-47.7641,-0.5658],[-47.7584,-0.5836],[-47.7498,-0.5944],[-47.751,-0.6028],[-47.7563,-0.6087],[-47.7538,-0.6223],[-47.7589,-0.6312],[-47.7669,-0.6386],[-47.7689,-0.6374],[-47.7633,-0.6181],[-47.7731,-0.5916],[-47.7685,-0.5857],[-47.7752,-0.5808],[-47.7947,-0.5845],[-47.7996,-0.5895],[-47.8027,-0.5869],[-47.8019,-0.5779],[-47.788,-0.5662],[-47.7876,-0.5616],[-47.7912,-0.5542],[-47.8046,-0.5507],[-47.8153,-0.5615],[-47.8084,-0.5748],[-47.8152,-0.5898],[-47.8089,-0.5939],[-47.823,-0.6033],[-47.8254,-0.6141],[-47.8172,-0.6311],[-47.8206,-0.6417],[-47.8228,-0.6399],[-47.8249,-0.6463],[-47.8244,-0.6669],[-47.837,-0.6795],[-47.8414,-0.6806],[-47.8491,-0.6677],[-47.8552,-0.6708],[-47.8627,-0.6822],[-47.8716,-0.6778],[-47.8657,-0.6682],[-47.8642,-0.6575],[-47.8542,-0.6525],[-47.8519,-0.6356],[-47.8482,-0.6345],[-47.8497,-0.6313],[-47.8427,-0.6229],[-47.8483,-0.6019],[-47.8455,-0.5977],[-47.8467,-0.5918],[-47.8425,-0.587],[-47.8559,-0.5859],[-47.8578,-0.582],[-47.8552,-0.5743],[-47.8516,-0.5698],[-46.2249,1.4586],[-45.6088,2.2269],[-45.488,2.3791],[-45.4717,2.3754],[-45.4555,2.3716],[-45.4393,2.3678],[-45.4231,2.3639],[-45.407,2.3599],[-45.3908,2.3558],[-45.3747,2.3517],[-45.3586,2.3474],[-45.3425,2.3431],[-45.3265,2.3387],[-45.3104,2.3342],[-45.2944,2.3296],[-45.2784,2.325],[-45.2625,2.3203],[-45.2465,2.3155],[-45.2306,2.3106],[-45.2147,2.3056],[-45.1989,2.3006],[-45.183,2.2954],[-45.1672,2.2902],[-45.1514,2.285],[-45.1357,2.2796],[-45.1199,2.2742],[-45.1042,2.2686],[-45.0885,2.263],[-45.0729,2.2573],[-45.0572,2.2516],[-45.0417,2.2457],[-45.0261,2.2398],[-45.0106,2.2338],[-44.995,2.2278],[-44.9796,2.2216],[-44.9641,2.2154],[-44.9487,2.2091],[-44.9333,2.2027],[-44.918,2.1962],[-44.9027,2.1897],[-44.8874,2.1831],[-44.8721,2.1764],[-44.8569,2.1696],[-44.8417,2.1628],[-44.8266,2.1559],[-44.8114,2.1489],[-44.7964,2.1418],[-44.7813,2.1346],[-44.7663,2.1274],[-44.7513,2.1201],[-44.7364,2.1127],[-44.7215,2.1053],[-44.7066,2.0978],[-44.6918,2.0902],[-44.677,2.0825],[-44.6623,2.0747],[-44.6448,2.0667],[-44.6282,2.0654],[-44.6116,2.064],[-44.5951,2.0625],[-44.5785,2.0609],[-44.562,2.0592],[-44.5454,2.0575],[-44.5289,2.0556],[-44.5123,2.0537],[-44.4958,2.0517],[-44.4793,2.0497],[-44.4628,2.0475],[-44.4463,2.0453],[-44.4298,2.0429],[-44.4134,2.0405],[-44.3969,2.038],[-44.3805,2.0354],[-44.3641,2.0328],[-44.3477,2.03],[-44.3313,2.0272],[-44.3149,2.0243],[-44.2985,2.0213],[-44.2822,2.0182],[-44.2658,2.0151],[-44.2495,2.0118],[-44.2332,2.0085],[-44.2169,2.0051],[-44.2006,2.0017],[-44.1844,1.9981],[-44.1681,1.9944],[-44.1519,1.9907],[-44.1357,1.9869],[-44.1195,1.983],[-44.1034,1.979],[-44.0872,1.975],[-44.0711,1.9708],[-44.055,1.9666],[-44.0389,1.9623],[-44.0228,1.958],[-44.0068,1.9535],[-43.9908,1.949],[-43.9748,1.9443],[-43.9588,1.9396],[-43.9429,1.9349],[-43.927,1.93],[-43.9111,1.9251],[-43.8952,1.92],[-43.8794,1.9149],[-43.8635,1.9098],[-43.8478,1.9045],[-43.832,1.8992],[-43.8162,1.8937],[-43.8005,1.8882],[-43.7848,1.8827],[-43.7692,1.877],[-43.7536,1.8713],[-43.738,1.8655],[-43.7224,1.8596],[-43.7068,1.8536],[-43.6913,1.8476],[-43.6758,1.8414],[-43.6604,1.8352],[-43.645,1.8289],[-43.6296,1.8226],[-43.6142,1.8162],[-43.5989,1.8096],[-43.5836,1.803],[-43.5684,1.7964],[-43.5531,1.7896],[-43.5379,1.7828],[-43.5228,1.7759],[-43.5077,1.7689],[-43.4926,1.7619],[-43.4775,1.7548],[-43.4625,1.7476],[-43.4475,1.7403],[-43.4326,1.7329],[-43.4177,1.7255],[-43.4028,1.718],[-43.388,1.7104],[-43.3732,1.7028],[-43.3584,1.6951],[-43.3437,1.6873],[-43.329,1.6794],[-43.3144,1.6715],[-43.2998,1.6634],[-43.2852,1.6553],[-43.2707,1.6472],[-43.2562,1.6389],[-43.2418,1.6306],[-43.2274,1.6222],[-43.213,1.6138],[-43.1987,1.6053],[-43.1844,1.5967],[-43.1702,1.588],[-43.156,1.5792],[-43.1419,1.5704],[-43.1278,1.5615],[-43.1137,1.5526],[-43.1069,1.5484],[-43.0927,1.5396],[-43.0786,1.5307],[-43.0646,1.5218],[-43.0505,1.5127],[-43.0366,1.5037],[-43.0226,1.4945],[-43.0088,1.4853],[-42.9949,1.476],[-42.9811,1.4666],[-42.9674,1.4572],[-42.9537,1.4477],[-42.94,1.4381],[-42.9264,1.4285],[-42.9129,1.4188],[-42.8994,1.409],[-42.8859,1.3992],[-42.8725,1.3893],[-42.8592,1.3793],[-42.8459,1.3693],[-42.8326,1.3592],[-42.8194,1.349],[-42.8062,1.3388],[-42.7931,1.3284],[-42.7801,1.3181],[-42.7671,1.3076],[-42.7541,1.2971],[-42.7412,1.2866],[-42.7284,1.2759],[-42.7156,1.2652],[-42.7029,1.2545],[-42.6902,1.2436],[-42.6775,1.2328],[-42.665,1.2218],[-42.6524,1.2108],[-42.64,1.1997],[-42.6276,1.1886],[-42.6152,1.1774],[-42.6029,1.1661],[-42.5907,1.1548],[-42.5785,1.1434],[-42.5663,1.1319],[-42.5543,1.1204],[-42.5422,1.1088],[-42.5303,1.0972],[-42.5184,1.0855],[-42.5065,1.0738],[-42.4948,1.062],[-42.483,1.0501],[-42.5517,0.9423],[-44.3962,-2.221],[-44.3964,-2.2214],[-44.4002,-2.2189],[-44.4033,-2.2209],[-44.4015,-2.2269],[-44.4124,-2.2323],[-44.4165,-2.2287],[-44.4165,-2.2219],[-44.4135,-2.2231],[-44.4139,-2.2287],[-44.4104,-2.2295],[-44.4104,-2.2211],[-44.3963,-2.2139],[-44.4077,-2.2057],[-44.4192,-2.1904],[-44.4313,-2.1838],[-44.4361,-2.1844],[-44.4388,-2.1921],[-44.4447,-2.194],[-44.4398,-2.1905],[-44.4386,-2.183],[-44.4329,-2.1779],[-44.4294,-2.1791],[-44.4343,-2.1678],[-44.4611,-2.145],[-44.4714,-2.1403],[-44.4883,-2.1375],[-44.5,-2.1421],[-44.5008,-2.1009],[-44.5007,-2.0541],[-44.4983,-2.0509],[-44.4747,-2.0411],[-44.4708,-2.0228],[-44.4663,-2.0165],[-44.4756,-2.0225],[-44.4835,-2.0194],[-44.4972,-2.0082],[-44.4854,-2.0033],[-44.4851,-1.9818],[-44.4902,-1.9824],[-44.4957,-1.9905],[-44.4972,-1.9883],[-44.4876,-1.9758],[-44.5094,-1.9649],[-44.5191,-1.9549],[-44.5219,-1.9607],[-44.5232,-1.9583],[-44.5197,-1.9547],[-44.5156,-1.9521],[-44.5154,-1.9477],[-44.5119,-1.955],[-44.5045,-1.9497],[-44.5061,-1.9604],[-44.4882,-1.9674],[-44.4882,-1.9456],[-44.494,-1.9337],[-44.5029,-1.9278],[-44.5235,-1.8827],[-44.5288,-1.8815],[-44.5306,-1.9011],[-44.529,-1.9094],[-44.5384,-1.8952],[-44.5461,-1.9045],[-44.542,-1.8934],[-44.5469,-1.8904],[-44.5694,-1.9016],[-44.5674,-1.9176],[-44.5658,-1.9192],[-44.5618,-1.9235],[-44.5694,-1.9218],[-44.5716,-1.9213],[-44.572,-1.9196],[-44.5729,-1.9164],[-44.5713,-1.9116],[-44.5739,-1.9068],[-44.5706,-1.8984],[-44.5745,-1.895],[-44.5813,-1.8947],[-44.5911,-1.9049],[-44.5992,-1.8991],[-44.6056,-1.9064],[-44.6015,-1.8972],[-44.5907,-1.8976],[-44.5764,-1.8836],[-44.5699,-1.8834],[-44.5484,-1.8709],[-44.533,-1.8491],[-44.5302,-1.8386],[-44.5461,-1.8219],[-44.5446,-1.8279],[-44.549,-1.8303],[-44.554,-1.8469],[-44.5581,-1.8458],[-44.5722,-1.8607],[-44.5843,-1.8612],[-44.5957,-1.8538],[-44.6042,-1.862],[-44.6201,-1.869],[-44.6399,-1.8581],[-44.634,-1.8539],[-44.608,-1.8351],[-44.6147,-1.8321],[-44.62,-1.8242],[-44.6292,-1.833],[-44.6317,-1.8317],[-44.6335,-1.8295],[-44.6276,-1.8225],[-44.6372,-1.7959],[-44.6348,-1.7846],[-44.6031,-1.7473],[-44.5951,-1.7502],[-44.594,-1.7445],[-44.6218,-1.7282],[-44.6412,-1.7257],[-44.651,-1.7202],[-44.6555,-1.7212],[-44.6496,-1.7327],[-44.6388,-1.7361],[-44.6475,-1.7362],[-44.6489,-1.7427],[-44.6521,-1.7448],[-44.6503,-1.7555],[-44.6444,-1.7683],[-44.6496,-1.7848],[-44.6484,-1.7914],[-44.6523,-1.7881],[-44.6469,-1.7704],[-44.6486,-1.7653],[-44.6591,-1.7803],[-44.6649,-1.7979],[-44.6704,-1.8029],[-44.6827,-1.8017],[-44.6964,-1.8225],[-44.6932,-1.8083],[-44.6894,-1.8079],[-44.6834,-1.8002],[-44.6743,-1.801],[-44.6691,-1.7975],[-44.6605,-1.7733],[-44.6534,-1.7663],[-44.6549,-1.7525],[-44.6604,-1.7441],[-44.6645,-1.7678],[-44.6856,-1.7742],[-44.6971,-1.773],[-44.7095,-1.7896],[-44.7107,-1.8018],[-44.6996,-1.8043],[-44.7114,-1.8042],[-44.715,-1.7934],[-44.7273,-1.8028],[-44.7365,-1.8126],[-44.7599,-1.8188],[-44.7572,-1.8148],[-44.7378,-1.8091],[-44.7274,-1.8009],[-44.7174,-1.7874],[-44.7171,-1.783],[-44.7649,-1.7985],[-44.785,-1.7962],[-44.8014,-1.8185],[-44.8138,-1.816],[-44.8216,-1.8241],[-44.8464,-1.8291],[-44.835,-1.8234],[-44.8211,-1.8218],[-44.8164,-1.8149],[-44.801,-1.814],[-44.8001,-1.8066],[-44.8079,-1.8087],[-44.8141,-1.8028],[-44.8108,-1.8023],[-44.8076,-1.8067],[-44.7988,-1.8045],[-44.7945,-1.8048],[-44.7891,-1.7945],[-44.7827,-1.7916],[-44.7514,-1.787],[-44.7481,-1.7797],[-44.72,-1.7587],[-44.7247,-1.7536],[-44.7332,-1.7531],[-44.7239,-1.7519],[-44.7202,-1.7554],[-44.7144,-1.7551],[-44.7054,-1.7388],[-44.6975,-1.7384],[-44.7018,-1.7197],[-44.709,-1.7172],[-44.7136,-1.725],[-44.7331,-1.7262],[-44.7494,-1.7211],[-44.7565,-1.7114],[-44.7732,-1.7114],[-44.7744,-1.7168],[-44.7708,-1.7231],[-44.7569,-1.7277],[-44.7522,-1.7327],[-44.7562,-1.7442],[-44.7664,-1.7496],[-44.7847,-1.747],[-44.7884,-1.7509],[-44.7898,-1.745],[-44.7681,-1.7461],[-44.7555,-1.7359],[-44.7571,-1.73],[-44.7737,-1.7273],[-44.7808,-1.7212],[-44.7874,-1.7218],[-44.7822,-1.7176],[-44.7851,-1.711],[-44.8019,-1.7099],[-44.8051,-1.705],[-44.7995,-1.7081],[-44.7916,-1.7052],[-44.7828,-1.6955],[-44.7741,-1.693],[-44.7733,-1.6897],[-44.7796,-1.6861],[-44.7813,-1.6767],[-44.794,-1.6851],[-44.7846,-1.6713],[-44.7693,-1.6848],[-44.7608,-1.6819],[-44.7619,-1.6774],[-44.7556,-1.6796],[-44.7427,-1.6615],[-44.7461,-1.6485],[-44.7541,-1.6489],[-44.7536,-1.6462],[-44.7459,-1.6459],[-44.7381,-1.6562],[-44.704,-1.6527],[-44.7007,-1.6414],[-44.7001,-1.652],[-44.6869,-1.6518],[-44.6837,-1.6466],[-44.6778,-1.6514],[-44.6719,-1.6451],[-44.6665,-1.6621],[-44.6577,-1.6667],[-44.6479,-1.6479],[-44.6431,-1.6246],[-44.6516,-1.6132],[-44.6585,-1.5953],[-44.6676,-1.5874],[-44.666,-1.5793],[-44.6739,-1.5667],[-44.6785,-1.5646],[-44.6875,-1.5727],[-44.6926,-1.6002],[-44.7029,-1.5911],[-44.7154,-1.6052],[-44.7219,-1.6226],[-44.7335,-1.6232],[-44.7236,-1.6209],[-44.7207,-1.6128],[-44.7227,-1.6036],[-44.7027,-1.5822],[-44.6968,-1.5576],[-44.6987,-1.5536],[-44.7032,-1.5632],[-44.7021,-1.5707],[-44.7088,-1.5603],[-44.7145,-1.5594],[-44.721,-1.552],[-44.723,-1.5479],[-44.737,-1.5384],[-44.7375,-1.5123],[-44.7429,-1.4709],[-44.7538,-1.4585],[-44.7727,-1.4627],[-44.7728,-1.467],[-44.7621,-1.4809],[-44.7757,-1.4847],[-44.7939,-1.4953],[-44.7977,-1.5022],[-44.7999,-1.5195],[-44.8249,-1.5357],[-44.829,-1.5417],[-44.8188,-1.559],[-44.8319,-1.5609],[-44.8247,-1.5708],[-44.8219,-1.5757],[-44.8285,-1.5768],[-44.8304,-1.5951],[-44.847,-1.6206],[-44.8462,-1.6247],[-44.8506,-1.6258],[-44.8558,-1.6138],[-44.867,-1.6035],[-44.8818,-1.6045],[-44.8947,-1.6096],[-44.8983,-1.6141],[-44.9036,-1.6049],[-44.9021,-1.5888],[-44.9084,-1.5767],[-44.9024,-1.5627],[-44.9074,-1.5484],[-44.8986,-1.5487],[-44.8807,-1.5403],[-44.8836,-1.5351],[-44.8767,-1.5242],[-44.8923,-1.5201],[-44.8734,-1.5174],[-44.8669,-1.5094],[-44.8641,-1.4991],[-44.8764,-1.4989],[-44.8705,-1.4948],[-44.8571,-1.4978],[-44.8525,-1.4929],[-44.8571,-1.4938],[-44.8737,-1.4838],[-44.8872,-1.4819],[-44.8723,-1.4806],[-44.8469,-1.4893],[-44.847,-1.4714],[-44.8411,-1.4586],[-44.844,-1.4844],[-44.8318,-1.4915],[-44.8286,-1.4883],[-44.8353,-1.449],[-44.8244,-1.4305],[-44.8234,-1.4384],[-44.811,-1.4305],[-44.8163,-1.4187],[-44.8223,-1.416],[-44.8343,-1.4172],[-44.8256,-1.4139],[-44.8469,-1.4145],[-44.841,-1.4172],[-44.8417,-1.4212],[-44.8548,-1.4165],[-44.8719,-1.4261],[-44.8602,-1.4306],[-44.8568,-1.4278],[-44.8585,-1.4324],[-44.8718,-1.4319],[-44.8712,-1.4378],[-44.8621,-1.447],[-44.8744,-1.4394],[-44.8698,-1.4584],[-44.8813,-1.4439],[-44.8942,-1.4528],[-44.9151,-1.478],[-44.9212,-1.4801],[-44.9215,-1.4894],[-44.9128,-1.4872],[-44.9051,-1.4905],[-44.9428,-1.4962],[-44.9352,-1.507],[-44.9272,-1.5115],[-44.9357,-1.5095],[-44.9468,-1.4933],[-44.9512,-1.5002],[-44.9415,-1.5135],[-44.9433,-1.5177],[-44.9516,-1.5062],[-44.9536,-1.4988],[-44.9506,-1.4922],[-44.9356,-1.4876],[-44.9461,-1.4771],[-44.9571,-1.4839],[-44.962,-1.4935],[-44.9632,-1.5013],[-44.959,-1.5156],[-44.9653,-1.5146],[-44.9716,-1.505],[-44.9879,-1.5028],[-44.9965,-1.4878],[-45.005,-1.4821],[-45.0153,-1.4834],[-45.0203,-1.4906],[-45.0401,-1.4912],[-45.0402,-1.5005],[-45.0428,-1.4893],[-45.0545,-1.4786],[-45.0635,-1.4816],[-45.0624,-1.4916],[-45.066,-1.5076],[-45.0791,-1.5192],[-45.0661,-1.5028],[-45.0652,-1.4554],[-45.0676,-1.4557],[-45.0678,-1.449],[-45.07,-1.4532],[-45.0725,-1.447],[-45.0636,-1.445],[-45.0728,-1.4408],[-45.0659,-1.4384],[-45.0622,-1.4403],[-45.0657,-1.4278],[-45.0711,-1.4247],[-45.0794,-1.4403],[-45.0718,-1.4543],[-45.0688,-1.4583],[-45.0695,-1.4769],[-45.0787,-1.4877],[-45.0812,-1.4853],[-45.0936,-1.4863],[-45.0806,-1.4836],[-45.0734,-1.4778],[-45.0793,-1.481],[-45.094,-1.4768],[-45.1006,-1.4796],[-45.1006,-1.4905],[-45.0909,-1.4969],[-45.0905,-1.5031],[-45.0872,-1.5046],[-45.0925,-1.5052],[-45.0959,-1.514],[-45.0989,-1.5124],[-45.0934,-1.5035],[-45.0944,-1.4974],[-45.1027,-1.4929],[-45.1097,-1.4965],[-45.1043,-1.4912],[-45.1046,-1.4795],[-45.0991,-1.472],[-45.0953,-1.4577],[-45.1043,-1.4271],[-45.0979,-1.3971],[-45.0936,-1.3915],[-45.0979,-1.385],[-45.0935,-1.3698],[-45.1016,-1.3608],[-45.1057,-1.364],[-45.1065,-1.3728],[-45.1119,-1.3811],[-45.1072,-1.3947],[-45.1044,-1.4029],[-45.1023,-1.4093],[-45.1149,-1.4335],[-45.1134,-1.4363],[-45.12,-1.4401],[-45.1223,-1.4532],[-45.1305,-1.4598],[-45.1257,-1.4758],[-45.127,-1.4968],[-45.123,-1.5148],[-45.1286,-1.5297],[-45.127,-1.5398],[-45.1232,-1.5461],[-45.1161,-1.5426],[-45.1132,-1.5449],[-45.1234,-1.548],[-45.1286,-1.5449],[-45.1283,-1.5408],[-45.1303,-1.5301],[-45.1267,-1.512],[-45.1393,-1.5219],[-45.146,-1.5233],[-45.1281,-1.5081],[-45.1363,-1.5028],[-45.139,-1.492],[-45.1435,-1.4918],[-45.1363,-1.4836],[-45.1424,-1.4758],[-45.1439,-1.4634],[-45.1481,-1.4666],[-45.1519,-1.4657],[-45.1521,-1.469],[-45.1578,-1.4715],[-45.1625,-1.4796],[-45.162,-1.4882],[-45.1689,-1.4906],[-45.1738,-1.4984],[-45.171,-1.509],[-45.1757,-1.5101],[-45.1809,-1.5242],[-45.1844,-1.5236],[-45.1884,-1.5133],[-45.1948,-1.5163],[-45.1971,-1.5144],[-45.2076,-1.5303],[-45.2346,-1.5493],[-45.2356,-1.5565],[-45.2489,-1.5761],[-45.2474,-1.5843],[-45.2513,-1.586],[-45.2535,-1.5957],[-45.2531,-1.616],[-45.2483,-1.6231],[-45.2636,-1.6274],[-45.2718,-1.6163],[-45.2789,-1.6195],[-45.2755,-1.6113],[-45.2921,-1.5932],[-45.3098,-1.601],[-45.3146,-1.6091],[-45.3209,-1.6436],[-45.3306,-1.6774],[-45.336,-1.6855],[-45.3414,-1.712],[-45.3392,-1.7332],[-45.3484,-1.7357],[-45.3532,-1.737],[-45.3602,-1.7292],[-45.3664,-1.7112],[-45.3579,-1.68],[-45.3654,-1.681],[-45.3713,-1.6859],[-45.371,-1.7016],[-45.38,-1.7085],[-45.3865,-1.7116],[-45.3737,-1.7013],[-45.3761,-1.6912],[-45.3734,-1.686],[-45.3656,-1.6761],[-45.3752,-1.6784],[-45.3806,-1.6837],[-45.3882,-1.6821],[-45.3887,-1.6924],[-45.3888,-1.6937],[-45.3965,-1.6955],[-45.4002,-1.7042],[-45.4031,-1.7084],[-45.4024,-1.7044],[-45.3979,-1.6948],[-45.3906,-1.6905],[-45.3899,-1.6799],[-45.3873,-1.6799],[-45.3811,-1.6814],[-45.3737,-1.6756],[-45.3593,-1.673],[-45.3555,-1.6676],[-45.3414,-1.6295],[-45.3527,-1.6172],[-45.3593,-1.6262],[-45.3666,-1.6231],[-45.3594,-1.624],[-45.3534,-1.6147],[-45.3414,-1.6253],[-45.339,-1.6175],[-45.3417,-1.6021],[-45.3378,-1.5932],[-45.3397,-1.5851],[-45.3272,-1.5625],[-45.316,-1.5564],[-45.3187,-1.5407],[-45.3108,-1.5306],[-45.3108,-1.5169],[-45.2984,-1.4949],[-45.3107,-1.4853],[-45.3096,-1.4823],[-45.3226,-1.474],[-45.3266,-1.5059],[-45.3245,-1.5112],[-45.3278,-1.5175],[-45.3276,-1.5075],[-45.336,-1.5044],[-45.3283,-1.5038],[-45.326,-1.487],[-45.3282,-1.4807],[-45.3382,-1.4752],[-45.3427,-1.4917],[-45.3535,-1.4993],[-45.3543,-1.5122],[-45.3629,-1.5212],[-45.3632,-1.5331],[-45.37,-1.5481],[-45.3751,-1.5497],[-45.3807,-1.5416],[-45.3889,-1.5428],[-45.3932,-1.5652],[-45.3991,-1.5753],[-45.4015,-1.5687],[-45.3959,-1.5628],[-45.3921,-1.5424],[-45.3845,-1.5378],[-45.3796,-1.5394],[-45.3752,-1.547],[-45.3728,-1.5444],[-45.3658,-1.5288],[-45.367,-1.5224],[-45.3574,-1.5094],[-45.3589,-1.4975],[-45.3467,-1.4883],[-45.3461,-1.4703],[-45.3497,-1.4681],[-45.365,-1.471],[-45.3764,-1.483],[-45.3849,-1.4853],[-45.3794,-1.5142],[-45.3729,-1.514],[-45.3732,-1.5164],[-45.3797,-1.5169],[-45.3878,-1.4962],[-45.3886,-1.4821],[-45.3807,-1.4766],[-45.3791,-1.4686],[-45.3549,-1.4536],[-45.3136,-1.4411],[-45.3111,-1.4342],[-45.3049,-1.4314],[-45.3022,-1.4226],[-45.3042,-1.4097],[-45.3141,-1.4177],[-45.3162,-1.4121],[-45.3116,-1.414],[-45.3049,-1.4067],[-45.2955,-1.415],[-45.2986,-1.4258],[-45.2956,-1.4265],[-45.2933,-1.422],[-45.2952,-1.3737],[-45.2979,-1.3682],[-45.302,-1.3722],[-45.3013,-1.3972],[-45.3056,-1.3854],[-45.3035,-1.3686],[-45.3074,-1.3609],[-45.301,-1.345],[-45.3074,-1.3388],[-45.3104,-1.3437],[-45.3125,-1.3352],[-45.3104,-1.3328],[-45.3179,-1.3185],[-45.3437,-1.308],[-45.3558,-1.3149],[-45.36,-1.3232],[-45.3403,-1.3394],[-45.341,-1.3435],[-45.3326,-1.3491],[-45.3349,-1.3544],[-45.3288,-1.3529],[-45.3343,-1.3572],[-45.33,-1.362],[-45.3315,-1.3648],[-45.3356,-1.3581],[-45.3395,-1.3517],[-45.3549,-1.3573],[-45.3487,-1.3509],[-45.3397,-1.3494],[-45.3497,-1.3421],[-45.3615,-1.3581],[-45.372,-1.3633],[-45.3735,-1.3736],[-45.3708,-1.3745],[-45.3738,-1.3774],[-45.3733,-1.3919],[-45.3669,-1.3893],[-45.3713,-1.3797],[-45.3654,-1.3773],[-45.3514,-1.3827],[-45.3479,-1.3934],[-45.3543,-1.3939],[-45.3556,-1.401],[-45.3573,-1.3933],[-45.3553,-1.3929],[-45.3504,-1.3918],[-45.353,-1.3881],[-45.3655,-1.3819],[-45.3639,-1.3867],[-45.3655,-1.3928],[-45.3775,-1.3959],[-45.3772,-1.3992],[-45.3914,-1.4129],[-45.3833,-1.4202],[-45.3621,-1.4257],[-45.3608,-1.4285],[-45.3682,-1.4267],[-45.3693,-1.4371],[-45.3712,-1.4269],[-45.3818,-1.4223],[-45.3847,-1.4258],[-45.3943,-1.4152],[-45.4026,-1.4225],[-45.4049,-1.4346],[-45.3952,-1.4479],[-45.3985,-1.4531],[-45.4041,-1.4503],[-45.4055,-1.4527],[-45.4039,-1.4598],[-45.4065,-1.4584],[-45.4072,-1.4502],[-45.4045,-1.4495],[-45.3997,-1.4497],[-45.3989,-1.4462],[-45.4092,-1.4345],[-45.4134,-1.4426],[-45.4132,-1.4551],[-45.4236,-1.466],[-45.4056,-1.4876],[-45.4113,-1.4852],[-45.4202,-1.4723],[-45.4291,-1.4658],[-45.4167,-1.4537],[-45.4166,-1.4374],[-45.4125,-1.4249],[-45.4167,-1.416],[-45.42,-1.421],[-45.4294,-1.4255],[-45.4438,-1.4502],[-45.4488,-1.4493],[-45.4502,-1.4624],[-45.4606,-1.477],[-45.4609,-1.4827],[-45.4466,-1.5014],[-45.4473,-1.5192],[-45.4549,-1.5337],[-45.4459,-1.5386],[-45.444,-1.5435],[-45.473,-1.5269],[-45.481,-1.5346],[-45.4815,-1.5373],[-45.488,-1.5307],[-45.4821,-1.5336],[-45.4751,-1.5238],[-45.4578,-1.5306],[-45.4506,-1.5179],[-45.4538,-1.4986],[-45.4652,-1.494],[-45.474,-1.5002],[-45.4681,-1.4923],[-45.4706,-1.479],[-45.4748,-1.4773],[-45.4851,-1.4758],[-45.4739,-1.4569],[-45.4737,-1.4472],[-45.4888,-1.432],[-45.4799,-1.4369],[-45.4769,-1.4346],[-45.474,-1.4201],[-45.4779,-1.4142],[-45.4702,-1.3923],[-45.468,-1.3738],[-45.4541,-1.3607],[-45.4487,-1.3633],[-45.446,-1.3522],[-45.4446,-1.366],[-45.4326,-1.3586],[-45.4335,-1.3532],[-45.4284,-1.353],[-45.4282,-1.3419],[-45.4226,-1.3524],[-45.4184,-1.3523],[-45.4111,-1.3441],[-45.4056,-1.3293],[-45.4025,-1.3081],[-45.4105,-1.29],[-45.4429,-1.2961],[-45.4483,-1.3022],[-45.4442,-1.3065],[-45.4408,-1.3055],[-45.4385,-1.3102],[-45.4451,-1.3127],[-45.4477,-1.3197],[-45.4544,-1.3175],[-45.466,-1.3201],[-45.4703,-1.3264],[-45.4667,-1.3504],[-45.4776,-1.3638],[-45.4809,-1.3737],[-45.4906,-1.3807],[-45.4923,-1.3899],[-45.5053,-1.3953],[-45.5193,-1.4125],[-45.5275,-1.4047],[-45.5081,-1.3783],[-45.512,-1.3615],[-45.5167,-1.3607],[-45.522,-1.3681],[-45.5395,-1.3697],[-45.545,-1.3738],[-45.542,-1.3683],[-45.5234,-1.3659],[-45.5227,-1.3588],[-45.5122,-1.3525],[-45.5146,-1.339],[-45.5227,-1.3431],[-45.5264,-1.3499],[-45.5236,-1.3417],[-45.5119,-1.3343],[-45.5062,-1.3207],[-45.5104,-1.3131],[-45.5098,-1.3053],[-45.5014,-1.2943],[-45.5028,-1.2918],[-45.5155,-1.2979],[-45.5215,-1.3088],[-45.5239,-1.3226],[-45.5378,-1.3389],[-45.5416,-1.3391],[-45.5488,-1.3321],[-45.5525,-1.334],[-45.5549,-1.3388],[-45.5508,-1.3519],[-45.5622,-1.3616],[-45.57,-1.3755],[-45.5642,-1.3605],[-45.5528,-1.3511],[-45.5607,-1.3416],[-45.559,-1.3309],[-45.5511,-1.3271],[-45.5431,-1.3295],[-45.5347,-1.3277],[-45.5302,-1.3169],[-45.5334,-1.3186],[-45.5317,-1.3103],[-45.5358,-1.3033],[-45.5507,-1.3108],[-45.5543,-1.3196],[-45.5578,-1.3284],[-45.5634,-1.33],[-45.5716,-1.3312],[-45.5732,-1.3407],[-45.5764,-1.3364],[-45.5743,-1.3301],[-45.5713,-1.3293],[-45.5636,-1.328],[-45.5557,-1.3177],[-45.5551,-1.2936],[-45.5629,-1.2847],[-45.552,-1.2758],[-45.5535,-1.2742],[-45.5662,-1.2804],[-45.5813,-1.2961],[-45.5878,-1.3087],[-45.5853,-1.3256],[-45.5878,-1.3319],[-45.5804,-1.3397],[-45.5808,-1.3461],[-45.5766,-1.3526],[-45.5828,-1.347],[-45.5821,-1.3406],[-45.5885,-1.3336],[-45.5956,-1.3412],[-45.6035,-1.3383],[-45.6061,-1.3421],[-45.6037,-1.3451],[-45.6086,-1.3425],[-45.6034,-1.336],[-45.5956,-1.3386],[-45.5895,-1.3289],[-45.5906,-1.3008],[-45.5973,-1.2973],[-45.6009,-1.3045],[-45.6022,-1.3043],[-45.5993,-1.2954],[-45.5881,-1.2949],[-45.5781,-1.2766],[-45.5821,-1.2719],[-45.5775,-1.2662],[-45.5805,-1.2576],[-45.5885,-1.2644],[-45.5908,-1.2734],[-45.5921,-1.2658],[-45.6093,-1.2731],[-45.6237,-1.2532],[-45.6261,-1.2513],[-45.6227,-1.2402],[-45.6246,-1.2344],[-45.6329,-1.2343],[-45.6331,-1.2208],[-45.6252,-1.1942],[-45.6115,-1.1732],[-45.6104,-1.179],[-45.6061,-1.176],[-45.603,-1.1649],[-45.6063,-1.1427],[-45.6042,-1.1275],[-45.6084,-1.1243],[-45.6162,-1.1163],[-45.6227,-1.117],[-45.6289,-1.1242],[-45.6295,-1.1275],[-45.6177,-1.1294],[-45.616,-1.1341],[-45.617,-1.1371],[-45.6205,-1.1318],[-45.6301,-1.1436],[-45.6305,-1.1612],[-45.6369,-1.1786],[-45.6396,-1.2072],[-45.6664,-1.2154],[-45.6808,-1.1881],[-45.686,-1.1968],[-45.6821,-1.2125],[-45.6746,-1.2169],[-45.6727,-1.2306],[-45.6767,-1.2171],[-45.6836,-1.216],[-45.689,-1.2014],[-45.6973,-1.2135],[-45.6907,-1.2181],[-45.698,-1.2178],[-45.7001,-1.2205],[-45.7003,-1.2347],[-45.6935,-1.2449],[-45.698,-1.2429],[-45.7123,-1.249],[-45.7195,-1.232],[-45.7296,-1.2313],[-45.7382,-1.2419],[-45.7377,-1.2386],[-45.7449,-1.2417],[-45.7464,-1.2377],[-45.7399,-1.2369],[-45.7264,-1.2243],[-45.7304,-1.2153],[-45.7258,-1.2144],[-45.726,-1.201],[-45.7216,-1.1997],[-45.7206,-1.1929],[-45.7114,-1.1793],[-45.7084,-1.1795],[-45.697,-1.167],[-45.6954,-1.1587],[-45.6918,-1.1605],[-45.691,-1.1563],[-45.6881,-1.1583],[-45.6833,-1.1472],[-45.6801,-1.1489],[-45.68,-1.1387],[-45.6876,-1.1351],[-45.6917,-1.1284],[-45.7147,-1.1275],[-45.7368,-1.1351],[-45.7282,-1.141],[-45.7316,-1.1445],[-45.7298,-1.1497],[-45.7333,-1.1478],[-45.7363,-1.1522],[-45.7405,-1.1515],[-45.7389,-1.1583],[-45.7443,-1.1605],[-45.7422,-1.1714],[-45.7601,-1.2023],[-45.7601,-1.1958],[-45.7662,-1.191],[-45.7683,-1.1926],[-45.7695,-1.2174],[-45.7851,-1.2448],[-45.7785,-1.2699],[-45.7753,-1.2711],[-45.7769,-1.2755],[-45.7827,-1.2704],[-45.7947,-1.2794],[-45.8085,-1.2743],[-45.8153,-1.2766],[-45.8106,-1.2721],[-45.7975,-1.277],[-45.781,-1.2655],[-45.7865,-1.2502],[-45.795,-1.2525],[-45.8022,-1.2504],[-45.8052,-1.2513],[-45.8068,-1.2596],[-45.8321,-1.276],[-45.8389,-1.2842],[-45.8301,-1.2946],[-45.8192,-1.2979],[-45.8207,-1.3118],[-45.813,-1.3154],[-45.8058,-1.3121],[-45.8047,-1.3132],[-45.7956,-1.323],[-45.8015,-1.3448],[-45.8031,-1.339],[-45.7979,-1.3242],[-45.8049,-1.3152],[-45.8133,-1.3172],[-45.8207,-1.3143],[-45.8232,-1.3113],[-45.8211,-1.2993],[-45.8326,-1.2958],[-45.8408,-1.285],[-45.8324,-1.2708],[-45.8233,-1.2667],[-45.796,-1.2225],[-45.8035,-1.2143],[-45.8046,-1.2083],[-45.8016,-1.188],[-45.7923,-1.18],[-45.7889,-1.1678],[-45.7949,-1.1707],[-45.792,-1.1633],[-45.797,-1.1597],[-45.8149,-1.1669],[-45.8239,-1.18],[-45.8109,-1.2221],[-45.8238,-1.2493],[-45.8233,-1.2421],[-45.8126,-1.2219],[-45.8202,-1.205],[-45.8318,-1.1941],[-45.8352,-1.1993],[-45.8375,-1.2307],[-45.8538,-1.2623],[-45.8615,-1.271],[-45.8606,-1.2843],[-45.8642,-1.2792],[-45.8642,-1.2715],[-45.8569,-1.2623],[-45.8811,-1.2652],[-45.8806,-1.2605],[-45.8472,-1.2304],[-45.8455,-1.221],[-45.8635,-1.2357],[-45.8711,-1.2483],[-45.8653,-1.2341],[-45.8504,-1.2199],[-45.8477,-1.2095],[-45.8676,-1.2229],[-45.8858,-1.223],[-45.8942,-1.2313],[-45.8949,-1.2397],[-45.9022,-1.2446],[-45.9046,-1.2509],[-45.9014,-1.2584],[-45.9038,-1.2603],[-45.9074,-1.2504],[-45.903,-1.242],[-45.9089,-1.2409],[-45.9126,-1.236],[-45.9054,-1.2394],[-45.8972,-1.2388],[-45.8969,-1.231],[-45.9051,-1.2233],[-45.895,-1.2274],[-45.8981,-1.2225],[-45.8799,-1.2142],[-45.8758,-1.2079],[-45.8661,-1.2023],[-45.8616,-1.1889],[-45.8722,-1.1926],[-45.8599,-1.1736],[-45.8605,-1.1684],[-45.8627,-1.1674],[-45.8659,-1.1726],[-45.8699,-1.1717],[-45.8762,-1.1824],[-45.8769,-1.1835],[-45.8854,-1.1842],[-45.8883,-1.1811],[-45.8773,-1.1806],[-45.8758,-1.1752],[-45.8779,-1.1724],[-45.8729,-1.1639],[-45.8697,-1.1644],[-45.8634,-1.1573],[-45.8621,-1.1519],[-45.866,-1.1473],[-45.8737,-1.1468],[-45.8853,-1.1553],[-45.9002,-1.1746],[-45.9025,-1.1939],[-45.9067,-1.1956],[-45.9138,-1.1968],[-45.9163,-1.2012],[-45.9147,-1.1957],[-45.9083,-1.1935],[-45.9045,-1.179],[-45.9086,-1.178],[-45.9144,-1.1822],[-45.9088,-1.176],[-45.9056,-1.1639],[-45.8831,-1.1402],[-45.8811,-1.1344],[-45.8523,-1.1261],[-45.852,-1.1183],[-45.8547,-1.1159],[-45.8424,-1.1022],[-45.8437,-1.0936],[-45.8394,-1.1015],[-45.8344,-1.0883],[-45.8381,-1.0544],[-45.8449,-1.0472],[-45.8414,-1.0473],[-45.8418,-1.045],[-45.8478,-1.0453],[-45.8513,-1.049],[-45.848,-1.0498],[-45.8645,-1.0551],[-45.8719,-1.0615],[-45.8668,-1.0687],[-45.8584,-1.0711],[-45.8627,-1.0719],[-45.8614,-1.0762],[-45.8695,-1.0738],[-45.8871,-1.0925],[-45.8871,-1.0975],[-45.8823,-1.1004],[-45.8757,-1.098],[-45.8913,-1.1079],[-45.8879,-1.1151],[-45.8935,-1.1148],[-45.9076,-1.1394],[-45.904,-1.1485],[-45.9098,-1.1429],[-45.9375,-1.1916],[-45.9381,-1.1975],[-45.9333,-1.2019],[-45.9424,-1.2299],[-45.9488,-1.239],[-45.9571,-1.2341],[-45.9535,-1.231],[-45.9495,-1.2092],[-45.9534,-1.1983],[-45.9499,-1.1906],[-45.9507,-1.1756],[-45.9453,-1.1615],[-45.9505,-1.158],[-45.9501,-1.1531],[-45.9426,-1.1389],[-45.9589,-1.1397],[-45.9639,-1.1463],[-45.9654,-1.1414],[-45.9743,-1.1425],[-45.983,-1.1539],[-45.9777,-1.1616],[-45.9816,-1.1671],[-45.9857,-1.1675],[-45.9827,-1.1598],[-45.9864,-1.1554],[-45.9947,-1.1628],[-45.9922,-1.1531],[-45.9858,-1.1473],[-45.9906,-1.1385],[-45.9746,-1.1331],[-45.9581,-1.1321],[-45.9532,-1.1239],[-45.954,-1.1091],[-45.9619,-1.1085],[-45.9762,-1.1159],[-45.9824,-1.1228],[-45.9747,-1.1098],[-45.977,-1.1054],[-45.9719,-1.106],[-45.9711,-1.0876],[-45.989,-1.0905],[-45.9865,-1.0868],[-45.971,-1.0839],[-45.9684,-1.0863],[-45.968,-1.0947],[-45.9587,-1.0855],[-45.9578,-1.0803],[-45.963,-1.0779],[-45.9654,-1.0682],[-45.9711,-1.0625],[-45.9796,-1.0674],[-45.977,-1.0616],[-45.9653,-1.0579],[-45.9653,-1.047],[-45.9879,-1.0471],[-45.9898,-1.0593],[-45.9943,-1.057],[-45.9983,-1.062],[-45.9998,-1.09],[-46.0032,-1.0853],[-46.0029,-1.076],[-46.012,-1.0654],[-46.0159,-1.0655],[-46.0184,-1.0753],[-46.0154,-1.0834],[-46.0151,-1.086],[-46.0183,-1.0896],[-46.0166,-1.0838],[-46.0198,-1.0831],[-46.0307,-1.1066],[-46.0354,-1.1062],[-46.0464,-1.1215],[-46.0426,-1.1341],[-46.0444,-1.1537],[-46.0378,-1.1678],[-46.0406,-1.1733],[-46.0494,-1.1513],[-46.0497,-1.1426],[-46.0538,-1.132],[-46.0567,-1.132],[-46.0651,-1.1447],[-46.0668,-1.1628],[-46.0687,-1.1647],[-46.0683,-1.1508],[-46.0754,-1.1614],[-46.0774,-1.1966],[-46.1045,-1.2025],[-46.0985,-1.1964],[-46.0875,-1.1581],[-46.0875,-1.1348],[-46.0731,-1.1081],[-46.0841,-1.0926],[-46.0907,-1.0945],[-46.0888,-1.0906],[-46.1011,-1.0713],[-46.0952,-1.0521],[-46.0719,-1.0331],[-46.0733,-1.0189],[-46.0825,-1.0166],[-46.0876,-1.0194],[-46.093,-1.0275],[-46.0904,-1.033],[-46.0969,-1.0405],[-46.105,-1.0415],[-46.1377,-1.058],[-46.1479,-1.068],[-46.1522,-1.0797],[-46.1471,-1.0929],[-46.1469,-1.1152],[-46.1401,-1.1222],[-46.1458,-1.1209],[-46.1492,-1.1356],[-46.1548,-1.1359],[-46.1493,-1.1256],[-46.1543,-1.0901],[-46.1587,-1.0807],[-46.1661,-1.0838],[-46.1749,-1.1136],[-46.1824,-1.1202],[-46.1669,-1.1515],[-46.1667,-1.1552],[-46.1731,-1.1558],[-46.1724,-1.1467],[-46.1845,-1.1284],[-46.1994,-1.1309],[-46.2018,-1.1355],[-46.2058,-1.1319],[-46.1854,-1.1109],[-46.1726,-1.0719],[-46.1565,-1.0501],[-46.159,-1.0406],[-46.1566,-1.0246],[-46.1616,-1.0145],[-46.156,-1.0039],[-46.162,-0.9964],[-46.172,-0.9932],[-46.1806,-1.0009],[-46.1874,-1.0179],[-46.1869,-1.0491],[-46.1944,-1.0668],[-46.2303,-1.0956],[-46.2419,-1.1162],[-46.2434,-1.1329],[-46.2496,-1.1379],[-46.2539,-1.1505],[-46.2681,-1.1608],[-46.2732,-1.1724],[-46.2774,-1.1695],[-46.2732,-1.1551],[-46.2601,-1.1392],[-46.2622,-1.1235],[-46.2472,-1.1044],[-46.2296,-1.0714],[-46.2192,-1.0612],[-46.2094,-1.059],[-46.207,-1.0402],[-46.2112,-1.0203],[-46.2231,-1.0215],[-46.2167,-1.0137],[-46.2194,-0.9974],[-46.2156,-0.9909],[-46.2154,-0.9801],[-46.2215,-0.984],[-46.222,-0.9901],[-46.2344,-0.9967],[-46.2528,-0.9981],[-46.2373,-0.9923],[-46.2329,-0.9833],[-46.2254,-0.9879],[-46.2221,-0.9793],[-46.2302,-0.9683],[-46.2189,-0.9757],[-46.2042,-0.969],[-46.2031,-0.9509],[-46.2209,-0.9524],[-46.2114,-0.9419],[-46.2105,-0.9305],[-46.2027,-0.9293],[-46.1875,-0.9336],[-46.186,-0.9039],[-46.1905,-0.8948],[-46.205,-0.8867],[-46.2147,-0.8904],[-46.2142,-0.897],[-46.2252,-0.9082],[-46.2421,-0.9069],[-46.2422,-0.9125],[-46.2453,-0.9109],[-46.2477,-0.914],[-46.2516,-0.9125],[-46.2654,-0.9182],[-46.2701,-0.9294],[-46.2629,-0.9319],[-46.2571,-0.9272],[-46.2438,-0.9289],[-46.2584,-0.9337],[-46.2542,-0.9481],[-46.2616,-0.9371],[-46.2647,-0.9391],[-46.2619,-0.9446],[-46.2686,-0.9434],[-46.2748,-0.9626],[-46.2729,-0.9657],[-46.2874,-0.983],[-46.2774,-0.9885],[-46.2669,-0.9832],[-46.2681,-0.9965],[-46.2722,-0.992],[-46.2903,-1.0004],[-46.2975,-0.9941],[-46.3076,-1.0098],[-46.295,-1.0204],[-46.2917,-1.0359],[-46.2937,-1.0419],[-46.2842,-1.0483],[-46.2939,-1.0485],[-46.2976,-1.0549],[-46.3014,-1.0556],[-46.2977,-1.0474],[-46.2989,-1.0275],[-46.3055,-1.0192],[-46.3177,-1.0147],[-46.321,-1.0224],[-46.3201,-1.0405],[-46.3251,-1.0543],[-46.3337,-1.0622],[-46.3338,-1.0696],[-46.3134,-1.0705],[-46.3041,-1.08],[-46.3059,-1.0847],[-46.3202,-1.0722],[-46.333,-1.0743],[-46.3389,-1.0721],[-46.3409,-1.0755],[-46.3439,-1.0755],[-46.3493,-1.073],[-46.3483,-1.0638],[-46.3354,-1.0464],[-46.3341,-1.0375],[-46.3371,-1.0162],[-46.3469,-1.0008],[-46.345,-0.997],[-46.3502,-0.9956],[-46.3582,-0.9989],[-46.3701,-1.0161],[-46.373,-1.0258],[-46.378,-1.0194],[-46.3778,-1.0378],[-46.3729,-1.0513],[-46.3757,-1.0527],[-46.3814,-1.0454],[-46.3825,-1.0343],[-46.3931,-1.0177],[-46.3908,-0.9875],[-46.3931,-0.9894],[-46.4032,-0.9897],[-46.4105,-0.9965],[-46.4196,-0.9968],[-46.4193,-1.0054],[-46.4245,-1.0067],[-46.4107,-1.0182],[-46.407,-1.0444],[-46.4115,-1.057],[-46.4091,-1.0623],[-46.4211,-1.0526],[-46.4267,-1.0548],[-46.4262,-1.0656],[-46.4291,-1.0658]]]}},{"type":"Feature","id":"foz-do-amazonas","properties":{"id":"foz-do-amazonas","name":"Foz do Amazonas_Mar","display_name":"Bacia de Foz do Amazonas","bbox":[-51.6372,-0.7064,-45.488,7.0538],"area_km2":288575.5},"geometry":{"type":"Polygon","coordinates":[[[-47.8552,-0.5743],[-47.855,-0.5738],[-47.8651,-0.557],[-47.8871,-0.5516],[-47.898,-0.5532],[-47.9045,-0.5605],[-47.9054,-0.5715],[-47.8986,-0.5693],[-47.8969,-0.5727],[-47.9056,-0.5808],[-47.9087,-0.5885],[-47.9011,-0.5962],[-47.9029,-0.603],[-47.9126,-0.601],[-47.9112,-0.6134],[-47.9199,-0.6297],[-47.9269,-0.6221],[-47.9396,-0.6322],[-47.953,-0.6288],[-47.9626,-0.6371],[-47.9652,-0.6505],[-47.963,-0.6632],[-47.9743,-0.6756],[-47.9766,-0.6871],[-47.9777,-0.6924],[-47.9838,-0.6903],[-47.9868,-0.7062],[-47.9901,-0.7064],[-47.9946,-0.7029],[-47.9974,-0.7051],[-47.9988,-0.7021],[-47.9971,-0.6821],[-48.0008,-0.6647],[-48.2365,-0.5822],[-48.473,-0.4994],[-48.4576,-0.4741],[-48.4449,-0.4253],[-48.4342,-0.4037],[-48.3956,-0.3718],[-48.3909,-0.3636],[-48.3846,-0.3017],[-48.3932,-0.2775],[-48.4006,-0.2721],[-48.4063,-0.2619],[-48.4126,-0.2576],[-48.4261,-0.2568],[-48.4411,-0.2443],[-48.4731,-0.2322],[-48.5089,-0.2448],[-48.5192,-0.2385],[-48.5359,-0.2408],[-48.5528,-0.2363],[-48.5607,-0.2425],[-48.5677,-0.2402],[-48.5686,-0.2362],[-48.5882,-0.2324],[-48.5981,-0.2356],[-48.6069,-0.2311],[-48.6382,-0.2323],[-48.6697,-0.2456],[-48.678,-0.2504],[-48.6771,-0.254],[-48.6921,-0.2546],[-48.7032,-0.2575],[-48.7181,-0.253],[-48.7463,-0.2511],[-48.7648,-0.2409],[-48.7756,-0.2407],[-48.7853,-0.224],[-48.7932,-0.2204],[-48.8074,-0.2193],[-48.816,-0.2227],[-48.8259,-0.2196],[-48.8322,-0.2225],[-48.8455,-0.219],[-48.8768,-0.22],[-48.8971,-0.2237],[-48.8989,-0.2309],[-48.9041,-0.2285],[-48.914,-0.2335],[-48.9164,-0.2319],[-48.9311,-0.2263],[-48.9548,-0.2069],[-49.0004,-0.1823],[-49.0079,-0.1625],[-49.0086,-0.1608],[-49.3665,-0.0014],[-49.368,-0.0007],[-49.3792,0.012],[-49.3973,0.0154],[-49.3988,0.0202],[-49.3945,0.0197],[-49.3853,0.0272],[-49.3838,0.0323],[-49.3879,0.0406],[-49.3939,0.0474],[-49.4172,0.0522],[-49.4186,0.0567],[-49.4304,0.0612],[-49.4357,0.0674],[-49.4492,0.0699],[-49.4584,0.0646],[-49.464,0.072],[-49.476,0.0786],[-49.5627,0.2026],[-49.6019,0.2663],[-49.6161,0.3127],[-49.6349,0.3288],[-49.6343,0.332],[-49.6427,0.3415],[-49.6505,0.3422],[-49.6548,0.3489],[-49.6628,0.3435],[-49.6674,0.3444],[-49.6608,0.352],[-49.6666,0.3533],[-49.678,0.3656],[-49.709,0.3591],[-49.7141,0.3543],[-49.7244,0.3553],[-49.7304,0.3485],[-49.7348,0.3482],[-49.7347,0.3521],[-49.7425,0.3492],[-49.7461,0.3407],[-49.7341,0.3264],[-49.7394,0.3222],[-49.7543,0.3318],[-49.7531,0.337],[-49.7635,0.3487],[-49.7834,0.3352],[-49.7965,0.3367],[-49.8147,0.3335],[-49.8284,0.326],[-49.8383,0.3393],[-49.8419,0.3395],[-49.8481,0.334],[-49.9037,0.3106],[-49.9165,0.3121],[-49.9308,0.32],[-49.9361,0.3179],[-49.9466,0.3209],[-49.9585,0.3309],[-49.9676,0.3202],[-49.973,0.3186],[-49.9785,0.3239],[-49.9852,0.3229],[-50.0154,0.3329],[-50.0616,0.3381],[-50.0529,0.3719],[-50.0439,0.4858],[-50.0359,0.5085],[-50.0412,0.5732],[-50.0598,0.6161],[-50.0924,0.6468],[-50.0943,0.7017],[-50.0935,0.7818],[-50.0867,0.7832],[-50.0815,0.79],[-50.0689,0.7918],[-50.0704,0.7991],[-50.0659,0.8083],[-50.0578,0.8027],[-50.0539,0.8058],[-50.0546,0.8211],[-50.0622,0.8252],[-50.0537,0.835],[-50.059,0.8389],[-50.0537,0.846],[-50.0546,0.8544],[-50.0521,0.8505],[-50.0442,0.8506],[-50.0429,0.856],[-50.0251,0.8686],[-50.0027,0.9088],[-49.9958,0.9275],[-49.977,0.9583],[-49.971,0.9588],[-49.9464,0.9826],[-49.9412,0.9932],[-49.941,1.0088],[-49.9441,1.0319],[-49.9494,1.0395],[-49.9423,1.1021],[-49.9462,1.1079],[-49.9431,1.1123],[-49.9369,1.1135],[-49.9184,1.1365],[-49.9131,1.1554],[-49.894,1.1927],[-49.8933,1.2141],[-49.8998,1.2318],[-49.9069,1.2736],[-49.9108,1.2962],[-49.8969,1.3313],[-49.8822,1.3897],[-49.8845,1.4017],[-49.8772,1.4502],[-49.8791,1.4638],[-49.8766,1.4805],[-49.8896,1.5404],[-49.8977,1.6312],[-49.9086,1.6698],[-49.9229,1.6739],[-49.9177,1.6767],[-49.9137,1.6871],[-49.9154,1.6952],[-49.9221,1.7036],[-50.0342,1.7702],[-50.0567,1.7742],[-50.0921,1.7911],[-50.1063,1.7916],[-50.17,1.8139],[-50.2385,1.8028],[-50.2738,1.8871],[-50.3008,1.9578],[-50.3066,1.9709],[-50.3131,1.977],[-50.3175,2.0074],[-50.334,2.0197],[-50.338,2.0354],[-50.348,2.0504],[-50.3462,2.053],[-50.3497,2.0619],[-50.3563,2.0652],[-50.3503,2.0769],[-50.3528,2.0865],[-50.3664,2.101],[-50.3724,2.1006],[-50.3791,2.1151],[-50.3864,2.1187],[-50.3861,2.1246],[-50.4129,2.159],[-50.4228,2.1795],[-50.4386,2.1928],[-50.4439,2.1891],[-50.4465,2.1989],[-50.4569,2.2035],[-50.485,2.2026],[-50.5224,2.208],[-50.5799,2.1884],[-50.6663,2.1505],[-50.7029,2.1378],[-50.7027,2.1436],[-50.6891,2.1473],[-50.684,2.154],[-50.6828,2.1727],[-50.6864,2.1886],[-50.6937,2.2081],[-50.7089,2.2304],[-50.7176,2.2376],[-50.7226,2.2368],[-50.7249,2.2563],[-50.7229,2.276],[-50.7336,2.3001],[-50.743,2.3109],[-50.7448,2.3444],[-50.7497,2.3577],[-50.7606,2.3655],[-50.7568,2.3803],[-50.7615,2.3973],[-50.7709,2.4114],[-50.7643,2.4284],[-50.7652,2.4477],[-50.7689,2.4572],[-50.7836,2.476],[-50.7844,2.4872],[-50.7919,2.5006],[-50.8032,2.5078],[-50.8145,2.5086],[-50.8372,2.4923],[-50.8451,2.4976],[-50.8514,2.4945],[-50.8525,2.4858],[-50.8553,2.4904],[-50.8533,2.5038],[-50.8376,2.5079],[-50.8319,2.5328],[-50.8362,2.5739],[-50.8433,2.5858],[-50.8436,2.5938],[-50.8465,2.5938],[-50.8418,2.6011],[-50.8414,2.6384],[-50.8509,2.6437],[-50.8536,2.6592],[-50.8691,2.6791],[-50.8831,2.6854],[-50.8822,2.7411],[-50.8916,2.7518],[-50.9037,2.756],[-50.9059,2.7731],[-50.901,2.7853],[-50.9024,2.7943],[-50.9086,2.8005],[-50.9273,2.8079],[-50.9426,2.803],[-50.9418,2.8142],[-50.9479,2.8358],[-50.9428,2.8539],[-50.9448,2.8838],[-50.9633,2.9051],[-50.9723,2.9253],[-50.9816,2.9366],[-50.9885,2.9606],[-50.9852,2.9744],[-50.9893,3.003],[-51.0007,3.0173],[-51.0064,3.0327],[-51.0152,3.0451],[-51.0133,3.0655],[-51.007,3.079],[-51.0075,3.0934],[-51.0282,3.1165],[-51.0362,3.1368],[-51.0321,3.1554],[-51.0344,3.1746],[-51.0268,3.1846],[-51.0225,3.2077],[-51.088,3.3914],[-51.091,3.4465],[-51.0898,3.4535],[-51.0837,3.4594],[-51.0794,3.459],[-51.0714,3.4912],[-51.0832,3.6322],[-51.0912,3.6796],[-51.0902,3.7224],[-51.0851,3.7317],[-51.0863,3.7495],[-51.0827,3.7611],[-51.0851,3.772],[-51.0803,3.7835],[-51.0802,3.8316],[-51.075,3.8506],[-51.076,3.8903],[-51.0815,3.8922],[-51.0843,3.8977],[-51.0823,3.8992],[-51.0948,3.9096],[-51.1235,3.9101],[-51.1672,3.9357],[-51.1794,3.9445],[-51.1764,3.9598],[-51.1772,3.9868],[-51.1825,4.0083],[-51.1853,4.0504],[-51.1912,4.0556],[-51.1901,4.0631],[-51.2107,4.1228],[-51.2273,4.1432],[-51.2313,4.1584],[-51.252,4.185],[-51.2524,4.1911],[-51.3465,4.2949],[-51.4281,4.3733],[-51.4532,4.3896],[-51.4908,4.4227],[-51.501,4.4261],[-51.5144,4.4364],[-51.5408,4.4298],[-51.55,4.424],[-51.6372,4.5084],[-51.637,4.5086],[-51.6368,4.5088],[-51.6366,4.509],[-51.6364,4.5092],[-51.6362,4.5094],[-51.636,4.5097],[-51.6358,4.5099],[-51.6357,4.5101],[-51.6355,4.5103],[-51.6353,4.5105],[-51.6351,4.5107],[-51.6349,4.511],[-51.6347,4.5112],[-51.6345,4.5114],[-51.6343,4.5116],[-51.6341,4.5118],[-51.6339,4.512],[-51.6337,4.5123],[-51.6336,4.5125],[-51.6334,4.5127],[-51.6332,4.5129],[-51.633,4.5131],[-51.6328,4.5133],[-51.6326,4.5136],[-51.6324,4.5138],[-51.6322,4.514],[-51.632,4.5142],[-51.6318,4.5144],[-51.6316,4.5146],[-51.6314,4.5149],[-51.6313,4.5151],[-51.6311,4.5153],[-51.6309,4.5155],[-51.6307,4.5157],[-51.6305,4.5159],[-51.6303,4.5162],[-51.6301,4.5164],[-51.6299,4.5166],[-51.6297,4.5168],[-51.6295,4.517],[-51.6293,4.5172],[-51.6292,4.5175],[-51.629,4.5177],[-51.6288,4.5179],[-51.6286,4.5181],[-51.6284,4.5183],[-51.6282,4.5185],[-51.628,4.5188],[-51.6278,4.519],[-51.6276,4.5192],[-51.6274,4.5194],[-51.6272,4.5196],[-51.6271,4.5198],[-51.6269,4.5201],[-51.6267,4.5203],[-51.6265,4.5205],[-51.6263,4.5207],[-51.6261,4.5209],[-51.6259,4.5211],[-51.6257,4.5214],[-51.6255,4.5216],[-51.6253,4.5218],[-51.6251,4.522],[-51.625,4.5222],[-51.6248,4.5224],[-51.6246,4.5227],[-51.6244,4.5229],[-51.6242,4.5231],[-51.624,4.5233],[-51.6238,4.5235],[-51.6236,4.5237],[-51.6234,4.524],[-51.6232,4.5242],[-51.623,4.5244],[-51.6229,4.5246],[-51.6227,4.5248],[-51.6225,4.525],[-51.6223,4.5253],[-51.6221,4.5255],[-51.6219,4.5257],[-51.6217,4.5259],[-51.6215,4.5261],[-51.6213,4.5263],[-51.6211,4.5266],[-51.6209,4.5268],[-51.6207,4.527],[-51.6206,4.5272],[-51.6204,4.5274],[-51.6202,4.5276],[-51.62,4.5279],[-51.6198,4.5281],[-51.6196,4.5283],[-51.6194,4.5285],[-51.6192,4.5287],[-51.619,4.5289],[-51.6188,4.5292],[-51.6186,4.5294],[-51.6185,4.5296],[-51.6183,4.5298],[-51.6181,4.53],[-51.6179,4.5302],[-51.6177,4.5305],[-51.6175,4.5307],[-51.6173,4.5309],[-51.6171,4.5311],[-51.6169,4.5313],[-51.6167,4.5315],[-51.6165,4.5318],[-51.6164,4.532],[-51.6162,4.5322],[-51.616,4.5324],[-51.6158,4.5326],[-51.6156,4.5328],[-51.6154,4.5331],[-51.6152,4.5333],[-51.615,4.5335],[-51.6148,4.5337],[-51.6146,4.5339],[-51.6144,4.5341],[-51.6143,4.5344],[-51.6141,4.5346],[-51.6139,4.5348],[-51.6137,4.535],[-51.6135,4.5352],[-51.6133,4.5354],[-51.6131,4.5357],[-51.6129,4.5359],[-51.6127,4.5361],[-51.6125,4.5363],[-51.6123,4.5365],[-51.6122,4.5367],[-51.612,4.537],[-51.6118,4.5372],[-51.6116,4.5374],[-51.6114,4.5376],[-51.6112,4.5378],[-51.611,4.538],[-51.6108,4.5383],[-51.6106,4.5385],[-51.6104,4.5387],[-51.6102,4.5389],[-51.61,4.5391],[-51.6099,4.5393],[-51.6097,4.5396],[-51.6095,4.5398],[-51.6093,4.54],[-51.6091,4.5402],[-51.6089,4.5404],[-51.6087,4.5406],[-51.6085,4.5409],[-51.6083,4.5411],[-51.6081,4.5413],[-51.6079,4.5415],[-51.6078,4.5417],[-51.6076,4.5419],[-51.6074,4.5422],[-51.6072,4.5424],[-51.607,4.5426],[-51.6068,4.5428],[-51.6066,4.543],[-51.6064,4.5432],[-51.6062,4.5435],[-51.606,4.5437],[-51.6058,4.5439],[-51.6057,4.5441],[-51.6055,4.5443],[-51.6053,4.5445],[-51.6051,4.5448],[-51.6049,4.545],[-51.6047,4.5452],[-51.6045,4.5454],[-51.6043,4.5456],[-51.6041,4.5458],[-51.6039,4.5461],[-51.6037,4.5463],[-51.6036,4.5465],[-51.6034,4.5467],[-51.6032,4.5469],[-51.603,4.5471],[-51.6028,4.5474],[-51.6026,4.5476],[-51.6024,4.5478],[-51.6022,4.548],[-51.602,4.5482],[-51.6018,4.5484],[-51.6016,4.5487],[-51.6015,4.5489],[-51.6013,4.5491],[-51.6011,4.5493],[-51.6009,4.5495],[-51.6007,4.5498],[-51.6005,4.55],[-51.6003,4.5502],[-51.6001,4.5504],[-51.5999,4.5506],[-51.5997,4.5508],[-51.5995,4.5511],[-51.5993,4.5513],[-51.5992,4.5515],[-51.599,4.5517],[-51.5988,4.5519],[-51.5986,4.5521],[-51.5984,4.5524],[-51.5982,4.5526],[-51.598,4.5528],[-51.5978,4.553],[-51.5976,4.5532],[-51.5974,4.5534],[-51.5972,4.5537],[-51.5971,4.5539],[-51.5969,4.5541],[-51.5967,4.5543],[-51.5965,4.5545],[-51.5963,4.5547],[-51.5961,4.555],[-51.5959,4.5552],[-51.5957,4.5554],[-51.5955,4.5556],[-51.5953,4.5558],[-51.5951,4.556],[-51.595,4.5563],[-51.5948,4.5565],[-51.5946,4.5567],[-51.5944,4.5569],[-51.5942,4.5571],[-51.594,4.5573],[-51.5938,4.5576],[-51.5936,4.5578],[-51.5934,4.558],[-51.5932,4.5582],[-51.593,4.5584],[-51.5929,4.5586],[-51.5927,4.5589],[-51.5925,4.5591],[-51.5923,4.5593],[-51.5921,4.5595],[-51.5919,4.5597],[-51.5917,4.5599],[-51.5915,4.5602],[-51.5913,4.5604],[-51.5911,4.5606],[-51.5909,4.5608],[-51.5908,4.561],[-51.5906,4.5612],[-51.5904,4.5615],[-51.5902,4.5617],[-51.59,4.5619],[-51.5898,4.5621],[-51.5896,4.5623],[-51.5894,4.5625],[-51.5892,4.5628],[-51.589,4.563],[-51.5888,4.5632],[-51.5886,4.5634],[-51.5885,4.5636],[-51.5883,4.5638],[-51.5881,4.5641],[-51.5879,4.5643],[-51.5877,4.5645],[-51.5875,4.5647],[-51.5873,4.5649],[-51.5871,4.5651],[-51.5869,4.5654],[-51.5867,4.5656],[-51.5865,4.5658],[-51.5864,4.566],[-51.5862,4.5662],[-51.586,4.5664],[-51.5858,4.5667],[-51.5856,4.5669],[-51.5854,4.5671],[-51.5852,4.5673],[-51.585,4.5675],[-51.5848,4.5677],[-51.5846,4.568],[-51.5844,4.5682],[-51.5843,4.5684],[-51.5841,4.5686],[-51.5839,4.5688],[-51.5837,4.569],[-51.5835,4.5693],[-51.5833,4.5695],[-51.5831,4.5697],[-51.5829,4.5699],[-51.5827,4.5701],[-51.5825,4.5703],[-51.5823,4.5706],[-51.5822,4.5708],[-51.582,4.571],[-51.5818,4.5712],[-51.5816,4.5714],[-51.5814,4.5716],[-51.5812,4.5719],[-51.581,4.5721],[-51.5808,4.5723],[-51.5806,4.5725],[-51.5804,4.5727],[-51.5802,4.5729],[-51.5801,4.5732],[-51.5799,4.5734],[-51.5797,4.5736],[-51.5795,4.5738],[-51.5793,4.574],[-51.5791,4.5742],[-51.5789,4.5745],[-51.5787,4.5747],[-51.5785,4.5749],[-51.5783,4.5751],[-51.5781,4.5753],[-51.5779,4.5755],[-51.5778,4.5758],[-51.5776,4.576],[-51.5774,4.5762],[-51.5772,4.5764],[-51.577,4.5766],[-51.5768,4.5768],[-51.5766,4.5771],[-51.5764,4.5773],[-51.5762,4.5775],[-51.576,4.5777],[-51.5758,4.5779],[-51.5757,4.5781],[-51.5755,4.5784],[-51.5753,4.5786],[-51.5751,4.5788],[-51.5749,4.579],[-51.5747,4.5792],[-51.5745,4.5794],[-51.5743,4.5797],[-51.5741,4.5799],[-51.5739,4.5801],[-51.5737,4.5803],[-51.5736,4.5805],[-51.5734,4.5807],[-51.5732,4.581],[-51.573,4.5812],[-51.5728,4.5814],[-51.5726,4.5816],[-51.5724,4.5818],[-51.5722,4.582],[-51.572,4.5823],[-51.5718,4.5825],[-51.5716,4.5827],[-51.5715,4.5829],[-51.5713,4.5831],[-51.5711,4.5833],[-51.5709,4.5836],[-51.5707,4.5838],[-51.5705,4.584],[-51.5703,4.5842],[-51.5701,4.5844],[-51.5699,4.5846],[-51.5697,4.5849],[-51.5695,4.5851],[-51.5694,4.5853],[-51.5692,4.5855],[-51.569,4.5857],[-51.5688,4.5859],[-51.5686,4.5862],[-51.5684,4.5864],[-51.5682,4.5866],[-51.568,4.5868],[-51.5678,4.587],[-51.5676,4.5872],[-51.5674,4.5875],[-51.5672,4.5877],[-51.5671,4.5879],[-51.5669,4.5881],[-51.5667,4.5883],[-51.5665,4.5885],[-51.5663,4.5888],[-51.5661,4.589],[-51.5659,4.5892],[-51.5657,4.5894],[-51.5655,4.5896],[-51.5653,4.5898],[-51.5651,4.5901],[-51.565,4.5903],[-51.5648,4.5905],[-51.5646,4.5907],[-51.5644,4.5909],[-51.5642,4.5911],[-51.564,4.5914],[-51.5638,4.5916],[-51.5636,4.5918],[-51.5634,4.592],[-51.5632,4.5922],[-51.563,4.5924],[-51.5629,4.5927],[-51.5627,4.5929],[-51.5625,4.5931],[-51.5623,4.5933],[-51.5621,4.5935],[-51.5619,4.5937],[-51.5617,4.594],[-51.5615,4.5942],[-51.5613,4.5944],[-51.5611,4.5946],[-51.5609,4.5948],[-51.5608,4.595],[-51.5606,4.5953],[-51.5604,4.5955],[-51.5602,4.5957],[-51.56,4.5959],[-51.5598,4.5961],[-51.5596,4.5963],[-51.5594,4.5966],[-51.5592,4.5968],[-51.559,4.597],[-51.5588,4.5972],[-51.5586,4.5974],[-51.5585,4.5976],[-51.5583,4.5979],[-51.5581,4.5981],[-51.5579,4.5983],[-51.5577,4.5985],[-51.5575,4.5987],[-51.5573,4.5989],[-51.5571,4.5992],[-51.5569,4.5994],[-51.5567,4.5996],[-51.5565,4.5998],[-51.5564,4.6],[-51.5562,4.6002],[-51.556,4.6005],[-51.5558,4.6007],[-51.5556,4.6009],[-51.5554,4.6011],[-51.5552,4.6013],[-51.555,4.6015],[-51.5548,4.6018],[-51.5546,4.602],[-51.5544,4.6022],[-51.5543,4.6024],[-51.5541,4.6026],[-51.5539,4.6028],[-51.5537,4.6031],[-51.5535,4.6033],[-51.5533,4.6035],[-51.5531,4.6037],[-51.5529,4.6039],[-51.5527,4.6041],[-51.5525,4.6044],[-51.5523,4.6046],[-51.5522,4.6048],[-51.552,4.605],[-51.5518,4.6052],[-51.5516,4.6055],[-51.5514,4.6057],[-51.5512,4.6059],[-51.551,4.6061],[-51.5508,4.6063],[-51.5506,4.6065],[-51.5504,4.6068],[-51.5502,4.607],[-51.5501,4.6072],[-51.5499,4.6074],[-51.5497,4.6076],[-51.5495,4.6078],[-51.5493,4.6081],[-51.5491,4.6083],[-51.5489,4.6085],[-51.5487,4.6087],[-51.5485,4.6089],[-51.5483,4.6091],[-51.5481,4.6094],[-51.5479,4.6096],[-51.5478,4.6098],[-51.5476,4.61],[-51.5474,4.6102],[-51.5472,4.6104],[-51.547,4.6107],[-51.5468,4.6109],[-51.5466,4.6111],[-51.5464,4.6113],[-51.5462,4.6115],[-51.546,4.6117],[-51.5458,4.612],[-51.5457,4.6122],[-51.5455,4.6124],[-51.5453,4.6126],[-51.5451,4.6128],[-51.5449,4.613],[-51.5447,4.6133],[-51.5445,4.6135],[-51.5443,4.6137],[-51.5441,4.6139],[-51.5439,4.6141],[-51.5437,4.6143],[-51.5436,4.6146],[-51.5434,4.6148],[-51.5432,4.615],[-51.543,4.6152],[-51.5428,4.6154],[-51.5426,4.6156],[-51.5424,4.6159],[-51.5422,4.6161],[-51.542,4.6163],[-51.5418,4.6165],[-51.5416,4.6167],[-51.5415,4.6169],[-51.5413,4.6172],[-51.5411,4.6174],[-51.5409,4.6176],[-51.5407,4.6178],[-51.5405,4.618],[-51.5403,4.6182],[-51.5401,4.6185],[-51.5399,4.6187],[-51.5397,4.6189],[-51.5395,4.6191],[-51.5393,4.6193],[-51.5392,4.6195],[-51.539,4.6198],[-51.5388,4.62],[-51.5386,4.6202],[-51.5384,4.6204],[-51.5382,4.6206],[-51.538,4.6208],[-51.5378,4.6211],[-51.5376,4.6213],[-51.5374,4.6215],[-51.5372,4.6217],[-51.5371,4.6219],[-51.5369,4.6221],[-51.5367,4.6224],[-51.5365,4.6226],[-51.5363,4.6228],[-51.5361,4.623],[-51.5359,4.6232],[-51.5357,4.6234],[-51.5355,4.6237],[-51.5353,4.6239],[-51.5351,4.6241],[-51.535,4.6243],[-51.5348,4.6245],[-51.5346,4.6247],[-51.5344,4.625],[-51.5342,4.6252],[-51.534,4.6254],[-51.5338,4.6256],[-51.5336,4.6258],[-51.5334,4.626],[-51.5332,4.6263],[-51.533,4.6265],[-51.5329,4.6267],[-51.5327,4.6269],[-51.5325,4.6271],[-51.5323,4.6273],[-51.5321,4.6276],[-51.5319,4.6278],[-51.5317,4.628],[-51.5315,4.6282],[-51.5313,4.6284],[-51.5311,4.6286],[-51.5309,4.6289],[-51.5307,4.6291],[-51.5306,4.6293],[-51.5304,4.6295],[-51.5302,4.6297],[-51.53,4.6299],[-51.5298,4.6302],[-51.5296,4.6304],[-51.5294,4.6306],[-51.5292,4.6308],[-51.529,4.631],[-51.5288,4.6312],[-51.5286,4.6315],[-51.5285,4.6317],[-51.5283,4.6319],[-51.5281,4.6321],[-51.5279,4.6323],[-51.5277,4.6325],[-51.5275,4.6328],[-51.5273,4.633],[-51.5271,4.6332],[-51.5269,4.6334],[-51.5267,4.6336],[-51.5265,4.6338],[-51.5264,4.6341],[-51.5262,4.6343],[-51.526,4.6345],[-51.5258,4.6347],[-51.5256,4.6349],[-51.5254,4.6351],[-51.5252,4.6354],[-51.525,4.6356],[-51.5248,4.6358],[-51.5246,4.636],[-51.5244,4.6362],[-51.5243,4.6364],[-51.5241,4.6367],[-51.5239,4.6369],[-51.5237,4.6371],[-51.5235,4.6373],[-51.5233,4.6375],[-51.5231,4.6377],[-51.5229,4.638],[-51.5227,4.6382],[-51.5225,4.6384],[-51.5223,4.6386],[-51.5222,4.6388],[-51.522,4.639],[-51.5218,4.6393],[-51.5216,4.6395],[-51.5214,4.6397],[-51.5212,4.6399],[-51.521,4.6401],[-51.5208,4.6403],[-51.5206,4.6406],[-51.5204,4.6408],[-51.5202,4.641],[-51.52,4.6412],[-51.5199,4.6414],[-51.5197,4.6416],[-51.5195,4.6419],[-51.5193,4.6421],[-51.5191,4.6423],[-51.5189,4.6425],[-51.5187,4.6427],[-51.5185,4.6429],[-51.5183,4.6432],[-51.5181,4.6434],[-51.5179,4.6436],[-51.5178,4.6438],[-51.5176,4.644],[-51.5174,4.6442],[-51.5172,4.6445],[-51.517,4.6447],[-51.5168,4.6449],[-51.5166,4.6451],[-51.5164,4.6453],[-51.5162,4.6455],[-51.516,4.6458],[-51.5158,4.646],[-51.5157,4.6462],[-51.5155,4.6464],[-51.5153,4.6466],[-51.5151,4.6468],[-51.5149,4.6471],[-51.5147,4.6473],[-51.5145,4.6475],[-51.5143,4.6477],[-51.5141,4.6479],[-51.5139,4.6481],[-51.5137,4.6484],[-51.5136,4.6486],[-51.5134,4.6488],[-51.5132,4.649],[-51.513,4.6492],[-51.5128,4.6494],[-51.5126,4.6497],[-51.5124,4.6499],[-51.5122,4.6501],[-51.512,4.6503],[-51.5118,4.6505],[-51.5116,4.6507],[-51.5114,4.651],[-51.5113,4.6512],[-51.5111,4.6514],[-51.5109,4.6516],[-51.5107,4.6518],[-51.5105,4.652],[-51.5103,4.6523],[-51.5101,4.6525],[-51.5099,4.6527],[-51.5097,4.6529],[-51.5095,4.6531],[-51.5093,4.6533],[-51.5092,4.6536],[-51.509,4.6538],[-51.5088,4.654],[-51.5086,4.6542],[-51.5084,4.6544],[-51.5082,4.6546],[-51.508,4.6549],[-51.5078,4.6551],[-51.5076,4.6553],[-51.5074,4.6555],[-51.5072,4.6557],[-51.5071,4.6559],[-51.5069,4.6562],[-51.5067,4.6564],[-51.5065,4.6566],[-51.5063,4.6568],[-51.5061,4.657],[-51.5059,4.6572],[-51.5057,4.6575],[-51.5055,4.6577],[-51.5053,4.6579],[-51.5051,4.6581],[-51.505,4.6583],[-51.5048,4.6585],[-51.5046,4.6588],[-51.5044,4.659],[-51.5042,4.6592],[-51.504,4.6594],[-51.5038,4.6596],[-51.5036,4.6598],[-51.5034,4.6601],[-51.5032,4.6603],[-51.503,4.6605],[-51.5028,4.6607],[-51.5027,4.6609],[-51.5025,4.6612],[-51.5023,4.6614],[-51.5021,4.6616],[-51.5019,4.6618],[-51.5017,4.662],[-51.5015,4.6622],[-51.5013,4.6625],[-51.5011,4.6627],[-51.5009,4.6629],[-51.5007,4.6631],[-51.5006,4.6633],[-51.5004,4.6635],[-51.5002,4.6638],[-51.5,4.664],[-51.4998,4.6642],[-51.4996,4.6644],[-51.4994,4.6646],[-51.4992,4.6648],[-51.499,4.6651],[-51.4988,4.6653],[-51.4986,4.6655],[-51.4985,4.6657],[-51.4983,4.6659],[-51.4981,4.6661],[-51.4979,4.6664],[-51.4977,4.6666],[-51.4975,4.6668],[-51.4973,4.667],[-51.4971,4.6672],[-51.4969,4.6674],[-51.4967,4.6677],[-51.4965,4.6679],[-51.4964,4.6681],[-51.4962,4.6683],[-51.496,4.6685],[-51.4958,4.6687],[-51.4956,4.669],[-51.4954,4.6692],[-51.4952,4.6694],[-51.495,4.6696],[-51.4948,4.6698],[-51.4946,4.67],[-51.4944,4.6703],[-51.4942,4.6705],[-51.4941,4.6707],[-51.4939,4.6709],[-51.4937,4.6711],[-51.4935,4.6713],[-51.4933,4.6716],[-51.4931,4.6718],[-51.4929,4.672],[-51.4927,4.6722],[-51.4925,4.6724],[-51.4923,4.6726],[-51.4921,4.6729],[-51.492,4.6731],[-51.4918,4.6733],[-51.4916,4.6735],[-51.4914,4.6737],[-51.4912,4.6739],[-51.491,4.6742],[-51.4908,4.6744],[-51.4906,4.6746],[-51.4904,4.6748],[-51.4902,4.675],[-51.49,4.6752],[-51.4899,4.6755],[-51.4897,4.6757],[-51.4895,4.6759],[-51.4893,4.6761],[-51.4891,4.6763],[-51.4889,4.6765],[-51.4887,4.6768],[-51.4885,4.677],[-51.4883,4.6772],[-51.4881,4.6774],[-51.4879,4.6776],[-51.4878,4.6778],[-51.4876,4.6781],[-51.4874,4.6783],[-51.4872,4.6785],[-51.487,4.6787],[-51.4868,4.6789],[-51.4866,4.6791],[-51.4864,4.6794],[-51.4862,4.6796],[-51.486,4.6798],[-51.4858,4.68],[-51.4856,4.6802],[-51.4855,4.6804],[-51.4853,4.6807],[-51.4851,4.6809],[-51.4849,4.6811],[-51.4847,4.6813],[-51.4845,4.6815],[-51.4843,4.6817],[-51.4841,4.682],[-51.4839,4.6822],[-51.4837,4.6824],[-51.4835,4.6826],[-51.4834,4.6828],[-51.4832,4.683],[-51.483,4.6833],[-51.4828,4.6835],[-51.4826,4.6837],[-51.4824,4.6839],[-51.4822,4.6841],[-51.482,4.6843],[-51.4818,4.6846],[-51.4816,4.6848],[-51.4814,4.685],[-51.4813,4.6852],[-51.4811,4.6854],[-51.4809,4.6856],[-51.4807,4.6859],[-51.4805,4.6861],[-51.4803,4.6863],[-51.4801,4.6865],[-51.4799,4.6867],[-51.4797,4.6869],[-51.4795,4.6872],[-51.4793,4.6874],[-51.4792,4.6876],[-51.479,4.6878],[-51.4788,4.688],[-51.4786,4.6882],[-51.4784,4.6885],[-51.4782,4.6887],[-51.478,4.6889],[-51.4778,4.6891],[-51.4776,4.6893],[-51.4774,4.6895],[-51.4772,4.6898],[-51.477,4.69],[-51.4769,4.6902],[-51.4767,4.6904],[-51.4765,4.6906],[-51.4763,4.6908],[-51.4761,4.6911],[-51.4759,4.6913],[-51.4757,4.6915],[-51.4755,4.6917],[-51.4753,4.6919],[-51.4751,4.6921],[-51.4749,4.6924],[-51.4748,4.6926],[-51.4746,4.6928],[-51.4744,4.693],[-51.4742,4.6932],[-51.474,4.6934],[-51.4738,4.6937],[-51.4736,4.6939],[-51.4734,4.6941],[-51.4732,4.6943],[-51.473,4.6945],[-51.4728,4.6947],[-51.4727,4.695],[-51.4725,4.6952],[-51.4723,4.6954],[-51.4721,4.6956],[-51.4719,4.6958],[-51.4717,4.696],[-51.4715,4.6963],[-51.4713,4.6965],[-51.4711,4.6967],[-51.4709,4.6969],[-51.4707,4.6971],[-51.4706,4.6973],[-51.4704,4.6976],[-51.4702,4.6978],[-51.47,4.698],[-51.4698,4.6982],[-51.4696,4.6984],[-51.4694,4.6986],[-51.4692,4.6989],[-51.469,4.6991],[-51.4688,4.6993],[-51.4686,4.6995],[-51.4684,4.6997],[-51.4683,4.6999],[-51.4681,4.7002],[-51.4679,4.7004],[-51.4677,4.7006],[-51.4675,4.7008],[-51.4673,4.701],[-51.4671,4.7012],[-51.4669,4.7015],[-51.4667,4.7017],[-51.4665,4.7019],[-51.4663,4.7021],[-51.4662,4.7023],[-51.466,4.7025],[-51.4658,4.7028],[-51.4656,4.703],[-51.4654,4.7032],[-51.4652,4.7034],[-51.465,4.7036],[-51.4648,4.7038],[-51.4646,4.7041],[-51.4644,4.7043],[-51.4642,4.7045],[-51.4641,4.7047],[-51.4639,4.7049],[-51.4637,4.7051],[-51.4635,4.7054],[-51.4633,4.7056],[-51.4631,4.7058],[-51.4629,4.706],[-51.4627,4.7062],[-51.4625,4.7064],[-51.4623,4.7067],[-51.4621,4.7069],[-51.462,4.7071],[-51.4618,4.7073],[-51.4616,4.7075],[-51.4614,4.7077],[-51.4612,4.708],[-51.461,4.7082],[-51.4608,4.7084],[-51.4606,4.7086],[-51.4604,4.7088],[-51.4602,4.709],[-51.46,4.7093],[-51.4598,4.7095],[-51.4597,4.7097],[-51.4595,4.7099],[-51.4593,4.7101],[-51.4591,4.7103],[-51.4589,4.7106],[-51.4587,4.7108],[-51.4585,4.711],[-51.4583,4.7112],[-51.4581,4.7114],[-51.4579,4.7116],[-51.4577,4.7119],[-51.4576,4.7121],[-51.4574,4.7123],[-51.4572,4.7125],[-51.457,4.7127],[-51.4568,4.7129],[-51.4566,4.7132],[-51.4564,4.7134],[-51.4562,4.7136],[-51.456,4.7138],[-51.4558,4.714],[-51.4556,4.7142],[-51.4555,4.7145],[-51.4553,4.7147],[-51.4551,4.7149],[-51.4549,4.7151],[-51.4547,4.7153],[-51.4545,4.7155],[-51.4543,4.7158],[-51.4541,4.716],[-51.4539,4.7162],[-51.4537,4.7164],[-51.4535,4.7166],[-51.4534,4.7169],[-51.4532,4.7171],[-51.453,4.7173],[-51.4528,4.7175],[-51.4526,4.7177],[-51.4524,4.7179],[-51.4522,4.7182],[-51.452,4.7184],[-51.4518,4.7186],[-51.4516,4.7188],[-51.4514,4.719],[-51.4512,4.7192],[-51.4511,4.7195],[-51.4509,4.7197],[-51.4507,4.7199],[-51.4505,4.7201],[-51.4503,4.7203],[-51.4501,4.7205],[-51.4499,4.7208],[-51.4497,4.721],[-51.4495,4.7212],[-51.4493,4.7214],[-51.4491,4.7216],[-51.449,4.7218],[-51.4488,4.7221],[-51.4486,4.7223],[-51.4484,4.7225],[-51.4482,4.7227],[-51.448,4.7229],[-51.4478,4.7231],[-51.4476,4.7234],[-51.4474,4.7236],[-51.4472,4.7238],[-51.447,4.724],[-51.4469,4.7242],[-51.4467,4.7244],[-51.4465,4.7247],[-51.4463,4.7249],[-51.4461,4.7251],[-51.4459,4.7253],[-51.4457,4.7255],[-51.4455,4.7257],[-51.4453,4.726],[-51.4451,4.7262],[-51.4449,4.7264],[-51.4448,4.7266],[-51.4446,4.7268],[-51.4444,4.727],[-51.4442,4.7273],[-51.444,4.7275],[-51.4438,4.7277],[-51.4436,4.7279],[-51.4434,4.7281],[-51.4432,4.7283],[-51.443,4.7286],[-51.4428,4.7288],[-51.4426,4.729],[-51.4425,4.7292],[-51.4423,4.7294],[-51.4421,4.7296],[-51.4419,4.7299],[-51.4417,4.7301],[-51.4415,4.7303],[-51.4413,4.7305],[-51.4411,4.7307],[-51.4409,4.7309],[-51.4407,4.7312],[-51.4405,4.7314],[-51.4404,4.7316],[-51.4402,4.7318],[-51.44,4.732],[-51.4398,4.7322],[-51.4396,4.7325],[-51.4394,4.7327],[-51.4392,4.7329],[-51.439,4.7331],[-51.4388,4.7333],[-51.4386,4.7335],[-51.4384,4.7338],[-51.4383,4.734],[-51.4381,4.7342],[-51.4379,4.7344],[-51.4377,4.7346],[-51.4375,4.7348],[-51.4373,4.7351],[-51.4371,4.7353],[-51.4369,4.7355],[-51.4367,4.7357],[-51.4365,4.7359],[-51.4363,4.7361],[-51.4362,4.7364],[-51.436,4.7366],[-51.4358,4.7368],[-51.4356,4.737],[-51.4354,4.7372],[-51.4352,4.7374],[-51.435,4.7377],[-51.4348,4.7379],[-51.4346,4.7381],[-51.4344,4.7383],[-51.4342,4.7385],[-51.434,4.7387],[-51.4339,4.739],[-51.4337,4.7392],[-51.4335,4.7394],[-51.4333,4.7396],[-51.4331,4.7398],[-51.4329,4.74],[-51.4327,4.7403],[-51.4325,4.7405],[-51.4323,4.7407],[-51.4321,4.7409],[-51.4319,4.7411],[-51.4318,4.7413],[-51.4316,4.7416],[-51.4314,4.7418],[-51.4312,4.742],[-51.431,4.7422],[-51.4308,4.7424],[-51.4306,4.7426],[-51.4304,4.7429],[-51.4302,4.7431],[-51.43,4.7433],[-51.4298,4.7435],[-51.4297,4.7437],[-51.4295,4.7439],[-51.4293,4.7442],[-51.4291,4.7444],[-51.4289,4.7446],[-51.4287,4.7448],[-51.4285,4.745],[-51.4283,4.7452],[-51.4281,4.7455],[-51.4279,4.7457],[-51.4277,4.7459],[-51.4275,4.7461],[-51.4274,4.7463],[-51.4272,4.7465],[-51.427,4.7468],[-51.4268,4.747],[-51.4266,4.7472],[-51.4264,4.7474],[-51.4262,4.7476],[-51.426,4.7478],[-51.4258,4.7481],[-51.4256,4.7483],[-51.4254,4.7485],[-51.4253,4.7487],[-51.4251,4.7489],[-51.4249,4.7491],[-51.4247,4.7494],[-51.4245,4.7496],[-51.4243,4.7498],[-51.4241,4.75],[-51.4239,4.7502],[-51.4237,4.7504],[-51.4235,4.7507],[-51.4233,4.7509],[-51.4232,4.7511],[-51.423,4.7513],[-51.4228,4.7515],[-51.4226,4.7517],[-51.4224,4.752],[-51.4222,4.7522],[-51.422,4.7524],[-51.4218,4.7526],[-51.4216,4.7528],[-51.4214,4.753],[-51.4212,4.7533],[-51.4211,4.7535],[-51.4209,4.7537],[-51.4207,4.7539],[-51.4205,4.7541],[-51.4203,4.7543],[-51.4201,4.7546],[-51.4199,4.7548],[-51.4197,4.755],[-51.4195,4.7552],[-51.4193,4.7554],[-51.4191,4.7556],[-51.4189,4.7559],[-51.4188,4.7561],[-51.4186,4.7563],[-51.4184,4.7565],[-51.4182,4.7567],[-51.418,4.7569],[-51.4178,4.7572],[-51.4176,4.7574],[-51.4174,4.7576],[-51.4172,4.7578],[-51.417,4.758],[-51.4168,4.7582],[-51.4167,4.7585],[-51.4165,4.7587],[-51.4163,4.7589],[-51.4161,4.7591],[-51.4159,4.7593],[-51.4157,4.7595],[-51.4155,4.7598],[-51.4153,4.76],[-51.4151,4.7602],[-51.4149,4.7604],[-51.4147,4.7606],[-51.4146,4.7608],[-51.4144,4.7611],[-51.4142,4.7613],[-51.414,4.7615],[-51.4138,4.7617],[-51.4136,4.7619],[-51.4134,4.7621],[-51.4132,4.7624],[-51.413,4.7626],[-51.4128,4.7628],[-51.4126,4.763],[-51.4125,4.7632],[-51.4123,4.7634],[-51.4121,4.7637],[-51.4119,4.7639],[-51.4117,4.7641],[-51.4115,4.7643],[-51.4113,4.7645],[-51.4111,4.7647],[-51.4109,4.765],[-51.4107,4.7652],[-51.4105,4.7654],[-51.4103,4.7656],[-51.4102,4.7658],[-51.41,4.766],[-51.4098,4.7663],[-51.4096,4.7665],[-51.4094,4.7667],[-51.4092,4.7669],[-51.409,4.7671],[-51.4088,4.7673],[-51.4086,4.7676],[-51.4084,4.7678],[-51.4082,4.768],[-51.4081,4.7682],[-51.4079,4.7684],[-51.4077,4.7686],[-51.4075,4.7689],[-51.4073,4.7691],[-51.4071,4.7693],[-51.4069,4.7695],[-51.4067,4.7697],[-51.4065,4.7699],[-51.4063,4.7702],[-51.4061,4.7704],[-51.406,4.7706],[-51.4058,4.7708],[-51.4056,4.771],[-51.4054,4.7712],[-51.4052,4.7715],[-51.405,4.7717],[-51.4048,4.7719],[-51.4046,4.7721],[-51.4044,4.7723],[-51.4042,4.7726],[-51.404,4.7728],[-51.4038,4.773],[-51.4037,4.7732],[-51.4035,4.7734],[-51.4033,4.7736],[-51.4031,4.7739],[-51.4029,4.7741],[-51.4027,4.7743],[-51.4025,4.7745],[-51.4023,4.7747],[-51.4021,4.7749],[-51.4019,4.7752],[-51.4017,4.7754],[-51.4016,4.7756],[-51.4014,4.7758],[-51.4012,4.776],[-51.401,4.7762],[-51.4008,4.7765],[-51.4006,4.7767],[-51.4004,4.7769],[-51.4002,4.7771],[-51.4,4.7773],[-51.3998,4.7775],[-51.3996,4.7778],[-51.3995,4.778],[-51.3993,4.7782],[-51.3991,4.7784],[-51.3989,4.7786],[-51.3987,4.7788],[-51.3985,4.7791],[-51.3983,4.7793],[-51.3981,4.7795],[-51.3979,4.7797],[-51.3977,4.7799],[-51.3975,4.7801],[-51.3974,4.7804],[-51.3972,4.7806],[-51.397,4.7808],[-51.3968,4.781],[-51.3966,4.7812],[-51.3964,4.7814],[-51.3962,4.7817],[-51.396,4.7819],[-51.3958,4.7821],[-51.3956,4.7823],[-51.3954,4.7825],[-51.3952,4.7827],[-51.3951,4.783],[-51.3949,4.7832],[-51.3947,4.7834],[-51.3945,4.7836],[-51.3943,4.7838],[-51.3941,4.784],[-51.3939,4.7843],[-51.3937,4.7845],[-51.3935,4.7847],[-51.3933,4.7849],[-51.3931,4.7851],[-51.393,4.7853],[-51.3928,4.7856],[-51.3926,4.7858],[-51.3924,4.786],[-51.3922,4.7862],[-51.392,4.7864],[-51.3918,4.7866],[-51.3916,4.7869],[-51.3914,4.7871],[-51.3912,4.7873],[-51.391,4.7875],[-51.3909,4.7877],[-51.3907,4.7879],[-51.3905,4.7882],[-51.3903,4.7884],[-51.3901,4.7886],[-51.3899,4.7888],[-51.3897,4.789],[-51.3895,4.7892],[-51.3893,4.7895],[-51.3891,4.7897],[-51.3889,4.7899],[-51.3887,4.7901],[-51.3886,4.7903],[-51.3884,4.7905],[-51.3882,4.7908],[-51.388,4.791],[-51.3878,4.7912],[-51.3876,4.7914],[-51.3874,4.7916],[-51.3872,4.7918],[-51.387,4.7921],[-51.3868,4.7923],[-51.3866,4.7925],[-51.3865,4.7927],[-51.3863,4.7929],[-51.3861,4.7931],[-51.3859,4.7934],[-51.3857,4.7936],[-51.3855,4.7938],[-51.3853,4.794],[-51.3851,4.7942],[-51.3849,4.7944],[-51.3847,4.7947],[-51.3845,4.7949],[-51.3844,4.7951],[-51.3842,4.7953],[-51.384,4.7955],[-51.3838,4.7957],[-51.3836,4.796],[-51.3834,4.7962],[-51.3832,4.7964],[-51.383,4.7966],[-51.3828,4.7968],[-51.3826,4.797],[-51.3824,4.7973],[-51.3823,4.7975],[-51.3821,4.7977],[-51.3819,4.7979],[-51.3817,4.7981],[-51.3815,4.7983],[-51.3813,4.7986],[-51.3811,4.7988],[-51.3809,4.799],[-51.3807,4.7992],[-51.3805,4.7994],[-51.3803,4.7996],[-51.3801,4.7999],[-51.38,4.8001],[-51.3798,4.8003],[-51.3796,4.8005],[-51.3794,4.8007],[-51.3792,4.8009],[-51.379,4.8012],[-51.3788,4.8014],[-51.3786,4.8016],[-51.3784,4.8018],[-51.3782,4.802],[-51.378,4.8022],[-51.3779,4.8025],[-51.3777,4.8027],[-51.3775,4.8029],[-51.3773,4.8031],[-51.3771,4.8033],[-51.3769,4.8035],[-51.3767,4.8038],[-51.3765,4.804],[-51.3763,4.8042],[-51.3761,4.8044],[-51.3759,4.8046],[-51.3758,4.8048],[-51.3756,4.8051],[-51.3754,4.8053],[-51.3752,4.8055],[-51.375,4.8057],[-51.3748,4.8059],[-51.3746,4.8061],[-51.3744,4.8064],[-51.3742,4.8066],[-51.374,4.8068],[-51.3738,4.807],[-51.3736,4.8072],[-51.3735,4.8074],[-51.3733,4.8077],[-51.3731,4.8079],[-51.3729,4.8081],[-51.3727,4.8083],[-51.3725,4.8085],[-51.3723,4.8087],[-51.3721,4.809],[-51.3719,4.8092],[-51.3717,4.8094],[-51.3715,4.8096],[-51.3714,4.8098],[-51.3712,4.81],[-51.371,4.8103],[-51.3708,4.8105],[-51.3706,4.8107],[-51.3704,4.8109],[-51.3702,4.8111],[-51.37,4.8113],[-51.3698,4.8116],[-51.3696,4.8118],[-51.3694,4.812],[-51.3693,4.8122],[-51.3691,4.8124],[-51.3689,4.8126],[-51.3687,4.8129],[-51.3685,4.8131],[-51.3683,4.8133],[-51.3681,4.8135],[-51.3679,4.8137],[-51.3677,4.8139],[-51.3675,4.8142],[-51.3673,4.8144],[-51.3672,4.8146],[-51.367,4.8148],[-51.3668,4.815],[-51.3666,4.8152],[-51.3664,4.8155],[-51.3662,4.8157],[-51.366,4.8159],[-51.3658,4.8161],[-51.3656,4.8163],[-51.3654,4.8165],[-51.3652,4.8168],[-51.365,4.817],[-51.3649,4.8172],[-51.3647,4.8174],[-51.3645,4.8176],[-51.3643,4.8178],[-51.3641,4.8181],[-51.3639,4.8183],[-51.3637,4.8185],[-51.3635,4.8187],[-51.3633,4.8189],[-51.3631,4.8191],[-51.3629,4.8194],[-51.3628,4.8196],[-51.3626,4.8198],[-51.3624,4.82],[-51.3622,4.8202],[-51.362,4.8204],[-51.3618,4.8207],[-51.3616,4.8209],[-51.3614,4.8211],[-51.3612,4.8213],[-51.361,4.8215],[-51.3608,4.8217],[-51.3607,4.822],[-51.3605,4.8222],[-51.3603,4.8224],[-51.3601,4.8226],[-51.3599,4.8228],[-51.3597,4.823],[-51.3595,4.8233],[-51.3593,4.8235],[-51.3591,4.8237],[-51.3589,4.8239],[-51.3587,4.8241],[-51.3585,4.8243],[-51.3584,4.8246],[-51.3582,4.8248],[-51.358,4.825],[-51.3578,4.8252],[-51.3576,4.8254],[-51.3574,4.8256],[-51.3572,4.8259],[-51.357,4.8261],[-51.3568,4.8263],[-51.3566,4.8265],[-51.3564,4.8267],[-51.3563,4.8269],[-51.3561,4.8272],[-51.3559,4.8274],[-51.3557,4.8276],[-51.3555,4.8278],[-51.3553,4.828],[-51.3551,4.8282],[-51.3549,4.8285],[-51.3547,4.8287],[-51.3545,4.8289],[-51.3543,4.8291],[-51.3542,4.8293],[-51.354,4.8296],[-51.3538,4.8298],[-51.3536,4.83],[-51.3534,4.8302],[-51.3532,4.8304],[-51.353,4.8306],[-51.3528,4.8309],[-51.3526,4.8311],[-51.3524,4.8313],[-51.3522,4.8315],[-51.352,4.8317],[-51.3519,4.8319],[-51.3517,4.8322],[-51.3515,4.8324],[-51.3513,4.8326],[-51.3511,4.8328],[-51.3509,4.833],[-51.3507,4.8332],[-51.3505,4.8335],[-51.3503,4.8337],[-51.3501,4.8339],[-51.3499,4.8341],[-51.3498,4.8343],[-51.3496,4.8345],[-51.3494,4.8348],[-51.3492,4.835],[-51.349,4.8352],[-51.3488,4.8354],[-51.3486,4.8356],[-51.3484,4.8358],[-51.3482,4.8361],[-51.348,4.8363],[-51.3478,4.8365],[-51.3477,4.8367],[-51.3475,4.8369],[-51.3473,4.8371],[-51.3471,4.8374],[-51.3469,4.8376],[-51.3467,4.8378],[-51.3465,4.838],[-51.3463,4.8382],[-51.3461,4.8384],[-51.3459,4.8387],[-51.3457,4.8389],[-51.3456,4.8391],[-51.3454,4.8393],[-51.3452,4.8395],[-51.345,4.8397],[-51.3448,4.84],[-51.3446,4.8402],[-51.3444,4.8404],[-51.3442,4.8406],[-51.344,4.8408],[-51.3438,4.841],[-51.3436,4.8413],[-51.3434,4.8415],[-51.3433,4.8417],[-51.3431,4.8419],[-51.3429,4.8421],[-51.3427,4.8423],[-51.3425,4.8426],[-51.3423,4.8428],[-51.3421,4.843],[-51.3419,4.8432],[-51.3417,4.8434],[-51.3415,4.8436],[-51.3413,4.8439],[-51.3412,4.8441],[-51.341,4.8443],[-51.3408,4.8445],[-51.3406,4.8447],[-51.3404,4.8449],[-51.3402,4.8452],[-51.34,4.8454],[-51.3398,4.8456],[-51.3396,4.8458],[-51.3394,4.846],[-51.3392,4.8462],[-51.3391,4.8465],[-51.3389,4.8467],[-51.3387,4.8469],[-51.3385,4.8471],[-51.3383,4.8473],[-51.3381,4.8475],[-51.3379,4.8478],[-51.3377,4.848],[-51.3375,4.8482],[-51.3373,4.8484],[-51.3371,4.8486],[-51.3369,4.8488],[-51.3368,4.8491],[-51.3366,4.8493],[-51.3364,4.8495],[-51.3362,4.8497],[-51.336,4.8499],[-51.3358,4.8501],[-51.3356,4.8504],[-51.3354,4.8506],[-51.3352,4.8508],[-51.335,4.851],[-51.3348,4.8512],[-51.3347,4.8514],[-51.3345,4.8517],[-51.3343,4.8519],[-51.3341,4.8521],[-51.3339,4.8523],[-51.3337,4.8525],[-51.3335,4.8527],[-51.3333,4.853],[-51.3331,4.8532],[-51.3329,4.8534],[-51.3327,4.8536],[-51.3326,4.8538],[-51.3324,4.854],[-51.3322,4.8543],[-51.332,4.8545],[-51.3318,4.8547],[-51.3316,4.8549],[-51.3314,4.8551],[-51.3312,4.8553],[-51.331,4.8556],[-51.3308,4.8558],[-51.3306,4.856],[-51.3304,4.8562],[-51.3303,4.8564],[-51.3301,4.8566],[-51.3299,4.8569],[-51.3297,4.8571],[-51.3295,4.8573],[-51.3293,4.8575],[-51.3291,4.8577],[-51.3289,4.8579],[-51.3287,4.8582],[-51.3285,4.8584],[-51.3283,4.8586],[-51.3282,4.8588],[-51.328,4.859],[-51.3278,4.8592],[-51.3276,4.8595],[-51.3274,4.8597],[-51.3272,4.8599],[-51.327,4.8601],[-51.3268,4.8603],[-51.3266,4.8605],[-51.3264,4.8608],[-51.3262,4.861],[-51.3261,4.8612],[-51.3259,4.8614],[-51.3257,4.8616],[-51.3255,4.8618],[-51.3253,4.8621],[-51.3251,4.8623],[-51.3249,4.8625],[-51.3247,4.8627],[-51.3245,4.8629],[-51.3243,4.8631],[-51.3241,4.8634],[-51.3239,4.8636],[-51.3238,4.8638],[-51.3236,4.864],[-51.3234,4.8642],[-51.3232,4.8644],[-51.323,4.8647],[-51.3228,4.8649],[-51.3226,4.8651],[-51.3224,4.8653],[-51.3222,4.8655],[-51.322,4.8657],[-51.3218,4.866],[-51.3217,4.8662],[-51.3215,4.8664],[-51.3213,4.8666],[-51.3211,4.8668],[-51.3209,4.867],[-51.3207,4.8673],[-51.3205,4.8675],[-51.3203,4.8677],[-51.3201,4.8679],[-51.3199,4.8681],[-51.3197,4.8683],[-51.3196,4.8686],[-51.3194,4.8688],[-51.3192,4.869],[-51.319,4.8692],[-51.3188,4.8694],[-51.3186,4.8696],[-51.3184,4.8699],[-51.3182,4.8701],[-51.318,4.8703],[-51.3178,4.8705],[-51.3176,4.8707],[-51.3175,4.8709],[-51.3173,4.8712],[-51.3171,4.8714],[-51.3169,4.8716],[-51.3167,4.8718],[-51.3165,4.872],[-51.3163,4.8722],[-51.3161,4.8725],[-51.3159,4.8727],[-51.3157,4.8729],[-51.3155,4.8731],[-51.3153,4.8733],[-51.3152,4.8735],[-51.315,4.8738],[-51.3148,4.874],[-51.3146,4.8742],[-51.3144,4.8744],[-51.3142,4.8746],[-51.314,4.8748],[-51.3138,4.8751],[-51.3136,4.8753],[-51.3134,4.8755],[-51.3132,4.8757],[-51.3131,4.8759],[-51.3129,4.8761],[-51.3127,4.8764],[-51.3125,4.8766],[-51.3123,4.8768],[-51.3121,4.877],[-51.3119,4.8772],[-51.3117,4.8774],[-51.3115,4.8777],[-51.3113,4.8779],[-51.3111,4.8781],[-51.311,4.8783],[-51.3108,4.8785],[-51.3106,4.8787],[-51.3104,4.879],[-51.3102,4.8792],[-51.31,4.8794],[-51.3098,4.8796],[-51.3096,4.8798],[-51.3094,4.88],[-51.3092,4.8803],[-51.309,4.8805],[-51.3088,4.8807],[-51.3087,4.8809],[-51.3085,4.8811],[-51.3083,4.8813],[-51.3081,4.8816],[-51.3079,4.8818],[-51.3077,4.882],[-51.3075,4.8822],[-51.3073,4.8824],[-51.3071,4.8826],[-51.3069,4.8829],[-51.3067,4.8831],[-51.3066,4.8833],[-51.3064,4.8835],[-51.3062,4.8837],[-51.306,4.8839],[-51.3058,4.8842],[-51.3056,4.8844],[-51.3054,4.8846],[-51.3052,4.8848],[-51.305,4.885],[-51.3048,4.8852],[-51.3046,4.8855],[-51.3045,4.8857],[-51.3043,4.8859],[-51.3041,4.8861],[-51.3039,4.8863],[-51.3037,4.8866],[-51.3035,4.8868],[-51.3033,4.887],[-51.3031,4.8872],[-51.3029,4.8874],[-51.3027,4.8876],[-51.3025,4.8879],[-51.3023,4.8881],[-51.3022,4.8883],[-51.302,4.8885],[-51.3018,4.8887],[-51.3016,4.8889],[-51.3014,4.8892],[-51.3012,4.8894],[-51.301,4.8896],[-51.3008,4.8898],[-51.3006,4.89],[-51.3004,4.8902],[-51.3002,4.8905],[-51.3001,4.8907],[-51.2999,4.8909],[-51.2997,4.8911],[-51.2995,4.8913],[-51.2993,4.8915],[-51.2991,4.8918],[-51.2989,4.892],[-51.2987,4.8922],[-51.2985,4.8924],[-51.2983,4.8926],[-51.2981,4.8928],[-51.298,4.8931],[-51.2978,4.8933],[-51.2976,4.8935],[-51.2974,4.8937],[-51.2972,4.8939],[-51.297,4.8941],[-51.2968,4.8944],[-51.2966,4.8946],[-51.2964,4.8948],[-51.2962,4.895],[-51.296,4.8952],[-51.2958,4.8954],[-51.2957,4.8957],[-51.2955,4.8959],[-51.2953,4.8961],[-51.2951,4.8963],[-51.2949,4.8965],[-51.2947,4.8967],[-51.2945,4.897],[-51.2943,4.8972],[-51.2941,4.8974],[-51.2939,4.8976],[-51.2937,4.8978],[-51.2936,4.898],[-51.2934,4.8983],[-51.2932,4.8985],[-51.293,4.8987],[-51.2928,4.8989],[-51.2926,4.8991],[-51.2924,4.8993],[-51.2922,4.8996],[-51.292,4.8998],[-51.2918,4.9],[-51.2916,4.9002],[-51.2915,4.9004],[-51.2913,4.9006],[-51.2911,4.9009],[-51.2909,4.9011],[-51.2907,4.9013],[-51.2905,4.9015],[-51.2903,4.9017],[-51.2901,4.9019],[-51.2899,4.9022],[-51.2897,4.9024],[-51.2895,4.9026],[-51.2893,4.9028],[-51.2892,4.903],[-51.289,4.9032],[-51.2888,4.9035],[-51.2886,4.9037],[-51.2884,4.9039],[-51.2882,4.9041],[-51.288,4.9043],[-51.2878,4.9045],[-51.2876,4.9048],[-51.2874,4.905],[-51.2872,4.9052],[-51.2871,4.9054],[-51.2869,4.9056],[-51.2867,4.9058],[-51.2865,4.9061],[-51.2863,4.9063],[-51.2861,4.9065],[-51.2859,4.9067],[-51.2857,4.9069],[-51.2855,4.9071],[-51.2853,4.9074],[-51.2851,4.9076],[-51.285,4.9078],[-51.2848,4.908],[-51.2846,4.9082],[-51.2844,4.9084],[-51.2842,4.9087],[-51.284,4.9089],[-51.2838,4.9091],[-51.2836,4.9093],[-51.2834,4.9095],[-51.2832,4.9097],[-51.283,4.91],[-51.2828,4.9102],[-51.2827,4.9104],[-51.2825,4.9106],[-51.2823,4.9108],[-51.2821,4.911],[-51.2819,4.9113],[-51.2817,4.9115],[-51.2815,4.9117],[-51.2813,4.9119],[-51.2811,4.9121],[-51.2809,4.9123],[-51.2807,4.9126],[-51.2806,4.9128],[-51.2804,4.913],[-51.2802,4.9132],[-51.28,4.9134],[-51.2798,4.9136],[-51.2796,4.9139],[-51.2794,4.9141],[-51.2792,4.9143],[-51.279,4.9145],[-51.2788,4.9147],[-51.2786,4.9149],[-51.2785,4.9152],[-51.2783,4.9154],[-51.2781,4.9156],[-51.2779,4.9158],[-51.2777,4.916],[-51.2775,4.9162],[-51.2773,4.9165],[-51.2771,4.9167],[-51.2769,4.9169],[-51.2767,4.9171],[-51.2765,4.9173],[-51.2763,4.9175],[-51.2762,4.9178],[-51.276,4.918],[-51.2758,4.9182],[-51.2756,4.9184],[-51.2754,4.9186],[-51.2752,4.9188],[-51.275,4.9191],[-51.2748,4.9193],[-51.2746,4.9195],[-51.2744,4.9197],[-51.2742,4.9199],[-51.2741,4.9201],[-51.2739,4.9204],[-51.2737,4.9206],[-51.2735,4.9208],[-51.2733,4.921],[-51.2731,4.9212],[-51.2729,4.9214],[-51.2727,4.9217],[-51.2725,4.9219],[-51.2723,4.9221],[-51.2721,4.9223],[-51.272,4.9225],[-51.2718,4.9227],[-51.2716,4.923],[-51.2714,4.9232],[-51.2712,4.9234],[-51.271,4.9236],[-51.2708,4.9238],[-51.2706,4.924],[-51.2704,4.9243],[-51.2702,4.9245],[-51.27,4.9247],[-51.2698,4.9249],[-51.2697,4.9251],[-51.2695,4.9253],[-51.2693,4.9256],[-51.2691,4.9258],[-51.2689,4.926],[-51.2687,4.9262],[-51.2685,4.9264],[-51.2683,4.9266],[-51.2681,4.9269],[-51.2679,4.9271],[-51.2677,4.9273],[-51.2676,4.9275],[-51.2674,4.9277],[-51.2672,4.9279],[-51.267,4.9282],[-51.2668,4.9284],[-51.2666,4.9286],[-51.2664,4.9288],[-51.2662,4.929],[-51.266,4.9292],[-51.2658,4.9295],[-51.2656,4.9297],[-51.2655,4.9299],[-51.2653,4.9301],[-51.2651,4.9303],[-51.2649,4.9305],[-51.2647,4.9308],[-51.2645,4.931],[-51.2643,4.9312],[-51.2641,4.9314],[-51.2639,4.9316],[-51.2637,4.9318],[-51.2635,4.9321],[-51.2633,4.9323],[-51.2632,4.9325],[-51.263,4.9327],[-51.2628,4.9329],[-51.2626,4.9331],[-51.2624,4.9334],[-51.2622,4.9336],[-51.262,4.9338],[-51.2618,4.934],[-51.2616,4.9342],[-51.2614,4.9344],[-51.2612,4.9347],[-51.2611,4.9349],[-51.2609,4.9351],[-51.2607,4.9353],[-51.2605,4.9355],[-51.2603,4.9357],[-51.2601,4.936],[-51.2599,4.9362],[-51.2597,4.9364],[-51.2595,4.9366],[-51.2593,4.9368],[-51.2591,4.937],[-51.259,4.9373],[-51.2588,4.9375],[-51.2586,4.9377],[-51.2584,4.9379],[-51.2582,4.9381],[-51.258,4.9383],[-51.2578,4.9386],[-51.2576,4.9388],[-51.2574,4.939],[-51.2572,4.9392],[-51.257,4.9394],[-51.2568,4.9396],[-51.2567,4.9399],[-51.2565,4.9401],[-51.2563,4.9403],[-51.2561,4.9405],[-51.2559,4.9407],[-51.2557,4.9409],[-51.2555,4.9412],[-51.2553,4.9414],[-51.2551,4.9416],[-51.2549,4.9418],[-51.2547,4.942],[-51.2546,4.9422],[-51.2544,4.9425],[-51.2542,4.9427],[-51.254,4.9429],[-51.2538,4.9431],[-51.2536,4.9433],[-51.2534,4.9436],[-51.2532,4.9438],[-51.253,4.944],[-51.2528,4.9442],[-51.2526,4.9444],[-51.2525,4.9446],[-51.2523,4.9449],[-51.2521,4.9451],[-51.2519,4.9453],[-51.2517,4.9455],[-51.2515,4.9457],[-51.2513,4.9459],[-51.2511,4.9462],[-51.2509,4.9464],[-51.2507,4.9466],[-51.2505,4.9468],[-51.2503,4.947],[-51.2502,4.9472],[-51.25,4.9475],[-51.2498,4.9477],[-51.2496,4.9479],[-51.2494,4.9481],[-51.2492,4.9483],[-51.249,4.9485],[-51.2488,4.9488],[-51.2486,4.949],[-51.2484,4.9492],[-51.2482,4.9494],[-51.2481,4.9496],[-51.2479,4.9498],[-51.2477,4.9501],[-51.2475,4.9503],[-51.2473,4.9505],[-51.2471,4.9507],[-51.2469,4.9509],[-51.2467,4.9511],[-51.2465,4.9514],[-51.2463,4.9516],[-51.2461,4.9518],[-51.246,4.952],[-51.2458,4.9522],[-51.2456,4.9524],[-51.2454,4.9527],[-51.2452,4.9529],[-51.245,4.9531],[-51.2448,4.9533],[-51.2446,4.9535],[-51.2444,4.9537],[-51.2442,4.954],[-51.244,4.9542],[-51.2438,4.9544],[-51.2437,4.9546],[-51.2435,4.9548],[-51.2433,4.955],[-51.2431,4.9553],[-51.2429,4.9555],[-51.2427,4.9557],[-51.2425,4.9559],[-51.2423,4.9561],[-51.2421,4.9563],[-51.2419,4.9566],[-51.2417,4.9568],[-51.2416,4.957],[-51.2414,4.9572],[-51.2412,4.9574],[-51.241,4.9576],[-51.2408,4.9579],[-51.2406,4.9581],[-51.2404,4.9583],[-51.2402,4.9585],[-51.24,4.9587],[-51.2398,4.9589],[-51.2396,4.9592],[-51.2395,4.9594],[-51.2393,4.9596],[-51.2391,4.9598],[-51.2389,4.96],[-51.2387,4.9602],[-51.2385,4.9605],[-51.2383,4.9607],[-51.2381,4.9609],[-51.2379,4.9611],[-51.2377,4.9613],[-51.2375,4.9615],[-51.2373,4.9618],[-51.2372,4.962],[-51.237,4.9622],[-51.2368,4.9624],[-51.2366,4.9626],[-51.2364,4.9628],[-51.2362,4.9631],[-51.236,4.9633],[-51.2358,4.9635],[-51.2356,4.9637],[-51.2354,4.9639],[-51.2352,4.9641],[-51.2351,4.9644],[-51.2349,4.9646],[-51.2347,4.9648],[-51.2345,4.965],[-51.2343,4.9652],[-51.2341,4.9654],[-51.2339,4.9657],[-51.2337,4.9659],[-51.2335,4.9661],[-51.2333,4.9663],[-51.2331,4.9665],[-51.233,4.9667],[-51.2328,4.967],[-51.2326,4.9672],[-51.2324,4.9674],[-51.2322,4.9676],[-51.232,4.9678],[-51.2318,4.968],[-51.2316,4.9683],[-51.2314,4.9685],[-51.2312,4.9687],[-51.231,4.9689],[-51.2308,4.9691],[-51.2307,4.9693],[-51.2305,4.9696],[-51.2303,4.9698],[-51.2301,4.97],[-51.2299,4.9702],[-51.2297,4.9704],[-51.2295,4.9706],[-51.2293,4.9709],[-51.2291,4.9711],[-51.2289,4.9713],[-51.2287,4.9715],[-51.2286,4.9717],[-51.2284,4.9719],[-51.2282,4.9722],[-51.228,4.9724],[-51.2278,4.9726],[-51.2276,4.9728],[-51.2274,4.973],[-51.2272,4.9732],[-51.227,4.9735],[-51.2268,4.9737],[-51.2266,4.9739],[-51.2264,4.9741],[-51.2263,4.9743],[-51.2261,4.9745],[-51.2259,4.9748],[-51.2257,4.975],[-51.2255,4.9752],[-51.2253,4.9754],[-51.2251,4.9756],[-51.2249,4.9758],[-51.2247,4.9761],[-51.2245,4.9763],[-51.2243,4.9765],[-51.2242,4.9767],[-51.224,4.9769],[-51.2238,4.9771],[-51.2236,4.9774],[-51.2234,4.9776],[-51.2232,4.9778],[-51.223,4.978],[-51.2228,4.9782],[-51.2226,4.9784],[-51.2224,4.9787],[-51.2222,4.9789],[-51.2221,4.9791],[-51.2219,4.9793],[-51.2217,4.9795],[-51.2215,4.9797],[-51.2213,4.98],[-51.2211,4.9802],[-51.2209,4.9804],[-51.2207,4.9806],[-51.2205,4.9808],[-51.2203,4.981],[-51.2201,4.9813],[-51.2199,4.9815],[-51.2198,4.9817],[-51.2196,4.9819],[-51.2194,4.9821],[-51.2192,4.9823],[-51.219,4.9826],[-51.2188,4.9828],[-51.2186,4.983],[-51.2184,4.9832],[-51.2182,4.9834],[-51.218,4.9836],[-51.2178,4.9839],[-51.2177,4.9841],[-51.2175,4.9843],[-51.2173,4.9845],[-51.2171,4.9847],[-51.2169,4.9849],[-51.2167,4.9852],[-51.2165,4.9854],[-51.2163,4.9856],[-51.2161,4.9858],[-51.2159,4.986],[-51.2157,4.9862],[-51.2156,4.9865],[-51.2154,4.9867],[-51.2152,4.9869],[-51.215,4.9871],[-51.2148,4.9873],[-51.2146,4.9875],[-51.2144,4.9878],[-51.2142,4.988],[-51.214,4.9882],[-51.2138,4.9884],[-51.2136,4.9886],[-51.2134,4.9888],[-51.2133,4.9891],[-51.2131,4.9893],[-51.2129,4.9895],[-51.2127,4.9897],[-51.2125,4.9899],[-51.2123,4.9901],[-51.2121,4.9904],[-51.2119,4.9906],[-51.2117,4.9908],[-51.2115,4.991],[-51.2113,4.9912],[-51.2112,4.9914],[-51.211,4.9917],[-51.2108,4.9919],[-51.2106,4.9921],[-51.2104,4.9923],[-51.2102,4.9925],[-51.21,4.9927],[-51.2098,4.993],[-51.2096,4.9932],[-51.2094,4.9934],[-51.2092,4.9936],[-51.2091,4.9938],[-51.2089,4.994],[-51.2087,4.9943],[-51.2085,4.9945],[-51.2083,4.9947],[-51.2081,4.9949],[-51.2079,4.9951],[-51.2077,4.9953],[-51.2075,4.9956],[-51.2073,4.9958],[-51.2071,4.996],[-51.2069,4.9962],[-51.2068,4.9964],[-51.2066,4.9966],[-51.2064,4.9969],[-51.2062,4.9971],[-51.206,4.9973],[-51.2058,4.9975],[-51.2056,4.9977],[-51.2054,4.9979],[-51.2052,4.9982],[-51.205,4.9984],[-51.2048,4.9986],[-51.2047,4.9988],[-51.2045,4.999],[-51.2043,4.9992],[-51.2041,4.9995],[-51.2039,4.9997],[-51.2037,4.9999],[-51.2035,5.0001],[-51.2033,5.0003],[-51.2031,5.0005],[-51.2029,5.0008],[-51.2027,5.001],[-51.2026,5.0012],[-51.2024,5.0014],[-51.2022,5.0016],[-51.202,5.0019],[-51.2018,5.0021],[-51.2016,5.0023],[-51.2014,5.0025],[-51.2012,5.0027],[-51.201,5.0029],[-51.2008,5.0032],[-51.2006,5.0034],[-51.2004,5.0036],[-51.2003,5.0038],[-51.2001,5.004],[-51.1999,5.0042],[-51.1997,5.0045],[-51.1995,5.0047],[-51.1993,5.0049],[-51.1991,5.0051],[-51.1989,5.0053],[-51.1987,5.0055],[-51.1985,5.0058],[-51.1983,5.006],[-51.1982,5.0062],[-51.198,5.0064],[-51.1978,5.0066],[-51.1976,5.0068],[-51.1974,5.0071],[-51.1972,5.0073],[-51.197,5.0075],[-51.1968,5.0077],[-51.1966,5.0079],[-51.1964,5.0081],[-51.1962,5.0084],[-51.196,5.0086],[-51.1959,5.0088],[-51.1957,5.009],[-51.1955,5.0092],[-51.1953,5.0094],[-51.1951,5.0097],[-51.1949,5.0099],[-51.1947,5.0101],[-51.1945,5.0103],[-51.1943,5.0105],[-51.1941,5.0107],[-51.1939,5.011],[-51.1938,5.0112],[-51.1936,5.0114],[-51.1934,5.0116],[-51.1932,5.0118],[-51.193,5.012],[-51.1928,5.0123],[-51.1926,5.0125],[-51.1924,5.0127],[-51.1922,5.0129],[-51.192,5.0131],[-51.1918,5.0133],[-51.1917,5.0136],[-51.1915,5.0138],[-51.1913,5.014],[-51.1911,5.0142],[-51.1909,5.0144],[-51.1907,5.0146],[-51.1905,5.0149],[-51.1903,5.0151],[-51.1901,5.0153],[-51.1899,5.0155],[-51.1897,5.0157],[-51.1895,5.0159],[-51.1894,5.0162],[-51.1892,5.0164],[-51.189,5.0166],[-51.1888,5.0168],[-51.1886,5.017],[-51.1884,5.0172],[-51.1882,5.0175],[-51.188,5.0177],[-51.1878,5.0179],[-51.1876,5.0181],[-51.1874,5.0183],[-51.1873,5.0185],[-51.1871,5.0188],[-51.1869,5.019],[-51.1867,5.0192],[-51.1865,5.0194],[-51.1863,5.0196],[-51.1861,5.0198],[-51.1859,5.0201],[-51.1857,5.0203],[-51.1855,5.0205],[-51.1853,5.0207],[-51.1852,5.0209],[-51.185,5.0211],[-51.1848,5.0214],[-51.1846,5.0216],[-51.1844,5.0218],[-51.1842,5.022],[-51.184,5.0222],[-51.1838,5.0224],[-51.1836,5.0227],[-51.1834,5.0229],[-51.1832,5.0231],[-51.183,5.0233],[-51.1829,5.0235],[-51.1827,5.0237],[-51.1825,5.024],[-51.1823,5.0242],[-51.1821,5.0244],[-51.1819,5.0246],[-51.1817,5.0248],[-51.1815,5.025],[-51.1813,5.0253],[-51.1811,5.0255],[-51.1809,5.0257],[-51.1808,5.0259],[-51.1806,5.0261],[-51.1804,5.0263],[-51.1802,5.0266],[-51.18,5.0268],[-51.1798,5.027],[-51.1796,5.0272],[-51.1794,5.0274],[-51.1792,5.0276],[-51.179,5.0279],[-51.1788,5.0281],[-51.1786,5.0283],[-51.1785,5.0285],[-51.1783,5.0287],[-51.1781,5.0289],[-51.1779,5.0292],[-51.1777,5.0294],[-51.1775,5.0296],[-51.1773,5.0298],[-51.1771,5.03],[-51.1769,5.0302],[-51.1767,5.0305],[-51.1765,5.0307],[-51.1764,5.0309],[-51.1762,5.0311],[-51.176,5.0313],[-51.1758,5.0315],[-51.1756,5.0318],[-51.1754,5.032],[-51.1752,5.0322],[-51.175,5.0324],[-51.1748,5.0326],[-51.1746,5.0328],[-51.1744,5.0331],[-51.1743,5.0333],[-51.1741,5.0335],[-51.1739,5.0337],[-51.1737,5.0339],[-51.1735,5.0341],[-51.1733,5.0344],[-51.1731,5.0346],[-51.1729,5.0348],[-51.1727,5.035],[-51.1725,5.0352],[-51.1723,5.0354],[-51.1721,5.0357],[-51.172,5.0359],[-51.1718,5.0361],[-51.1716,5.0363],[-51.1714,5.0365],[-51.1712,5.0367],[-51.171,5.037],[-51.1708,5.0372],[-51.1706,5.0374],[-51.1704,5.0376],[-51.1702,5.0378],[-51.17,5.038],[-51.1699,5.0383],[-51.1697,5.0385],[-51.1695,5.0387],[-51.1693,5.0389],[-51.1691,5.0391],[-51.1689,5.0393],[-51.1687,5.0396],[-51.1685,5.0398],[-51.1683,5.04],[-51.1681,5.0402],[-51.1679,5.0404],[-51.1678,5.0406],[-51.1676,5.0409],[-51.1674,5.0411],[-51.1672,5.0413],[-51.167,5.0415],[-51.1668,5.0417],[-51.1666,5.0419],[-51.1664,5.0422],[-51.1662,5.0424],[-51.166,5.0426],[-51.1658,5.0428],[-51.1656,5.043],[-51.1655,5.0432],[-51.1653,5.0435],[-51.1651,5.0437],[-51.1649,5.0439],[-51.1647,5.0441],[-51.1645,5.0443],[-51.1643,5.0445],[-51.1641,5.0448],[-51.1639,5.045],[-51.1637,5.0452],[-51.1635,5.0454],[-51.1634,5.0456],[-51.1632,5.0458],[-51.163,5.0461],[-51.1628,5.0463],[-51.1626,5.0465],[-51.1624,5.0467],[-51.1622,5.0469],[-51.162,5.0471],[-51.1618,5.0474],[-51.1616,5.0476],[-51.1614,5.0478],[-51.1612,5.048],[-51.1611,5.0482],[-51.1609,5.0484],[-51.1607,5.0487],[-51.1605,5.0489],[-51.1603,5.0491],[-51.1601,5.0493],[-51.1599,5.0495],[-51.1597,5.0497],[-51.1595,5.05],[-51.1593,5.0502],[-51.1591,5.0504],[-51.159,5.0506],[-51.1588,5.0508],[-51.1586,5.051],[-51.1584,5.0513],[-51.1582,5.0515],[-51.158,5.0517],[-51.1578,5.0519],[-51.1576,5.0521],[-51.1574,5.0523],[-51.1572,5.0526],[-51.157,5.0528],[-51.1569,5.053],[-51.1567,5.0532],[-51.1565,5.0534],[-51.1563,5.0536],[-51.1561,5.0539],[-51.1559,5.0541],[-51.1557,5.0543],[-51.1555,5.0545],[-51.1553,5.0547],[-51.1551,5.0549],[-51.1549,5.0552],[-51.1547,5.0554],[-51.1546,5.0556],[-51.1544,5.0558],[-51.1542,5.056],[-51.154,5.0562],[-51.1538,5.0565],[-51.1536,5.0567],[-51.1534,5.0569],[-51.1532,5.0571],[-51.153,5.0573],[-51.1528,5.0575],[-51.1526,5.0578],[-51.1525,5.058],[-51.1523,5.0582],[-51.1521,5.0584],[-51.1519,5.0586],[-51.1517,5.0589],[-51.1515,5.0591],[-51.1513,5.0593],[-51.1511,5.0595],[-51.1509,5.0597],[-51.1507,5.0599],[-51.1505,5.0602],[-51.1504,5.0604],[-51.1502,5.0606],[-51.15,5.0608],[-51.1498,5.061],[-51.1496,5.0612],[-51.1494,5.0615],[-51.1492,5.0617],[-51.149,5.0619],[-51.1488,5.0621],[-51.1486,5.0623],[-51.1484,5.0625],[-51.1482,5.0628],[-51.1481,5.063],[-51.1479,5.0632],[-51.1477,5.0634],[-51.1475,5.0636],[-51.1473,5.0638],[-51.1471,5.0641],[-51.1469,5.0643],[-51.1467,5.0645],[-51.1465,5.0647],[-51.1463,5.0649],[-51.1461,5.0651],[-51.146,5.0654],[-51.1458,5.0656],[-51.1456,5.0658],[-51.1454,5.066],[-51.1452,5.0662],[-51.145,5.0664],[-51.1448,5.0667],[-51.1446,5.0669],[-51.1444,5.0671],[-51.1442,5.0673],[-51.144,5.0675],[-51.1438,5.0677],[-51.1437,5.068],[-51.1435,5.0682],[-51.1433,5.0684],[-51.1431,5.0686],[-51.1429,5.0688],[-51.1427,5.069],[-51.1425,5.0693],[-51.1423,5.0695],[-51.1421,5.0697],[-51.1419,5.0699],[-51.1417,5.0701],[-51.1416,5.0703],[-51.1414,5.0706],[-51.1412,5.0708],[-51.141,5.071],[-51.1408,5.0712],[-51.1406,5.0714],[-51.1404,5.0716],[-51.1402,5.0719],[-51.14,5.0721],[-51.1398,5.0723],[-51.1396,5.0725],[-51.1395,5.0727],[-51.1393,5.0729],[-51.1391,5.0732],[-51.1389,5.0734],[-51.1387,5.0736],[-51.1385,5.0738],[-51.1383,5.074],[-51.1381,5.0742],[-51.1379,5.0745],[-51.1377,5.0747],[-51.1375,5.0749],[-51.1373,5.0751],[-51.1372,5.0753],[-51.137,5.0755],[-51.1368,5.0758],[-51.1366,5.076],[-51.1364,5.0762],[-51.1362,5.0764],[-51.136,5.0766],[-51.1358,5.0768],[-51.1356,5.0771],[-51.1354,5.0773],[-51.1352,5.0775],[-51.1351,5.0777],[-51.1349,5.0779],[-51.1347,5.0781],[-51.1345,5.0784],[-51.1343,5.0786],[-51.1341,5.0788],[-51.1339,5.079],[-51.1337,5.0792],[-51.1335,5.0794],[-51.1333,5.0797],[-51.1331,5.0799],[-51.1329,5.0801],[-51.1328,5.0803],[-51.1326,5.0805],[-51.1324,5.0807],[-51.1322,5.081],[-51.132,5.0812],[-51.1318,5.0814],[-51.1316,5.0816],[-51.1314,5.0818],[-51.1312,5.082],[-51.131,5.0823],[-51.1308,5.0825],[-51.1307,5.0827],[-51.1305,5.0829],[-51.1303,5.0831],[-51.1301,5.0833],[-51.1299,5.0836],[-51.1297,5.0838],[-51.1295,5.084],[-51.1293,5.0842],[-51.1291,5.0844],[-51.1289,5.0846],[-51.1287,5.0849],[-51.1286,5.0851],[-51.1284,5.0853],[-51.1282,5.0855],[-51.128,5.0857],[-51.1278,5.0859],[-51.1276,5.0862],[-51.1274,5.0864],[-51.1272,5.0866],[-51.127,5.0868],[-51.1268,5.087],[-51.1266,5.0872],[-51.1264,5.0875],[-51.1263,5.0877],[-51.1261,5.0879],[-51.1259,5.0881],[-51.1257,5.0883],[-51.1255,5.0885],[-51.1253,5.0888],[-51.1251,5.089],[-51.1249,5.0892],[-51.1247,5.0894],[-51.1245,5.0896],[-51.1243,5.0898],[-51.1242,5.0901],[-51.124,5.0903],[-51.1238,5.0905],[-51.1236,5.0907],[-51.1234,5.0909],[-51.1232,5.0911],[-51.123,5.0914],[-51.1228,5.0916],[-51.1226,5.0918],[-51.1224,5.092],[-51.1222,5.0922],[-51.122,5.0924],[-51.1219,5.0927],[-51.1217,5.0929],[-51.1215,5.0931],[-51.1213,5.0933],[-51.1211,5.0935],[-51.1209,5.0937],[-51.1207,5.094],[-51.1205,5.0942],[-51.1203,5.0944],[-51.1201,5.0946],[-51.1199,5.0948],[-51.1198,5.095],[-51.1196,5.0953],[-51.1194,5.0955],[-51.1192,5.0957],[-51.119,5.0959],[-51.1188,5.0961],[-51.1186,5.0963],[-51.1184,5.0966],[-51.1182,5.0968],[-51.118,5.097],[-51.1178,5.0972],[-51.1177,5.0974],[-51.1175,5.0976],[-51.1173,5.0979],[-51.1171,5.0981],[-51.1169,5.0983],[-51.1167,5.0985],[-51.1165,5.0987],[-51.1163,5.0989],[-51.1161,5.0992],[-51.1159,5.0994],[-51.1157,5.0996],[-51.1155,5.0998],[-51.1154,5.1],[-51.1152,5.1002],[-51.115,5.1005],[-51.1148,5.1007],[-51.1146,5.1009],[-51.1144,5.1011],[-51.1142,5.1013],[-51.114,5.1015],[-51.1138,5.1018],[-51.1136,5.102],[-51.1134,5.1022],[-51.1133,5.1024],[-51.1131,5.1026],[-51.1129,5.1028],[-51.1127,5.1031],[-51.1125,5.1033],[-51.1123,5.1035],[-51.1121,5.1037],[-51.1119,5.1039],[-51.1117,5.1041],[-51.1115,5.1044],[-51.1113,5.1046],[-51.1111,5.1048],[-51.111,5.105],[-51.1108,5.1052],[-51.1106,5.1054],[-51.1104,5.1057],[-51.1102,5.1059],[-51.11,5.1061],[-51.1098,5.1063],[-51.1096,5.1065],[-51.1094,5.1067],[-51.1092,5.107],[-51.109,5.1072],[-51.1089,5.1074],[-51.1087,5.1076],[-51.1085,5.1078],[-51.1083,5.108],[-51.1081,5.1083],[-51.1079,5.1085],[-51.1077,5.1087],[-51.1075,5.1089],[-51.1073,5.1091],[-51.1071,5.1093],[-51.1069,5.1096],[-51.1068,5.1098],[-51.1066,5.11],[-51.1064,5.1102],[-51.1062,5.1104],[-51.106,5.1106],[-51.1058,5.1109],[-51.1056,5.1111],[-51.1054,5.1113],[-51.1052,5.1115],[-51.105,5.1117],[-51.1048,5.1119],[-51.1046,5.1122],[-51.1045,5.1124],[-51.1043,5.1126],[-51.1041,5.1128],[-51.1039,5.113],[-51.1037,5.1132],[-51.1035,5.1135],[-51.1033,5.1137],[-51.1031,5.1139],[-51.1029,5.1141],[-51.1027,5.1143],[-51.1025,5.1145],[-51.1024,5.1148],[-51.1022,5.115],[-51.102,5.1152],[-51.1018,5.1154],[-51.1016,5.1156],[-51.1014,5.1158],[-51.1012,5.1161],[-51.101,5.1163],[-51.1008,5.1165],[-51.1006,5.1167],[-51.1004,5.1169],[-51.1002,5.1172],[-51.1001,5.1174],[-51.0999,5.1176],[-51.0997,5.1178],[-51.0995,5.118],[-51.0993,5.1182],[-51.0991,5.1185],[-51.0989,5.1187],[-51.0987,5.1189],[-51.0985,5.1191],[-51.0983,5.1193],[-51.0981,5.1195],[-51.098,5.1198],[-51.0978,5.12],[-51.0976,5.1202],[-51.0974,5.1204],[-51.0972,5.1206],[-51.097,5.1208],[-51.0968,5.1211],[-51.0966,5.1213],[-51.0964,5.1215],[-51.0962,5.1217],[-51.096,5.1219],[-51.0959,5.1221],[-51.0957,5.1224],[-51.0955,5.1226],[-51.0953,5.1228],[-51.0951,5.123],[-51.0949,5.1232],[-51.0947,5.1234],[-51.0945,5.1237],[-51.0943,5.1239],[-51.0941,5.1241],[-51.0939,5.1243],[-51.0937,5.1245],[-51.0936,5.1247],[-51.0934,5.125],[-51.0932,5.1252],[-51.093,5.1254],[-51.0928,5.1256],[-51.0926,5.1258],[-51.0924,5.126],[-51.0922,5.1263],[-51.092,5.1265],[-51.0918,5.1267],[-51.0916,5.1269],[-51.0915,5.1271],[-51.0913,5.1273],[-51.0911,5.1276],[-51.0909,5.1278],[-51.0907,5.128],[-51.0905,5.1282],[-51.0903,5.1284],[-51.0901,5.1286],[-51.0899,5.1289],[-51.0897,5.1291],[-51.0895,5.1293],[-51.0893,5.1295],[-51.0892,5.1297],[-51.089,5.1299],[-51.0888,5.1302],[-51.0886,5.1304],[-51.0884,5.1306],[-51.0882,5.1308],[-51.088,5.131],[-51.0878,5.1312],[-51.0876,5.1315],[-51.0874,5.1317],[-51.0872,5.1319],[-51.0871,5.1321],[-51.0869,5.1323],[-51.0867,5.1325],[-51.0865,5.1328],[-51.0863,5.133],[-51.0861,5.1332],[-51.0859,5.1334],[-51.0857,5.1336],[-51.0855,5.1338],[-51.0853,5.1341],[-51.0851,5.1343],[-51.085,5.1345],[-51.0848,5.1347],[-51.0846,5.1349],[-51.0844,5.1351],[-51.0842,5.1354],[-51.084,5.1356],[-51.0838,5.1358],[-51.0836,5.136],[-51.0834,5.1362],[-51.0832,5.1364],[-51.083,5.1367],[-51.0828,5.1369],[-51.0827,5.1371],[-51.0825,5.1373],[-51.0823,5.1375],[-51.0821,5.1377],[-51.0819,5.138],[-51.0817,5.1382],[-51.0815,5.1384],[-51.0813,5.1386],[-51.0811,5.1388],[-51.0809,5.139],[-51.0807,5.1393],[-51.0806,5.1395],[-51.0804,5.1397],[-51.0802,5.1399],[-51.08,5.1401],[-51.0798,5.1403],[-51.0796,5.1406],[-51.0794,5.1408],[-51.0792,5.141],[-51.079,5.1412],[-51.0788,5.1414],[-51.0786,5.1416],[-51.0784,5.1419],[-51.0783,5.1421],[-51.0781,5.1423],[-51.0779,5.1425],[-51.0777,5.1427],[-51.0775,5.1429],[-51.0773,5.1432],[-51.0771,5.1434],[-51.0769,5.1436],[-51.0767,5.1438],[-51.0765,5.144],[-51.0763,5.1442],[-51.0762,5.1445],[-51.076,5.1447],[-51.0758,5.1449],[-51.0756,5.1451],[-51.0754,5.1453],[-51.0752,5.1455],[-51.075,5.1458],[-51.0748,5.146],[-51.0746,5.1462],[-51.0744,5.1464],[-51.0742,5.1466],[-51.074,5.1468],[-51.0739,5.1471],[-51.0737,5.1473],[-51.0735,5.1475],[-51.0733,5.1477],[-51.0731,5.1479],[-51.0729,5.1481],[-51.0727,5.1484],[-51.0725,5.1486],[-51.0723,5.1488],[-51.0721,5.149],[-51.0719,5.1492],[-51.0718,5.1494],[-51.0716,5.1497],[-51.0714,5.1499],[-51.0712,5.1501],[-51.071,5.1503],[-51.0708,5.1505],[-51.0706,5.1507],[-51.0704,5.151],[-51.0702,5.1512],[-51.07,5.1514],[-51.0698,5.1516],[-51.0697,5.1518],[-51.0695,5.152],[-51.0693,5.1523],[-51.0691,5.1525],[-51.0689,5.1527],[-51.0687,5.1529],[-51.0685,5.1531],[-51.0683,5.1533],[-51.0681,5.1536],[-51.0679,5.1538],[-51.0677,5.154],[-51.0675,5.1542],[-51.0674,5.1544],[-51.0672,5.1546],[-51.067,5.1549],[-51.0668,5.1551],[-51.0666,5.1553],[-51.0664,5.1555],[-51.0662,5.1557],[-51.066,5.1559],[-51.0658,5.1562],[-51.0656,5.1564],[-51.0654,5.1566],[-51.0653,5.1568],[-51.0651,5.157],[-51.0649,5.1572],[-51.0647,5.1575],[-51.0645,5.1577],[-51.0643,5.1579],[-51.0641,5.1581],[-51.0639,5.1583],[-51.0637,5.1585],[-51.0635,5.1588],[-51.0633,5.159],[-51.0631,5.1592],[-51.063,5.1594],[-51.0628,5.1596],[-51.0626,5.1598],[-51.0624,5.1601],[-51.0622,5.1603],[-51.062,5.1605],[-51.0618,5.1607],[-51.0616,5.1609],[-51.0614,5.1611],[-51.0612,5.1614],[-51.061,5.1616],[-51.0609,5.1618],[-51.0607,5.162],[-51.0605,5.1622],[-51.0603,5.1624],[-51.0601,5.1627],[-51.0599,5.1629],[-51.0597,5.1631],[-51.0595,5.1633],[-51.0593,5.1635],[-51.0591,5.1637],[-51.0589,5.164],[-51.0587,5.1642],[-51.0586,5.1644],[-51.0584,5.1646],[-51.0582,5.1648],[-51.058,5.165],[-51.0578,5.1653],[-51.0576,5.1655],[-51.0574,5.1657],[-51.0572,5.1659],[-51.057,5.1661],[-51.0568,5.1663],[-51.0566,5.1666],[-51.0565,5.1668],[-51.0563,5.167],[-51.0561,5.1672],[-51.0559,5.1674],[-51.0557,5.1676],[-51.0555,5.1679],[-51.0553,5.1681],[-51.0551,5.1683],[-51.0549,5.1685],[-51.0547,5.1687],[-51.0545,5.1689],[-51.0544,5.1692],[-51.0542,5.1694],[-51.054,5.1696],[-51.0538,5.1698],[-51.0536,5.17],[-51.0534,5.1702],[-51.0532,5.1705],[-51.053,5.1707],[-51.0528,5.1709],[-51.0526,5.1711],[-51.0524,5.1713],[-51.0522,5.1715],[-51.0521,5.1718],[-51.0519,5.172],[-51.0517,5.1722],[-51.0515,5.1724],[-51.0513,5.1726],[-51.0511,5.1728],[-51.0509,5.1731],[-51.0507,5.1733],[-51.0505,5.1735],[-51.0503,5.1737],[-51.0501,5.1739],[-51.05,5.1741],[-51.0498,5.1744],[-51.0496,5.1746],[-51.0494,5.1748],[-51.0492,5.175],[-51.049,5.1752],[-51.0488,5.1754],[-51.0486,5.1757],[-51.0484,5.1759],[-51.0482,5.1761],[-51.048,5.1763],[-51.0478,5.1765],[-51.0477,5.1768],[-51.0475,5.177],[-51.0473,5.1772],[-51.0471,5.1774],[-51.0469,5.1776],[-51.0467,5.1778],[-51.0465,5.1781],[-51.0463,5.1783],[-51.0461,5.1785],[-51.0459,5.1787],[-51.0457,5.1789],[-51.0456,5.1791],[-51.0454,5.1794],[-51.0452,5.1796],[-51.045,5.1798],[-51.0448,5.18],[-51.0446,5.1802],[-51.0444,5.1804],[-51.0442,5.1807],[-51.044,5.1809],[-51.0438,5.1811],[-51.0436,5.1813],[-51.0434,5.1815],[-51.0433,5.1817],[-51.0431,5.182],[-51.0429,5.1822],[-51.0427,5.1824],[-51.0425,5.1826],[-51.0423,5.1828],[-51.0421,5.183],[-51.0419,5.1833],[-51.0417,5.1835],[-51.0415,5.1837],[-51.0413,5.1839],[-51.0412,5.1841],[-51.041,5.1843],[-51.0408,5.1846],[-51.0406,5.1848],[-51.0404,5.185],[-51.0402,5.1852],[-51.04,5.1854],[-51.0398,5.1856],[-51.0396,5.1859],[-51.0394,5.1861],[-51.0392,5.1863],[-51.0391,5.1865],[-51.0389,5.1867],[-51.0387,5.1869],[-51.0385,5.1872],[-51.0383,5.1874],[-51.0381,5.1876],[-51.0379,5.1878],[-51.0377,5.188],[-51.0375,5.1882],[-51.0373,5.1885],[-51.0371,5.1887],[-51.0369,5.1889],[-51.0368,5.1891],[-51.0366,5.1893],[-51.0364,5.1895],[-51.0362,5.1898],[-51.036,5.19],[-51.0358,5.1902],[-51.0356,5.1904],[-51.0354,5.1906],[-51.0352,5.1908],[-51.035,5.1911],[-51.0348,5.1913],[-51.0347,5.1915],[-51.0345,5.1917],[-51.0343,5.1919],[-51.0341,5.1921],[-51.0339,5.1924],[-51.0337,5.1926],[-51.0335,5.1928],[-51.0333,5.193],[-51.0331,5.1932],[-51.0329,5.1934],[-51.0327,5.1937],[-51.0325,5.1939],[-51.0324,5.1941],[-51.0322,5.1943],[-51.032,5.1945],[-51.0318,5.1947],[-51.0316,5.195],[-51.0314,5.1952],[-51.0312,5.1954],[-51.031,5.1956],[-51.0308,5.1958],[-51.0306,5.196],[-51.0304,5.1963],[-51.0303,5.1965],[-51.0301,5.1967],[-51.0299,5.1969],[-51.0297,5.1971],[-51.0295,5.1973],[-51.0293,5.1976],[-51.0291,5.1978],[-51.0289,5.198],[-51.0287,5.1982],[-51.0285,5.1984],[-51.0283,5.1986],[-51.0281,5.1989],[-51.028,5.1991],[-51.0278,5.1993],[-51.0276,5.1995],[-51.0274,5.1997],[-51.0272,5.1999],[-51.027,5.2002],[-51.0268,5.2004],[-51.0266,5.2006],[-51.0264,5.2008],[-51.0262,5.201],[-51.026,5.2012],[-51.0259,5.2015],[-51.0257,5.2017],[-51.0255,5.2019],[-51.0253,5.2021],[-51.0251,5.2023],[-51.0249,5.2025],[-51.0247,5.2028],[-51.0245,5.203],[-51.0243,5.2032],[-51.0241,5.2034],[-51.0239,5.2036],[-51.0238,5.2038],[-51.0236,5.2041],[-51.0234,5.2043],[-51.0232,5.2045],[-51.023,5.2047],[-51.0228,5.2049],[-51.0226,5.2051],[-51.0224,5.2054],[-51.0222,5.2056],[-51.022,5.2058],[-51.0218,5.206],[-51.0216,5.2062],[-51.0215,5.2064],[-51.0213,5.2067],[-51.0211,5.2069],[-51.0209,5.2071],[-51.0207,5.2073],[-51.0205,5.2075],[-51.0203,5.2077],[-51.0201,5.208],[-51.0199,5.2082],[-51.0197,5.2084],[-51.0195,5.2086],[-51.0194,5.2088],[-51.0192,5.209],[-51.019,5.2093],[-51.0188,5.2095],[-51.0186,5.2097],[-51.0184,5.2099],[-51.0182,5.2101],[-51.018,5.2103],[-51.0178,5.2106],[-51.0176,5.2108],[-51.0174,5.211],[-51.0172,5.2112],[-51.0171,5.2114],[-51.0169,5.2116],[-51.0167,5.2119],[-51.0165,5.2121],[-51.0163,5.2123],[-51.0161,5.2125],[-51.0159,5.2127],[-51.0157,5.2129],[-51.0155,5.2132],[-51.0153,5.2134],[-51.0151,5.2136],[-51.015,5.2138],[-51.0148,5.214],[-51.0146,5.2142],[-51.0144,5.2145],[-51.0142,5.2147],[-51.014,5.2149],[-51.0138,5.2151],[-51.0136,5.2153],[-51.0134,5.2155],[-51.0132,5.2158],[-51.013,5.216],[-51.0128,5.2162],[-51.0127,5.2164],[-51.0125,5.2166],[-51.0123,5.2168],[-51.0121,5.2171],[-51.0119,5.2173],[-51.0117,5.2175],[-51.0115,5.2177],[-51.0113,5.2179],[-51.0111,5.2181],[-51.0109,5.2184],[-51.0107,5.2186],[-51.0106,5.2188],[-51.0104,5.219],[-51.0102,5.2192],[-51.01,5.2194],[-51.0098,5.2197],[-51.0096,5.2199],[-51.0094,5.2201],[-51.0092,5.2203],[-51.009,5.2205],[-51.0088,5.2207],[-51.0086,5.221],[-51.0084,5.2212],[-51.0083,5.2214],[-51.0081,5.2216],[-51.0079,5.2218],[-51.0077,5.222],[-51.0075,5.2223],[-51.0073,5.2225],[-51.0071,5.2227],[-51.0069,5.2229],[-51.0067,5.2231],[-51.0065,5.2233],[-51.0063,5.2236],[-51.0062,5.2238],[-51.006,5.224],[-51.0058,5.2242],[-51.0056,5.2244],[-51.0054,5.2246],[-51.0052,5.2249],[-51.005,5.2251],[-51.0048,5.2253],[-51.0046,5.2255],[-51.0044,5.2257],[-51.0042,5.2259],[-51.0041,5.2262],[-51.0039,5.2264],[-51.0037,5.2266],[-51.0035,5.2268],[-51.0033,5.227],[-51.0031,5.2272],[-51.0029,5.2275],[-51.0027,5.2277],[-51.0025,5.2279],[-51.0023,5.2281],[-51.0021,5.2283],[-51.0019,5.2285],[-51.0018,5.2288],[-51.0016,5.229],[-51.0014,5.2292],[-51.0012,5.2294],[-51.001,5.2296],[-51.0008,5.2298],[-51.0006,5.2301],[-51.0004,5.2303],[-51.0002,5.2305],[-51.0,5.2307],[-50.9998,5.2309],[-50.9997,5.2311],[-50.9995,5.2314],[-50.9993,5.2316],[-50.9991,5.2318],[-50.9989,5.232],[-50.9987,5.2322],[-50.9985,5.2324],[-50.9983,5.2327],[-50.9981,5.2329],[-50.9979,5.2331],[-50.9977,5.2333],[-50.9975,5.2335],[-50.9974,5.2337],[-50.9972,5.234],[-50.997,5.2342],[-50.9968,5.2344],[-50.9966,5.2346],[-50.9964,5.2348],[-50.9962,5.2351],[-50.996,5.2353],[-50.9958,5.2355],[-50.9956,5.2357],[-50.9954,5.2359],[-50.9953,5.2361],[-50.9951,5.2364],[-50.9949,5.2366],[-50.9947,5.2368],[-50.9945,5.237],[-50.9943,5.2372],[-50.9941,5.2374],[-50.9939,5.2377],[-50.9937,5.2379],[-50.9935,5.2381],[-50.9933,5.2383],[-50.9931,5.2385],[-50.993,5.2387],[-50.9928,5.239],[-50.9926,5.2392],[-50.9924,5.2394],[-50.9922,5.2396],[-50.992,5.2398],[-50.9918,5.24],[-50.9916,5.2403],[-50.9914,5.2405],[-50.9912,5.2407],[-50.991,5.2409],[-50.9909,5.2411],[-50.9907,5.2413],[-50.9905,5.2416],[-50.9903,5.2418],[-50.9901,5.242],[-50.9899,5.2422],[-50.9897,5.2424],[-50.9895,5.2426],[-50.9893,5.2429],[-50.9891,5.2431],[-50.9889,5.2433],[-50.9887,5.2435],[-50.9886,5.2437],[-50.9884,5.2439],[-50.9882,5.2442],[-50.988,5.2444],[-50.9878,5.2446],[-50.9876,5.2448],[-50.9874,5.245],[-50.9872,5.2452],[-50.987,5.2455],[-50.9868,5.2457],[-50.9866,5.2459],[-50.9865,5.2461],[-50.9863,5.2463],[-50.9861,5.2465],[-50.9859,5.2468],[-50.9857,5.247],[-50.9855,5.2472],[-50.9853,5.2474],[-50.9851,5.2476],[-50.9849,5.2478],[-50.9847,5.2481],[-50.9845,5.2483],[-50.9843,5.2485],[-50.9842,5.2487],[-50.984,5.2489],[-50.9838,5.2491],[-50.9836,5.2494],[-50.9834,5.2496],[-50.9832,5.2498],[-50.983,5.25],[-50.9828,5.2502],[-50.9826,5.2504],[-50.9824,5.2507],[-50.9822,5.2509],[-50.9821,5.2511],[-50.9819,5.2513],[-50.9817,5.2515],[-50.9815,5.2517],[-50.9813,5.252],[-50.9811,5.2522],[-50.9809,5.2524],[-50.9807,5.2526],[-50.9805,5.2528],[-50.9803,5.253],[-50.9801,5.2533],[-50.98,5.2535],[-50.9798,5.2537],[-50.9796,5.2539],[-50.9794,5.2541],[-50.9792,5.2543],[-50.979,5.2546],[-50.9788,5.2548],[-50.9786,5.255],[-50.9784,5.2552],[-50.9782,5.2554],[-50.978,5.2556],[-50.9778,5.2559],[-50.9777,5.2561],[-50.9775,5.2563],[-50.9773,5.2565],[-50.9771,5.2567],[-50.9769,5.2569],[-50.9767,5.2572],[-50.9765,5.2574],[-50.9763,5.2576],[-50.9761,5.2578],[-50.9759,5.258],[-50.9757,5.2582],[-50.9756,5.2585],[-50.9754,5.2587],[-50.9752,5.2589],[-50.975,5.2591],[-50.9748,5.2593],[-50.9746,5.2595],[-50.9744,5.2598],[-50.9742,5.26],[-50.974,5.2602],[-50.9738,5.2604],[-50.9736,5.2606],[-50.9734,5.2608],[-50.9733,5.2611],[-50.9731,5.2613],[-50.9729,5.2615],[-50.9727,5.2617],[-50.9725,5.2619],[-50.9723,5.2621],[-50.9721,5.2624],[-50.9719,5.2626],[-50.9717,5.2628],[-50.9715,5.263],[-50.9713,5.2632],[-50.9712,5.2634],[-50.971,5.2637],[-50.9708,5.2639],[-50.9706,5.2641],[-50.9704,5.2643],[-50.9702,5.2645],[-50.97,5.2647],[-50.9698,5.265],[-50.9696,5.2652],[-50.9694,5.2654],[-50.9692,5.2656],[-50.969,5.2658],[-50.9689,5.266],[-50.9687,5.2663],[-50.9685,5.2665],[-50.9683,5.2667],[-50.9681,5.2669],[-50.9679,5.2671],[-50.9677,5.2673],[-50.9675,5.2676],[-50.9673,5.2678],[-50.9671,5.268],[-50.9669,5.2682],[-50.9668,5.2684],[-50.9666,5.2686],[-50.9664,5.2689],[-50.9662,5.2691],[-50.966,5.2693],[-50.9658,5.2695],[-50.9656,5.2697],[-50.9654,5.2699],[-50.9652,5.2702],[-50.965,5.2704],[-50.9648,5.2706],[-50.9646,5.2708],[-50.9645,5.271],[-50.9643,5.2712],[-50.9641,5.2715],[-50.9639,5.2717],[-50.9637,5.2719],[-50.9635,5.2721],[-50.9633,5.2723],[-50.9631,5.2725],[-50.9629,5.2728],[-50.9627,5.273],[-50.9625,5.2732],[-50.9624,5.2734],[-50.9622,5.2736],[-50.962,5.2738],[-50.9618,5.2741],[-50.9616,5.2743],[-50.9614,5.2745],[-50.9612,5.2747],[-50.961,5.2749],[-50.9608,5.2751],[-50.9606,5.2754],[-50.9604,5.2756],[-50.9602,5.2758],[-50.9601,5.276],[-50.9599,5.2762],[-50.9597,5.2764],[-50.9595,5.2767],[-50.9593,5.2769],[-50.9591,5.2771],[-50.9589,5.2773],[-50.9587,5.2775],[-50.9585,5.2777],[-50.9583,5.278],[-50.9581,5.2782],[-50.958,5.2784],[-50.9578,5.2786],[-50.9576,5.2788],[-50.9574,5.279],[-50.9572,5.2793],[-50.957,5.2795],[-50.9568,5.2797],[-50.9566,5.2799],[-50.9564,5.2801],[-50.9562,5.2803],[-50.956,5.2806],[-50.9558,5.2808],[-50.9557,5.281],[-50.9555,5.2812],[-50.9553,5.2814],[-50.9551,5.2816],[-50.9549,5.2819],[-50.9547,5.2821],[-50.9545,5.2823],[-50.9543,5.2825],[-50.9541,5.2827],[-50.9539,5.2829],[-50.9537,5.2832],[-50.9536,5.2834],[-50.9534,5.2836],[-50.9532,5.2838],[-50.953,5.284],[-50.9528,5.2842],[-50.9526,5.2845],[-50.9524,5.2847],[-50.9522,5.2849],[-50.952,5.2851],[-50.9518,5.2853],[-50.9516,5.2855],[-50.9514,5.2858],[-50.9513,5.286],[-50.9511,5.2862],[-50.9509,5.2864],[-50.9507,5.2866],[-50.9505,5.2868],[-50.9503,5.2871],[-50.9501,5.2873],[-50.9499,5.2875],[-50.9497,5.2877],[-50.9495,5.2879],[-50.9493,5.2881],[-50.9492,5.2884],[-50.949,5.2886],[-50.9488,5.2888],[-50.9486,5.289],[-50.9484,5.2892],[-50.9482,5.2894],[-50.948,5.2897],[-50.9478,5.2899],[-50.9476,5.2901],[-50.9474,5.2903],[-50.9472,5.2905],[-50.9471,5.2907],[-50.9469,5.291],[-50.9467,5.2912],[-50.9465,5.2914],[-50.9463,5.2916],[-50.9461,5.2918],[-50.9459,5.292],[-50.9457,5.2923],[-50.9455,5.2925],[-50.9453,5.2927],[-50.9451,5.2929],[-50.9449,5.2931],[-50.9448,5.2933],[-50.9446,5.2936],[-50.9444,5.2938],[-50.9442,5.294],[-50.944,5.2942],[-50.9438,5.2944],[-50.9436,5.2947],[-50.9434,5.2949],[-50.9432,5.2951],[-50.943,5.2953],[-50.9428,5.2955],[-50.9427,5.2957],[-50.9425,5.296],[-50.9423,5.2962],[-50.9421,5.2964],[-50.9419,5.2966],[-50.9417,5.2968],[-50.9415,5.297],[-50.9413,5.2973],[-50.9411,5.2975],[-50.9409,5.2977],[-50.9407,5.2979],[-50.9405,5.2981],[-50.9404,5.2983],[-50.9402,5.2986],[-50.94,5.2988],[-50.9398,5.299],[-50.9396,5.2992],[-50.9394,5.2994],[-50.9392,5.2996],[-50.939,5.2999],[-50.9388,5.3001],[-50.9386,5.3003],[-50.9384,5.3005],[-50.9383,5.3007],[-50.9381,5.3009],[-50.9379,5.3012],[-50.9377,5.3014],[-50.9375,5.3016],[-50.9373,5.3018],[-50.9371,5.302],[-50.9369,5.3022],[-50.9367,5.3025],[-50.9365,5.3027],[-50.9363,5.3029],[-50.9361,5.3031],[-50.936,5.3033],[-50.9358,5.3035],[-50.9356,5.3038],[-50.9354,5.304],[-50.9352,5.3042],[-50.935,5.3044],[-50.9348,5.3046],[-50.9346,5.3048],[-50.9344,5.3051],[-50.9342,5.3053],[-50.934,5.3055],[-50.9339,5.3057],[-50.9337,5.3059],[-50.9335,5.3061],[-50.9333,5.3064],[-50.9331,5.3066],[-50.9329,5.3068],[-50.9327,5.307],[-50.9325,5.3072],[-50.9323,5.3074],[-50.9321,5.3077],[-50.9319,5.3079],[-50.9317,5.3081],[-50.9316,5.3083],[-50.9314,5.3085],[-50.9312,5.3087],[-50.931,5.309],[-50.9308,5.3092],[-50.9306,5.3094],[-50.9304,5.3096],[-50.9302,5.3098],[-50.93,5.31],[-50.9298,5.3103],[-50.9296,5.3105],[-50.9295,5.3107],[-50.9293,5.3109],[-50.9291,5.3111],[-50.9289,5.3113],[-50.9287,5.3116],[-50.9285,5.3118],[-50.9283,5.312],[-50.9281,5.3122],[-50.9279,5.3124],[-50.9277,5.3126],[-50.9275,5.3129],[-50.9273,5.3131],[-50.9272,5.3133],[-50.927,5.3135],[-50.9268,5.3137],[-50.9266,5.3139],[-50.9264,5.3142],[-50.9262,5.3144],[-50.926,5.3146],[-50.9258,5.3148],[-50.9256,5.315],[-50.9254,5.3152],[-50.9252,5.3155],[-50.9251,5.3157],[-50.9249,5.3159],[-50.9247,5.3161],[-50.9245,5.3163],[-50.9243,5.3165],[-50.9241,5.3168],[-50.9239,5.317],[-50.9237,5.3172],[-50.9235,5.3174],[-50.9233,5.3176],[-50.9231,5.3178],[-50.9229,5.3181],[-50.9228,5.3183],[-50.9226,5.3185],[-50.9224,5.3187],[-50.9222,5.3189],[-50.922,5.3191],[-50.9218,5.3194],[-50.9216,5.3196],[-50.9214,5.3198],[-50.9212,5.32],[-50.921,5.3202],[-50.9208,5.3204],[-50.9207,5.3207],[-50.9205,5.3209],[-50.9203,5.3211],[-50.9201,5.3213],[-50.9199,5.3215],[-50.9197,5.3217],[-50.9195,5.322],[-50.9193,5.3222],[-50.9191,5.3224],[-50.9189,5.3226],[-50.9187,5.3228],[-50.9185,5.323],[-50.9184,5.3233],[-50.9182,5.3235],[-50.918,5.3237],[-50.9178,5.3239],[-50.9176,5.3241],[-50.9174,5.3243],[-50.9172,5.3246],[-50.917,5.3248],[-50.9168,5.325],[-50.9166,5.3252],[-50.9164,5.3254],[-50.9163,5.3256],[-50.9161,5.3259],[-50.9159,5.3261],[-50.9157,5.3263],[-50.9155,5.3265],[-50.9153,5.3267],[-50.9151,5.3269],[-50.9149,5.3272],[-50.9147,5.3274],[-50.9145,5.3276],[-50.9143,5.3278],[-50.9141,5.328],[-50.914,5.3282],[-50.9138,5.3285],[-50.9136,5.3287],[-50.9134,5.3289],[-50.9132,5.3291],[-50.913,5.3293],[-50.9128,5.3295],[-50.9126,5.3298],[-50.9124,5.33],[-50.9122,5.3302],[-50.912,5.3304],[-50.9119,5.3306],[-50.9117,5.3308],[-50.9115,5.3311],[-50.9113,5.3313],[-50.9111,5.3315],[-50.9109,5.3317],[-50.9107,5.3319],[-50.9105,5.3321],[-50.9103,5.3324],[-50.9101,5.3326],[-50.9099,5.3328],[-50.9097,5.333],[-50.9096,5.3332],[-50.9094,5.3334],[-50.9092,5.3337],[-50.909,5.3339],[-50.9088,5.3341],[-50.9086,5.3343],[-50.9084,5.3345],[-50.9082,5.3347],[-50.908,5.335],[-50.9078,5.3352],[-50.9076,5.3354],[-50.9075,5.3356],[-50.9073,5.3358],[-50.9071,5.336],[-50.9069,5.3363],[-50.9067,5.3365],[-50.9065,5.3367],[-50.9063,5.3369],[-50.9061,5.3371],[-50.9059,5.3373],[-50.9057,5.3376],[-50.9055,5.3378],[-50.9053,5.338],[-50.9052,5.3382],[-50.905,5.3384],[-50.9048,5.3386],[-50.9046,5.3389],[-50.9044,5.3391],[-50.9042,5.3393],[-50.904,5.3395],[-50.9038,5.3397],[-50.9036,5.3399],[-50.9034,5.3402],[-50.9032,5.3404],[-50.9031,5.3406],[-50.9029,5.3408],[-50.9027,5.341],[-50.9025,5.3412],[-50.9023,5.3415],[-50.9021,5.3417],[-50.9019,5.3419],[-50.9017,5.3421],[-50.9015,5.3423],[-50.9013,5.3425],[-50.9011,5.3428],[-50.9009,5.343],[-50.9008,5.3432],[-50.9006,5.3434],[-50.9004,5.3436],[-50.9002,5.3438],[-50.9,5.3441],[-50.8998,5.3443],[-50.8996,5.3445],[-50.8994,5.3447],[-50.8992,5.3449],[-50.899,5.3451],[-50.8988,5.3454],[-50.8987,5.3456],[-50.8985,5.3458],[-50.8983,5.346],[-50.8981,5.3462],[-50.8979,5.3464],[-50.8977,5.3467],[-50.8975,5.3469],[-50.8973,5.3471],[-50.8971,5.3473],[-50.8969,5.3475],[-50.8967,5.3477],[-50.8965,5.348],[-50.8964,5.3482],[-50.8962,5.3484],[-50.896,5.3486],[-50.8958,5.3488],[-50.8956,5.349],[-50.8954,5.3493],[-50.8952,5.3495],[-50.895,5.3497],[-50.8948,5.3499],[-50.8946,5.3501],[-50.8944,5.3503],[-50.8943,5.3506],[-50.8941,5.3508],[-50.8939,5.351],[-50.8937,5.3512],[-50.8935,5.3514],[-50.8933,5.3516],[-50.8931,5.3519],[-50.8929,5.3521],[-50.8927,5.3523],[-50.8925,5.3525],[-50.8923,5.3527],[-50.8921,5.3529],[-50.892,5.3532],[-50.8918,5.3534],[-50.8916,5.3536],[-50.8914,5.3538],[-50.8912,5.354],[-50.891,5.3543],[-50.8908,5.3545],[-50.8906,5.3547],[-50.8904,5.3549],[-50.8902,5.3551],[-50.89,5.3553],[-50.8899,5.3556],[-50.8897,5.3558],[-50.8895,5.356],[-50.8893,5.3562],[-50.8891,5.3564],[-50.8889,5.3566],[-50.8887,5.3569],[-50.8885,5.3571],[-50.8883,5.3573],[-50.8881,5.3575],[-50.8879,5.3577],[-50.8877,5.3579],[-50.8876,5.3582],[-50.8874,5.3584],[-50.8872,5.3586],[-50.887,5.3588],[-50.8868,5.359],[-50.8866,5.3592],[-50.8864,5.3595],[-50.8862,5.3597],[-50.886,5.3599],[-50.8858,5.3601],[-50.8856,5.3603],[-50.8855,5.3605],[-50.8853,5.3608],[-50.8851,5.361],[-50.8849,5.3612],[-50.8847,5.3614],[-50.8845,5.3616],[-50.8843,5.3618],[-50.8841,5.3621],[-50.8839,5.3623],[-50.8837,5.3625],[-50.8835,5.3627],[-50.8833,5.3629],[-50.8832,5.3631],[-50.883,5.3634],[-50.8828,5.3636],[-50.8826,5.3638],[-50.8824,5.364],[-50.8822,5.3642],[-50.882,5.3644],[-50.8818,5.3647],[-50.8816,5.3649],[-50.8814,5.3651],[-50.8812,5.3653],[-50.8811,5.3655],[-50.8809,5.3657],[-50.8807,5.366],[-50.8805,5.3662],[-50.8803,5.3664],[-50.8801,5.3666],[-50.8799,5.3668],[-50.8797,5.367],[-50.8795,5.3673],[-50.8793,5.3675],[-50.8791,5.3677],[-50.8789,5.3679],[-50.8788,5.3681],[-50.8786,5.3683],[-50.8784,5.3686],[-50.8782,5.3688],[-50.878,5.369],[-50.8778,5.3692],[-50.8776,5.3694],[-50.8774,5.3696],[-50.8772,5.3699],[-50.877,5.3701],[-50.8768,5.3703],[-50.8767,5.3705],[-50.8765,5.3707],[-50.8763,5.3709],[-50.8761,5.3712],[-50.8759,5.3714],[-50.8757,5.3716],[-50.8755,5.3718],[-50.8753,5.372],[-50.8751,5.3722],[-50.8749,5.3725],[-50.8747,5.3727],[-50.8745,5.3729],[-50.8744,5.3731],[-50.8742,5.3733],[-50.874,5.3735],[-50.8738,5.3738],[-50.8736,5.374],[-50.8734,5.3742],[-50.8732,5.3744],[-50.873,5.3746],[-50.8728,5.3748],[-50.8726,5.3751],[-50.8724,5.3753],[-50.8723,5.3755],[-50.8721,5.3757],[-50.8719,5.3759],[-50.8717,5.3761],[-50.8715,5.3764],[-50.8713,5.3766],[-50.8711,5.3768],[-50.8709,5.377],[-50.8707,5.3772],[-50.8705,5.3774],[-50.8703,5.3777],[-50.8701,5.3779],[-50.87,5.3781],[-50.8698,5.3783],[-50.8696,5.3785],[-50.8694,5.3787],[-50.8692,5.379],[-50.869,5.3792],[-50.8688,5.3794],[-50.8686,5.3796],[-50.8684,5.3798],[-50.8682,5.38],[-50.868,5.3803],[-50.8679,5.3805],[-50.8677,5.3807],[-50.8675,5.3809],[-50.8673,5.3811],[-50.8671,5.3813],[-50.8669,5.3816],[-50.8667,5.3818],[-50.8665,5.382],[-50.8663,5.3822],[-50.8661,5.3824],[-50.8659,5.3826],[-50.8657,5.3829],[-50.8656,5.3831],[-50.8654,5.3833],[-50.8652,5.3835],[-50.865,5.3837],[-50.8648,5.3839],[-50.8646,5.3842],[-50.8644,5.3844],[-50.8642,5.3846],[-50.864,5.3848],[-50.8638,5.385],[-50.8636,5.3852],[-50.8635,5.3855],[-50.8633,5.3857],[-50.8631,5.3859],[-50.8629,5.3861],[-50.8627,5.3863],[-50.8625,5.3865],[-50.8623,5.3868],[-50.8621,5.387],[-50.8619,5.3872],[-50.8617,5.3874],[-50.8615,5.3876],[-50.8613,5.3878],[-50.8612,5.3881],[-50.861,5.3883],[-50.8608,5.3885],[-50.8606,5.3887],[-50.8604,5.3889],[-50.8602,5.3891],[-50.86,5.3894],[-50.8598,5.3896],[-50.8596,5.3898],[-50.8594,5.39],[-50.8592,5.3902],[-50.8591,5.3904],[-50.8589,5.3907],[-50.8587,5.3909],[-50.8585,5.3911],[-50.8583,5.3913],[-50.8581,5.3915],[-50.8579,5.3917],[-50.8577,5.392],[-50.8575,5.3922],[-50.8573,5.3924],[-50.8571,5.3926],[-50.8569,5.3928],[-50.8568,5.393],[-50.8566,5.3933],[-50.8564,5.3935],[-50.8562,5.3937],[-50.856,5.3939],[-50.8558,5.3941],[-50.8556,5.3943],[-50.8554,5.3946],[-50.8552,5.3948],[-50.855,5.395],[-50.8548,5.3952],[-50.8547,5.3954],[-50.8545,5.3956],[-50.8543,5.3959],[-50.8541,5.3961],[-50.8539,5.3963],[-50.8537,5.3965],[-50.8535,5.3967],[-50.8533,5.3969],[-50.8531,5.3972],[-50.8529,5.3974],[-50.8527,5.3976],[-50.8525,5.3978],[-50.8524,5.398],[-50.8522,5.3982],[-50.852,5.3985],[-50.8518,5.3987],[-50.8516,5.3989],[-50.8514,5.3991],[-50.8512,5.3993],[-50.851,5.3995],[-50.8508,5.3998],[-50.8506,5.4],[-50.8504,5.4002],[-50.8503,5.4004],[-50.8501,5.4006],[-50.8499,5.4008],[-50.8497,5.4011],[-50.8495,5.4013],[-50.8493,5.4015],[-50.8491,5.4017],[-50.8489,5.4019],[-50.8487,5.4021],[-50.8485,5.4024],[-50.8483,5.4026],[-50.8481,5.4028],[-50.848,5.403],[-50.8478,5.4032],[-50.8476,5.4034],[-50.8474,5.4037],[-50.8472,5.4039],[-50.847,5.4041],[-50.8468,5.4043],[-50.8466,5.4045],[-50.8464,5.4047],[-50.8462,5.405],[-50.846,5.4052],[-50.8459,5.4054],[-50.8457,5.4056],[-50.8455,5.4058],[-50.8453,5.406],[-50.8451,5.4063],[-50.8449,5.4065],[-50.8447,5.4067],[-50.8445,5.4069],[-50.8443,5.4071],[-50.8441,5.4073],[-50.8439,5.4076],[-50.8437,5.4078],[-50.8436,5.408],[-50.8434,5.4082],[-50.8432,5.4084],[-50.843,5.4086],[-50.8428,5.4089],[-50.8426,5.4091],[-50.8424,5.4093],[-50.8422,5.4095],[-50.842,5.4097],[-50.8418,5.4099],[-50.8416,5.4102],[-50.8414,5.4104],[-50.8413,5.4106],[-50.8411,5.4108],[-50.8409,5.411],[-50.8407,5.4112],[-50.8405,5.4115],[-50.8403,5.4117],[-50.8401,5.4119],[-50.8399,5.4121],[-50.8397,5.4123],[-50.8395,5.4125],[-50.8393,5.4128],[-50.8392,5.413],[-50.839,5.4132],[-50.8388,5.4134],[-50.8386,5.4136],[-50.8384,5.4138],[-50.8382,5.4141],[-50.838,5.4143],[-50.8378,5.4145],[-50.8376,5.4147],[-50.8374,5.4149],[-50.8372,5.4152],[-50.837,5.4154],[-50.8369,5.4156],[-50.8367,5.4158],[-50.8365,5.416],[-50.8363,5.4162],[-50.8361,5.4165],[-50.8359,5.4167],[-50.8357,5.4169],[-50.8355,5.4171],[-50.8353,5.4173],[-50.8351,5.4175],[-50.8349,5.4178],[-50.8348,5.418],[-50.8346,5.4182],[-50.8344,5.4184],[-50.8342,5.4186],[-50.834,5.4188],[-50.8338,5.4191],[-50.8336,5.4193],[-50.8334,5.4195],[-50.8332,5.4197],[-50.833,5.4199],[-50.8328,5.4201],[-50.8326,5.4204],[-50.8325,5.4206],[-50.8323,5.4208],[-50.8321,5.421],[-50.8319,5.4212],[-50.8317,5.4214],[-50.8315,5.4217],[-50.8313,5.4219],[-50.8311,5.4221],[-50.8309,5.4223],[-50.8307,5.4225],[-50.8305,5.4227],[-50.8304,5.423],[-50.8302,5.4232],[-50.83,5.4234],[-50.8298,5.4236],[-50.8296,5.4238],[-50.8294,5.424],[-50.8292,5.4243],[-50.829,5.4245],[-50.8288,5.4247],[-50.8286,5.4249],[-50.8284,5.4251],[-50.8282,5.4253],[-50.8281,5.4256],[-50.8279,5.4258],[-50.8277,5.426],[-50.8275,5.4262],[-50.8273,5.4264],[-50.8271,5.4266],[-50.8269,5.4269],[-50.8267,5.4271],[-50.8265,5.4273],[-50.8263,5.4275],[-50.8261,5.4277],[-50.826,5.4279],[-50.8258,5.4282],[-50.8256,5.4284],[-50.8254,5.4286],[-50.8252,5.4288],[-50.825,5.429],[-50.8248,5.4292],[-50.8246,5.4295],[-50.8244,5.4297],[-50.8242,5.4299],[-50.824,5.4301],[-50.8238,5.4303],[-50.8237,5.4305],[-50.8235,5.4308],[-50.8233,5.431],[-50.8231,5.4312],[-50.8229,5.4314],[-50.8227,5.4316],[-50.8225,5.4318],[-50.8223,5.4321],[-50.8221,5.4323],[-50.8219,5.4325],[-50.8217,5.4327],[-50.8216,5.4329],[-50.8214,5.4331],[-50.8212,5.4334],[-50.821,5.4336],[-50.8208,5.4338],[-50.8206,5.434],[-50.8204,5.4342],[-50.8202,5.4344],[-50.82,5.4347],[-50.8198,5.4349],[-50.8196,5.4351],[-50.8194,5.4353],[-50.8193,5.4355],[-50.8191,5.4357],[-50.8189,5.436],[-50.8187,5.4362],[-50.8185,5.4364],[-50.8183,5.4366],[-50.8181,5.4368],[-50.8179,5.437],[-50.8177,5.4373],[-50.8175,5.4375],[-50.8173,5.4377],[-50.8172,5.4379],[-50.817,5.4381],[-50.8168,5.4383],[-50.8166,5.4386],[-50.8164,5.4388],[-50.8162,5.439],[-50.816,5.4392],[-50.8158,5.4394],[-50.8156,5.4396],[-50.8154,5.4399],[-50.8152,5.4401],[-50.815,5.4403],[-50.8149,5.4405],[-50.8147,5.4407],[-50.8145,5.4409],[-50.8143,5.4412],[-50.8141,5.4414],[-50.8139,5.4416],[-50.8137,5.4418],[-50.8135,5.442],[-50.8133,5.4422],[-50.8131,5.4425],[-50.8129,5.4427],[-50.8128,5.4429],[-50.8126,5.4431],[-50.8124,5.4433],[-50.8122,5.4435],[-50.812,5.4438],[-50.8118,5.444],[-50.8116,5.4442],[-50.8114,5.4444],[-50.8112,5.4446],[-50.811,5.4448],[-50.8108,5.4451],[-50.8106,5.4453],[-50.8105,5.4455],[-50.8103,5.4457],[-50.8101,5.4459],[-50.8099,5.4461],[-50.8097,5.4464],[-50.8095,5.4466],[-50.8093,5.4468],[-50.8091,5.447],[-50.8089,5.4472],[-50.8087,5.4474],[-50.8085,5.4477],[-50.8083,5.4479],[-50.8082,5.4481],[-50.808,5.4483],[-50.8078,5.4485],[-50.8076,5.4487],[-50.8074,5.449],[-50.8072,5.4492],[-50.807,5.4494],[-50.8068,5.4496],[-50.8066,5.4498],[-50.8064,5.45],[-50.8062,5.4503],[-50.8061,5.4505],[-50.8059,5.4507],[-50.8057,5.4509],[-50.8055,5.4511],[-50.8053,5.4513],[-50.8051,5.4516],[-50.8049,5.4518],[-50.8047,5.452],[-50.8045,5.4522],[-50.8043,5.4524],[-50.8041,5.4526],[-50.8039,5.4529],[-50.8038,5.4531],[-50.8036,5.4533],[-50.8034,5.4535],[-50.8032,5.4537],[-50.803,5.4539],[-50.8028,5.4542],[-50.8026,5.4544],[-50.8024,5.4546],[-50.8022,5.4548],[-50.802,5.455],[-50.8018,5.4552],[-50.8017,5.4555],[-50.8015,5.4557],[-50.8013,5.4559],[-50.8011,5.4561],[-50.8009,5.4563],[-50.8007,5.4565],[-50.8005,5.4568],[-50.8003,5.457],[-50.8001,5.4572],[-50.7999,5.4574],[-50.7997,5.4576],[-50.7995,5.4578],[-50.7994,5.4581],[-50.7992,5.4583],[-50.799,5.4585],[-50.7988,5.4587],[-50.7986,5.4589],[-50.7984,5.4591],[-50.7982,5.4594],[-50.798,5.4596],[-50.7978,5.4598],[-50.7976,5.46],[-50.7974,5.4602],[-50.7973,5.4604],[-50.7971,5.4607],[-50.7969,5.4609],[-50.7967,5.4611],[-50.7965,5.4613],[-50.7963,5.4615],[-50.7961,5.4617],[-50.7959,5.462],[-50.7957,5.4622],[-50.7955,5.4624],[-50.7953,5.4626],[-50.7951,5.4628],[-50.795,5.463],[-50.7948,5.4633],[-50.7946,5.4635],[-50.7944,5.4637],[-50.7942,5.4639],[-50.794,5.4641],[-50.7938,5.4643],[-50.7936,5.4646],[-50.7934,5.4648],[-50.7932,5.465],[-50.793,5.4652],[-50.7929,5.4654],[-50.7927,5.4656],[-50.7925,5.4659],[-50.7923,5.4661],[-50.7921,5.4663],[-50.7919,5.4665],[-50.7917,5.4667],[-50.7915,5.4669],[-50.7913,5.4672],[-50.7911,5.4674],[-50.7909,5.4676],[-50.7907,5.4678],[-50.7906,5.468],[-50.7904,5.4682],[-50.7902,5.4685],[-50.79,5.4687],[-50.7898,5.4689],[-50.7896,5.4691],[-50.7894,5.4693],[-50.7892,5.4695],[-50.789,5.4698],[-50.7888,5.47],[-50.7886,5.4702],[-50.7885,5.4704],[-50.7883,5.4706],[-50.7881,5.4708],[-50.7879,5.4711],[-50.7877,5.4713],[-50.7875,5.4715],[-50.7873,5.4717],[-50.7871,5.4719],[-50.7869,5.4721],[-50.7867,5.4724],[-50.7865,5.4726],[-50.7863,5.4728],[-50.7862,5.473],[-50.786,5.4732],[-50.7858,5.4734],[-50.7856,5.4737],[-50.7854,5.4739],[-50.7852,5.4741],[-50.785,5.4743],[-50.7848,5.4745],[-50.7846,5.4747],[-50.7844,5.475],[-50.7842,5.4752],[-50.784,5.4754],[-50.7839,5.4756],[-50.7837,5.4758],[-50.7835,5.4761],[-50.7833,5.4763],[-50.7831,5.4765],[-50.7829,5.4767],[-50.7827,5.4769],[-50.7825,5.4771],[-50.7823,5.4774],[-50.7821,5.4776],[-50.7819,5.4778],[-50.7818,5.478],[-50.7816,5.4782],[-50.7814,5.4784],[-50.7812,5.4787],[-50.781,5.4789],[-50.7808,5.4791],[-50.7806,5.4793],[-50.7804,5.4795],[-50.7802,5.4797],[-50.78,5.48],[-50.7798,5.4802],[-50.7796,5.4804],[-50.7795,5.4806],[-50.7793,5.4808],[-50.7791,5.481],[-50.7789,5.4813],[-50.7787,5.4815],[-50.7785,5.4817],[-50.7783,5.4819],[-50.7781,5.4821],[-50.7779,5.4823],[-50.7777,5.4826],[-50.7775,5.4828],[-50.7774,5.483],[-50.7772,5.4832],[-50.777,5.4834],[-50.7768,5.4836],[-50.7766,5.4839],[-50.7764,5.4841],[-50.7762,5.4843],[-50.776,5.4845],[-50.7758,5.4847],[-50.7756,5.4849],[-50.7754,5.4852],[-50.7752,5.4854],[-50.7751,5.4856],[-50.7749,5.4858],[-50.7747,5.486],[-50.7745,5.4862],[-50.7743,5.4865],[-50.7741,5.4867],[-50.7739,5.4869],[-50.7737,5.4871],[-50.7735,5.4873],[-50.7733,5.4875],[-50.7731,5.4878],[-50.773,5.488],[-50.7728,5.4882],[-50.7726,5.4884],[-50.7724,5.4886],[-50.7722,5.4888],[-50.772,5.4891],[-50.7718,5.4893],[-50.7716,5.4895],[-50.7714,5.4897],[-50.7712,5.4899],[-50.771,5.4901],[-50.7708,5.4904],[-50.7707,5.4906],[-50.7705,5.4908],[-50.7703,5.491],[-50.7701,5.4912],[-50.7699,5.4914],[-50.7697,5.4917],[-50.7695,5.4919],[-50.7693,5.4921],[-50.7691,5.4923],[-50.7689,5.4925],[-50.7687,5.4927],[-50.7686,5.493],[-50.7684,5.4932],[-50.7682,5.4934],[-50.768,5.4936],[-50.7678,5.4938],[-50.7676,5.494],[-50.7674,5.4943],[-50.7672,5.4945],[-50.767,5.4947],[-50.7668,5.4949],[-50.7666,5.4951],[-50.7664,5.4953],[-50.7663,5.4956],[-50.7661,5.4958],[-50.7659,5.496],[-50.7657,5.4962],[-50.7655,5.4964],[-50.7653,5.4966],[-50.7651,5.4969],[-50.7649,5.4971],[-50.7647,5.4973],[-50.7645,5.4975],[-50.7643,5.4977],[-50.7641,5.4979],[-50.764,5.4982],[-50.7638,5.4984],[-50.7636,5.4986],[-50.7634,5.4988],[-50.7632,5.499],[-50.763,5.4992],[-50.7628,5.4995],[-50.7626,5.4997],[-50.7624,5.4999],[-50.7622,5.5001],[-50.762,5.5003],[-50.7619,5.5005],[-50.7617,5.5008],[-50.7615,5.501],[-50.7613,5.5012],[-50.7611,5.5014],[-50.7609,5.5016],[-50.7607,5.5018],[-50.7605,5.5021],[-50.7603,5.5023],[-50.7601,5.5025],[-50.7599,5.5027],[-50.7597,5.5029],[-50.7596,5.5031],[-50.7594,5.5034],[-50.7592,5.5036],[-50.759,5.5038],[-50.7588,5.504],[-50.7586,5.5042],[-50.7584,5.5044],[-50.7582,5.5047],[-50.758,5.5049],[-50.7578,5.5051],[-50.7576,5.5053],[-50.7575,5.5055],[-50.7573,5.5057],[-50.7571,5.506],[-50.7569,5.5062],[-50.7567,5.5064],[-50.7565,5.5066],[-50.7563,5.5068],[-50.7561,5.507],[-50.7559,5.5073],[-50.7557,5.5075],[-50.7555,5.5077],[-50.7553,5.5079],[-50.7552,5.5081],[-50.755,5.5083],[-50.7548,5.5086],[-50.7546,5.5088],[-50.7544,5.509],[-50.7542,5.5092],[-50.754,5.5094],[-50.7538,5.5096],[-50.7536,5.5099],[-50.7534,5.5101],[-50.7532,5.5103],[-50.7531,5.5105],[-50.7529,5.5107],[-50.7527,5.5109],[-50.7525,5.5112],[-50.7523,5.5114],[-50.7521,5.5116],[-50.7519,5.5118],[-50.7517,5.512],[-50.7515,5.5122],[-50.7513,5.5125],[-50.7511,5.5127],[-50.7509,5.5129],[-50.7508,5.5131],[-50.7506,5.5133],[-50.7504,5.5135],[-50.7502,5.5138],[-50.75,5.514],[-50.7498,5.5142],[-50.7496,5.5144],[-50.7494,5.5146],[-50.7492,5.5148],[-50.749,5.5151],[-50.7488,5.5153],[-50.7486,5.5155],[-50.7485,5.5157],[-50.7483,5.5159],[-50.7481,5.5161],[-50.7479,5.5164],[-50.7477,5.5166],[-50.7475,5.5168],[-50.7473,5.517],[-50.7471,5.5172],[-50.7469,5.5174],[-50.7467,5.5177],[-50.7465,5.5179],[-50.7464,5.5181],[-50.7462,5.5183],[-50.746,5.5185],[-50.7458,5.5187],[-50.7456,5.519],[-50.7454,5.5192],[-50.7452,5.5194],[-50.745,5.5196],[-50.7448,5.5198],[-50.7446,5.52],[-50.7444,5.5203],[-50.7442,5.5205],[-50.7441,5.5207],[-50.7439,5.5209],[-50.7437,5.5211],[-50.7435,5.5213],[-50.7433,5.5216],[-50.7431,5.5218],[-50.7429,5.522],[-50.7427,5.5222],[-50.7425,5.5224],[-50.7423,5.5226],[-50.7421,5.5229],[-50.742,5.5231],[-50.7418,5.5233],[-50.7416,5.5235],[-50.7414,5.5237],[-50.7412,5.5239],[-50.741,5.5242],[-50.7408,5.5244],[-50.7406,5.5246],[-50.7404,5.5248],[-50.7402,5.525],[-50.74,5.5252],[-50.7398,5.5255],[-50.7397,5.5257],[-50.7395,5.5259],[-50.7393,5.5261],[-50.7391,5.5263],[-50.7389,5.5265],[-50.7387,5.5268],[-50.7385,5.527],[-50.7383,5.5272],[-50.7381,5.5274],[-50.7379,5.5276],[-50.7377,5.5278],[-50.7376,5.5281],[-50.7374,5.5283],[-50.7372,5.5285],[-50.737,5.5287],[-50.7368,5.5289],[-50.7366,5.5291],[-50.7364,5.5294],[-50.7362,5.5296],[-50.736,5.5298],[-50.7358,5.53],[-50.7356,5.5302],[-50.7354,5.5304],[-50.7353,5.5307],[-50.7351,5.5309],[-50.7349,5.5311],[-50.7347,5.5313],[-50.7345,5.5315],[-50.7343,5.5317],[-50.7341,5.532],[-50.7339,5.5322],[-50.7337,5.5324],[-50.7335,5.5326],[-50.7333,5.5328],[-50.7331,5.533],[-50.733,5.5333],[-50.7328,5.5335],[-50.7326,5.5337],[-50.7324,5.5339],[-50.7322,5.5341],[-50.732,5.5343],[-50.7318,5.5346],[-50.7316,5.5348],[-50.7314,5.535],[-50.7312,5.5352],[-50.731,5.5354],[-50.7309,5.5356],[-50.7307,5.5359],[-50.7305,5.5361],[-50.7303,5.5363],[-50.7301,5.5365],[-50.7299,5.5367],[-50.7297,5.537],[-50.7295,5.5372],[-50.7293,5.5374],[-50.7291,5.5376],[-50.7289,5.5378],[-50.7287,5.538],[-50.7286,5.5383],[-50.7284,5.5385],[-50.7282,5.5387],[-50.728,5.5389],[-50.7278,5.5391],[-50.7276,5.5393],[-50.7274,5.5396],[-50.7272,5.5398],[-50.727,5.54],[-50.7268,5.5402],[-50.7266,5.5404],[-50.7265,5.5406],[-50.7263,5.5409],[-50.7261,5.5411],[-50.7259,5.5413],[-50.7257,5.5415],[-50.7255,5.5417],[-50.7253,5.5419],[-50.7251,5.5422],[-50.7249,5.5424],[-50.7247,5.5426],[-50.7245,5.5428],[-50.7243,5.543],[-50.7242,5.5432],[-50.724,5.5435],[-50.7238,5.5437],[-50.7236,5.5439],[-50.7234,5.5441],[-50.7232,5.5443],[-50.723,5.5445],[-50.7228,5.5448],[-50.7226,5.545],[-50.7224,5.5452],[-50.7222,5.5454],[-50.7221,5.5456],[-50.7219,5.5458],[-50.7217,5.5461],[-50.7215,5.5463],[-50.7213,5.5465],[-50.7211,5.5467],[-50.7209,5.5469],[-50.7207,5.5471],[-50.7205,5.5474],[-50.7203,5.5476],[-50.7201,5.5478],[-50.7199,5.548],[-50.7198,5.5482],[-50.7196,5.5484],[-50.7194,5.5487],[-50.7192,5.5489],[-50.719,5.5491],[-50.7188,5.5493],[-50.7186,5.5495],[-50.7184,5.5497],[-50.7182,5.55],[-50.718,5.5502],[-50.7178,5.5504],[-50.7176,5.5506],[-50.7175,5.5508],[-50.7173,5.551],[-50.7171,5.5513],[-50.7169,5.5515],[-50.7167,5.5517],[-50.7165,5.5519],[-50.7163,5.5521],[-50.7161,5.5523],[-50.7159,5.5526],[-50.7157,5.5528],[-50.7155,5.553],[-50.7154,5.5532],[-50.7152,5.5534],[-50.715,5.5536],[-50.7148,5.5539],[-50.7146,5.5541],[-50.7144,5.5543],[-50.7142,5.5545],[-50.714,5.5547],[-50.7138,5.5549],[-50.7136,5.5552],[-50.7134,5.5554],[-50.7132,5.5556],[-50.7131,5.5558],[-50.7129,5.556],[-50.7127,5.5562],[-50.7125,5.5565],[-50.7123,5.5567],[-50.7121,5.5569],[-50.7119,5.5571],[-50.7117,5.5573],[-50.7115,5.5575],[-50.7113,5.5578],[-50.7111,5.558],[-50.711,5.5582],[-50.7108,5.5584],[-50.7106,5.5586],[-50.7104,5.5588],[-50.7102,5.5591],[-50.71,5.5593],[-50.7098,5.5595],[-50.7096,5.5597],[-50.7094,5.5599],[-50.7092,5.5601],[-50.709,5.5604],[-50.7088,5.5606],[-50.7087,5.5608],[-50.7085,5.561],[-50.7083,5.5612],[-50.7081,5.5614],[-50.7079,5.5617],[-50.7077,5.5619],[-50.7075,5.5621],[-50.7073,5.5623],[-50.7071,5.5625],[-50.7069,5.5627],[-50.7067,5.563],[-50.7065,5.5632],[-50.7064,5.5634],[-50.7062,5.5636],[-50.706,5.5638],[-50.7058,5.564],[-50.7056,5.5643],[-50.7054,5.5645],[-50.7052,5.5647],[-50.705,5.5649],[-50.7048,5.5651],[-50.7046,5.5653],[-50.7044,5.5656],[-50.7043,5.5658],[-50.7041,5.566],[-50.7039,5.5662],[-50.7037,5.5664],[-50.7035,5.5666],[-50.7033,5.5669],[-50.7031,5.5671],[-50.7029,5.5673],[-50.7027,5.5675],[-50.7025,5.5677],[-50.7023,5.5679],[-50.7021,5.5682],[-50.702,5.5684],[-50.7018,5.5686],[-50.7016,5.5688],[-50.7014,5.569],[-50.7012,5.5692],[-50.701,5.5695],[-50.7008,5.5697],[-50.7006,5.5699],[-50.7004,5.5701],[-50.7002,5.5703],[-50.7,5.5705],[-50.6999,5.5708],[-50.6997,5.571],[-50.6995,5.5712],[-50.6993,5.5714],[-50.6991,5.5716],[-50.6989,5.5718],[-50.6987,5.5721],[-50.6985,5.5723],[-50.6983,5.5725],[-50.6981,5.5727],[-50.6979,5.5729],[-50.6977,5.5731],[-50.6976,5.5734],[-50.6974,5.5736],[-50.6972,5.5738],[-50.697,5.574],[-50.6968,5.5742],[-50.6966,5.5744],[-50.6964,5.5747],[-50.6962,5.5749],[-50.696,5.5751],[-50.6958,5.5753],[-50.6956,5.5755],[-50.6955,5.5757],[-50.6953,5.576],[-50.6951,5.5762],[-50.6949,5.5764],[-50.6947,5.5766],[-50.6945,5.5768],[-50.6943,5.577],[-50.6941,5.5773],[-50.6939,5.5775],[-50.6937,5.5777],[-50.6935,5.5779],[-50.6933,5.5781],[-50.6932,5.5783],[-50.693,5.5786],[-50.6928,5.5788],[-50.6926,5.579],[-50.6924,5.5792],[-50.6922,5.5794],[-50.692,5.5796],[-50.6918,5.5799],[-50.6916,5.5801],[-50.6914,5.5803],[-50.6912,5.5805],[-50.691,5.5807],[-50.6909,5.5809],[-50.6907,5.5812],[-50.6905,5.5814],[-50.6903,5.5816],[-50.6901,5.5818],[-50.6899,5.582],[-50.6897,5.5822],[-50.6895,5.5825],[-50.6893,5.5827],[-50.6891,5.5829],[-50.6889,5.5831],[-50.6888,5.5833],[-50.6886,5.5835],[-50.6884,5.5838],[-50.6882,5.584],[-50.688,5.5842],[-50.6878,5.5844],[-50.6876,5.5846],[-50.6874,5.5848],[-50.6872,5.5851],[-50.687,5.5853],[-50.6868,5.5855],[-50.6866,5.5857],[-50.6865,5.5859],[-50.6863,5.5861],[-50.6861,5.5864],[-50.6859,5.5866],[-50.6857,5.5868],[-50.6855,5.587],[-50.6853,5.5872],[-50.6851,5.5874],[-50.6849,5.5877],[-50.6847,5.5879],[-50.6845,5.5881],[-50.6844,5.5883],[-50.6842,5.5885],[-50.684,5.5887],[-50.6838,5.589],[-50.6836,5.5892],[-50.6834,5.5894],[-50.6832,5.5896],[-50.683,5.5898],[-50.6828,5.59],[-50.6826,5.5903],[-50.6824,5.5905],[-50.6822,5.5907],[-50.6821,5.5909],[-50.6819,5.5911],[-50.6817,5.5913],[-50.6815,5.5916],[-50.6813,5.5918],[-50.6811,5.592],[-50.6809,5.5922],[-50.6807,5.5924],[-50.6805,5.5926],[-50.6803,5.5929],[-50.6801,5.5931],[-50.6799,5.5933],[-50.6798,5.5935],[-50.6796,5.5937],[-50.6794,5.5939],[-50.6792,5.5942],[-50.679,5.5944],[-50.6788,5.5946],[-50.6786,5.5948],[-50.6784,5.595],[-50.6782,5.5952],[-50.678,5.5955],[-50.6778,5.5957],[-50.6777,5.5959],[-50.6775,5.5961],[-50.6773,5.5963],[-50.6771,5.5965],[-50.6769,5.5968],[-50.6767,5.597],[-50.6765,5.5972],[-50.6763,5.5974],[-50.6761,5.5976],[-50.6759,5.5978],[-50.6757,5.5981],[-50.6755,5.5983],[-50.6754,5.5985],[-50.6752,5.5987],[-50.675,5.5989],[-50.6748,5.5992],[-50.6746,5.5994],[-50.6744,5.5996],[-50.6742,5.5998],[-50.674,5.6],[-50.6738,5.6002],[-50.6736,5.6005],[-50.6734,5.6007],[-50.6732,5.6009],[-50.6731,5.6011],[-50.6729,5.6013],[-50.6727,5.6015],[-50.6725,5.6018],[-50.6723,5.602],[-50.6721,5.6022],[-50.6719,5.6024],[-50.6717,5.6026],[-50.6715,5.6028],[-50.6713,5.6031],[-50.6711,5.6033],[-50.671,5.6035],[-50.6708,5.6037],[-50.6706,5.6039],[-50.6704,5.6041],[-50.6702,5.6044],[-50.67,5.6046],[-50.6698,5.6048],[-50.6696,5.605],[-50.6694,5.6052],[-50.6692,5.6054],[-50.669,5.6057],[-50.6688,5.6059],[-50.6687,5.6061],[-50.6685,5.6063],[-50.6683,5.6065],[-50.6681,5.6067],[-50.6679,5.607],[-50.6677,5.6072],[-50.6675,5.6074],[-50.6673,5.6076],[-50.6671,5.6078],[-50.6669,5.608],[-50.6667,5.6083],[-50.6666,5.6085],[-50.6664,5.6087],[-50.6662,5.6089],[-50.666,5.6091],[-50.6658,5.6093],[-50.6656,5.6096],[-50.6654,5.6098],[-50.6652,5.61],[-50.665,5.6102],[-50.6648,5.6104],[-50.6646,5.6106],[-50.6644,5.6109],[-50.6643,5.6111],[-50.6641,5.6113],[-50.6639,5.6115],[-50.6637,5.6117],[-50.6635,5.6119],[-50.6633,5.6122],[-50.6631,5.6124],[-50.6629,5.6126],[-50.6627,5.6128],[-50.6625,5.613],[-50.6623,5.6132],[-50.6621,5.6135],[-50.662,5.6137],[-50.6618,5.6139],[-50.6616,5.6141],[-50.6614,5.6143],[-50.6612,5.6145],[-50.661,5.6148],[-50.6608,5.615],[-50.6606,5.6152],[-50.6604,5.6154],[-50.6602,5.6156],[-50.66,5.6158],[-50.6599,5.6161],[-50.6597,5.6163],[-50.6595,5.6165],[-50.6593,5.6167],[-50.6591,5.6169],[-50.6589,5.6171],[-50.6587,5.6174],[-50.6585,5.6176],[-50.6583,5.6178],[-50.6581,5.618],[-50.6579,5.6182],[-50.6577,5.6184],[-50.6576,5.6187],[-50.6574,5.6189],[-50.6572,5.6191],[-50.657,5.6193],[-50.6568,5.6195],[-50.6566,5.6197],[-50.6564,5.62],[-50.6562,5.6202],[-50.656,5.6204],[-50.6558,5.6206],[-50.6556,5.6208],[-50.6555,5.621],[-50.6553,5.6213],[-50.6551,5.6215],[-50.6549,5.6217],[-50.6547,5.6219],[-50.6545,5.6221],[-50.6543,5.6223],[-50.6541,5.6226],[-50.6539,5.6228],[-50.6537,5.623],[-50.6535,5.6232],[-50.6533,5.6234],[-50.6532,5.6236],[-50.653,5.6239],[-50.6528,5.6241],[-50.6526,5.6243],[-50.6524,5.6245],[-50.6522,5.6247],[-50.652,5.6249],[-50.6518,5.6252],[-50.6516,5.6254],[-50.6514,5.6256],[-50.6512,5.6258],[-50.651,5.626],[-50.6509,5.6262],[-50.6507,5.6265],[-50.6505,5.6267],[-50.6503,5.6269],[-50.6501,5.6271],[-50.6499,5.6273],[-50.6497,5.6275],[-50.6495,5.6278],[-50.6493,5.628],[-50.6491,5.6282],[-50.6489,5.6284],[-50.6488,5.6286],[-50.6486,5.6288],[-50.6484,5.6291],[-50.6482,5.6293],[-50.648,5.6295],[-50.6478,5.6297],[-50.6476,5.6299],[-50.6474,5.6301],[-50.6472,5.6304],[-50.647,5.6306],[-50.6468,5.6308],[-50.6466,5.631],[-50.6465,5.6312],[-50.6463,5.6314],[-50.6461,5.6317],[-50.6459,5.6319],[-50.6457,5.6321],[-50.6455,5.6323],[-50.6453,5.6325],[-50.6451,5.6327],[-50.6449,5.633],[-50.6447,5.6332],[-50.6445,5.6334],[-50.6444,5.6336],[-50.6442,5.6338],[-50.644,5.634],[-50.6438,5.6343],[-50.6436,5.6345],[-50.6434,5.6347],[-50.6432,5.6349],[-50.643,5.6351],[-50.6428,5.6353],[-50.6426,5.6356],[-50.6424,5.6358],[-50.6422,5.636],[-50.6421,5.6362],[-50.6419,5.6364],[-50.6417,5.6366],[-50.6415,5.6369],[-50.6413,5.6371],[-50.6411,5.6373],[-50.6409,5.6375],[-50.6407,5.6377],[-50.6405,5.6379],[-50.6403,5.6382],[-50.6401,5.6384],[-50.6399,5.6386],[-50.6398,5.6388],[-50.6396,5.639],[-50.6394,5.6392],[-50.6392,5.6395],[-50.639,5.6397],[-50.6388,5.6399],[-50.6386,5.6401],[-50.6384,5.6403],[-50.6382,5.6405],[-50.638,5.6408],[-50.6378,5.641],[-50.6377,5.6412],[-50.6375,5.6414],[-50.6373,5.6416],[-50.6371,5.6418],[-50.6369,5.6421],[-50.6367,5.6423],[-50.6365,5.6425],[-50.6363,5.6427],[-50.6361,5.6429],[-50.6359,5.6431],[-50.6357,5.6434],[-50.6355,5.6436],[-50.6354,5.6438],[-50.6352,5.644],[-50.635,5.6442],[-50.6348,5.6444],[-50.6346,5.6447],[-50.6344,5.6449],[-50.6342,5.6451],[-50.634,5.6453],[-50.6338,5.6455],[-50.6336,5.6457],[-50.6334,5.646],[-50.6332,5.6462],[-50.6331,5.6464],[-50.6329,5.6466],[-50.6327,5.6468],[-50.6325,5.647],[-50.6323,5.6473],[-50.6321,5.6475],[-50.6319,5.6477],[-50.6317,5.6479],[-50.6315,5.6481],[-50.6313,5.6483],[-50.6311,5.6486],[-50.631,5.6488],[-50.6308,5.649],[-50.6306,5.6492],[-50.6304,5.6494],[-50.6302,5.6496],[-50.63,5.6499],[-50.6298,5.6501],[-50.6296,5.6503],[-50.6294,5.6505],[-50.6292,5.6507],[-50.629,5.6509],[-50.6288,5.6512],[-50.6287,5.6514],[-50.6285,5.6516],[-50.6283,5.6518],[-50.6281,5.652],[-50.6279,5.6522],[-50.6277,5.6525],[-50.6275,5.6527],[-50.6273,5.6529],[-50.6271,5.6531],[-50.6269,5.6533],[-50.6267,5.6535],[-50.6266,5.6538],[-50.6264,5.654],[-50.6262,5.6542],[-50.626,5.6544],[-50.6258,5.6546],[-50.6256,5.6548],[-50.6254,5.6551],[-50.6252,5.6553],[-50.625,5.6555],[-50.6248,5.6557],[-50.6246,5.6559],[-50.6244,5.6561],[-50.6243,5.6564],[-50.6241,5.6566],[-50.6239,5.6568],[-50.6237,5.657],[-50.6235,5.6572],[-50.6233,5.6574],[-50.6231,5.6577],[-50.6229,5.6579],[-50.6227,5.6581],[-50.6225,5.6583],[-50.6223,5.6585],[-50.6221,5.6587],[-50.622,5.659],[-50.6218,5.6592],[-50.6216,5.6594],[-50.6214,5.6596],[-50.6212,5.6598],[-50.621,5.66],[-50.6208,5.6603],[-50.6206,5.6605],[-50.6204,5.6607],[-50.6202,5.6609],[-50.62,5.6611],[-50.6199,5.6614],[-50.6197,5.6616],[-50.6195,5.6618],[-50.6193,5.662],[-50.6191,5.6622],[-50.6189,5.6624],[-50.6187,5.6627],[-50.6185,5.6629],[-50.6183,5.6631],[-50.6181,5.6633],[-50.6179,5.6635],[-50.6177,5.6637],[-50.6176,5.664],[-50.6174,5.6642],[-50.6172,5.6644],[-50.617,5.6646],[-50.6168,5.6648],[-50.6166,5.665],[-50.6164,5.6653],[-50.6162,5.6655],[-50.616,5.6657],[-50.6158,5.6659],[-50.6156,5.6661],[-50.6154,5.6663],[-50.6153,5.6666],[-50.6151,5.6668],[-50.6149,5.667],[-50.6147,5.6672],[-50.6145,5.6674],[-50.6143,5.6676],[-50.6141,5.6679],[-50.6139,5.6681],[-50.6137,5.6683],[-50.6135,5.6685],[-50.6133,5.6687],[-50.6132,5.6689],[-50.613,5.6692],[-50.6128,5.6694],[-50.6126,5.6696],[-50.6124,5.6698],[-50.6122,5.67],[-50.612,5.6702],[-50.6118,5.6705],[-50.6116,5.6707],[-50.6114,5.6709],[-50.6112,5.6711],[-50.611,5.6713],[-50.6109,5.6715],[-50.6107,5.6718],[-50.6105,5.672],[-50.6103,5.6722],[-50.6101,5.6724],[-50.6099,5.6726],[-50.6097,5.6728],[-50.6095,5.6731],[-50.6093,5.6733],[-50.6091,5.6735],[-50.6089,5.6737],[-50.6087,5.6739],[-50.6086,5.6741],[-50.6084,5.6744],[-50.6082,5.6746],[-50.608,5.6748],[-50.6078,5.675],[-50.6076,5.6752],[-50.6074,5.6754],[-50.6072,5.6757],[-50.607,5.6759],[-50.6068,5.6761],[-50.6066,5.6763],[-50.6065,5.6765],[-50.6063,5.6767],[-50.6061,5.677],[-50.6059,5.6772],[-50.6057,5.6774],[-50.6055,5.6776],[-50.6053,5.6778],[-50.6051,5.678],[-50.6049,5.6783],[-50.6047,5.6785],[-50.6045,5.6787],[-50.6043,5.6789],[-50.6042,5.6791],[-50.604,5.6793],[-50.6038,5.6796],[-50.6036,5.6798],[-50.6034,5.68],[-50.6032,5.6802],[-50.603,5.6804],[-50.6028,5.6806],[-50.6026,5.6809],[-50.6024,5.6811],[-50.6022,5.6813],[-50.6021,5.6815],[-50.6019,5.6817],[-50.6017,5.6819],[-50.6015,5.6822],[-50.6013,5.6824],[-50.6011,5.6826],[-50.6009,5.6828],[-50.6007,5.683],[-50.6005,5.6832],[-50.6003,5.6835],[-50.6001,5.6837],[-50.5999,5.6839],[-50.5998,5.6841],[-50.5996,5.6843],[-50.5994,5.6845],[-50.5992,5.6848],[-50.599,5.685],[-50.5988,5.6852],[-50.5986,5.6854],[-50.5984,5.6856],[-50.5982,5.6858],[-50.598,5.6861],[-50.5978,5.6863],[-50.5976,5.6865],[-50.5975,5.6867],[-50.5973,5.6869],[-50.5971,5.6871],[-50.5969,5.6874],[-50.5967,5.6876],[-50.5965,5.6878],[-50.5963,5.688],[-50.5961,5.6882],[-50.5959,5.6884],[-50.5957,5.6887],[-50.5955,5.6889],[-50.5954,5.6891],[-50.5952,5.6893],[-50.595,5.6895],[-50.5948,5.6897],[-50.5946,5.69],[-50.5944,5.6902],[-50.5942,5.6904],[-50.594,5.6906],[-50.5938,5.6908],[-50.5936,5.691],[-50.5934,5.6913],[-50.5932,5.6915],[-50.5931,5.6917],[-50.5929,5.6919],[-50.5927,5.6921],[-50.5925,5.6923],[-50.5923,5.6926],[-50.5921,5.6928],[-50.5919,5.693],[-50.5917,5.6932],[-50.5915,5.6934],[-50.5913,5.6936],[-50.5911,5.6939],[-50.5909,5.6941],[-50.5908,5.6943],[-50.5906,5.6945],[-50.5904,5.6947],[-50.5902,5.6949],[-50.59,5.6952],[-50.5898,5.6954],[-50.5896,5.6956],[-50.5894,5.6958],[-50.5892,5.696],[-50.589,5.6962],[-50.5888,5.6965],[-50.5887,5.6967],[-50.5885,5.6969],[-50.5883,5.6971],[-50.5881,5.6973],[-50.5879,5.6975],[-50.5877,5.6978],[-50.5875,5.698],[-50.5873,5.6982],[-50.5871,5.6984],[-50.5869,5.6986],[-50.5867,5.6988],[-50.5865,5.6991],[-50.5864,5.6993],[-50.5862,5.6995],[-50.586,5.6997],[-50.5858,5.6999],[-50.5856,5.7001],[-50.5854,5.7004],[-50.5852,5.7006],[-50.585,5.7008],[-50.5848,5.701],[-50.5846,5.7012],[-50.5844,5.7014],[-50.5842,5.7017],[-50.5841,5.7019],[-50.5839,5.7021],[-50.5837,5.7023],[-50.5835,5.7025],[-50.5833,5.7027],[-50.5831,5.703],[-50.5829,5.7032],[-50.5827,5.7034],[-50.5825,5.7036],[-50.5823,5.7038],[-50.5821,5.704],[-50.582,5.7043],[-50.5818,5.7045],[-50.5816,5.7047],[-50.5814,5.7049],[-50.5812,5.7051],[-50.581,5.7053],[-50.5808,5.7056],[-50.5806,5.7058],[-50.5804,5.706],[-50.5802,5.7062],[-50.58,5.7064],[-50.5798,5.7066],[-50.5797,5.7069],[-50.5795,5.7071],[-50.5793,5.7073],[-50.5791,5.7075],[-50.5789,5.7077],[-50.5787,5.7079],[-50.5785,5.7082],[-50.5783,5.7084],[-50.5781,5.7086],[-50.5779,5.7088],[-50.5777,5.709],[-50.5775,5.7092],[-50.5774,5.7095],[-50.5772,5.7097],[-50.577,5.7099],[-50.5768,5.7101],[-50.5766,5.7103],[-50.5764,5.7105],[-50.5762,5.7108],[-50.576,5.711],[-50.5758,5.7112],[-50.5756,5.7114],[-50.5754,5.7116],[-50.5753,5.7118],[-50.5751,5.7121],[-50.5749,5.7123],[-50.5747,5.7125],[-50.5745,5.7127],[-50.5743,5.7129],[-50.5741,5.7131],[-50.5739,5.7134],[-50.5737,5.7136],[-50.5735,5.7138],[-50.5733,5.714],[-50.5731,5.7142],[-50.573,5.7144],[-50.5728,5.7147],[-50.5726,5.7149],[-50.5724,5.7151],[-50.5722,5.7153],[-50.572,5.7155],[-50.5718,5.7157],[-50.5716,5.716],[-50.5714,5.7162],[-50.5712,5.7164],[-50.571,5.7166],[-50.5708,5.7168],[-50.5707,5.717],[-50.5705,5.7173],[-50.5703,5.7175],[-50.5701,5.7177],[-50.5699,5.7179],[-50.5697,5.7181],[-50.5695,5.7183],[-50.5693,5.7186],[-50.5691,5.7188],[-50.5689,5.719],[-50.5687,5.7192],[-50.5686,5.7194],[-50.5684,5.7196],[-50.5682,5.7199],[-50.568,5.7201],[-50.5678,5.7203],[-50.5676,5.7205],[-50.5674,5.7207],[-50.5672,5.7209],[-50.567,5.7212],[-50.5668,5.7214],[-50.5666,5.7216],[-50.5664,5.7218],[-50.5663,5.722],[-50.5661,5.7222],[-50.5659,5.7225],[-50.5657,5.7227],[-50.5655,5.7229],[-50.5653,5.7231],[-50.5651,5.7233],[-50.5649,5.7236],[-50.5647,5.7238],[-50.5645,5.724],[-50.5643,5.7242],[-50.5641,5.7244],[-50.564,5.7246],[-50.5638,5.7249],[-50.5636,5.7251],[-50.5634,5.7253],[-50.5632,5.7255],[-50.563,5.7257],[-50.5628,5.7259],[-50.5626,5.7262],[-50.5624,5.7264],[-50.5622,5.7266],[-50.562,5.7268],[-50.5619,5.727],[-50.5617,5.7272],[-50.5615,5.7275],[-50.5613,5.7277],[-50.5611,5.7279],[-50.5609,5.7281],[-50.5607,5.7283],[-50.5605,5.7285],[-50.5603,5.7288],[-50.5601,5.729],[-50.5599,5.7292],[-50.5597,5.7294],[-50.5596,5.7296],[-50.5594,5.7298],[-50.5592,5.7301],[-50.559,5.7303],[-50.5588,5.7305],[-50.5586,5.7307],[-50.5584,5.7309],[-50.5582,5.7311],[-50.558,5.7314],[-50.5578,5.7316],[-50.5576,5.7318],[-50.5574,5.732],[-50.5573,5.7322],[-50.5571,5.7324],[-50.5569,5.7327],[-50.5567,5.7329],[-50.5565,5.7331],[-50.5563,5.7333],[-50.5561,5.7335],[-50.5559,5.7337],[-50.5557,5.734],[-50.5555,5.7342],[-50.5553,5.7344],[-50.5552,5.7346],[-50.555,5.7348],[-50.5548,5.735],[-50.5546,5.7353],[-50.5544,5.7355],[-50.5542,5.7357],[-50.554,5.7359],[-50.5538,5.7361],[-50.5536,5.7363],[-50.5534,5.7366],[-50.5532,5.7368],[-50.553,5.737],[-50.5529,5.7372],[-50.5527,5.7374],[-50.5525,5.7376],[-50.5523,5.7379],[-50.5521,5.7381],[-50.5519,5.7383],[-50.5517,5.7385],[-50.5515,5.7387],[-50.5513,5.7389],[-50.5511,5.7392],[-50.5509,5.7394],[-50.5507,5.7396],[-50.5506,5.7398],[-50.5504,5.74],[-50.5502,5.7402],[-50.55,5.7405],[-50.5498,5.7407],[-50.5496,5.7409],[-50.5494,5.7411],[-50.5492,5.7413],[-50.549,5.7415],[-50.5488,5.7418],[-50.5486,5.742],[-50.5485,5.7422],[-50.5483,5.7424],[-50.5481,5.7426],[-50.5479,5.7428],[-50.5477,5.7431],[-50.5475,5.7433],[-50.5473,5.7435],[-50.5471,5.7437],[-50.5469,5.7439],[-50.5467,5.7441],[-50.5465,5.7444],[-50.5463,5.7446],[-50.5462,5.7448],[-50.546,5.745],[-50.5458,5.7452],[-50.5456,5.7454],[-50.5454,5.7457],[-50.5452,5.7459],[-50.545,5.7461],[-50.5448,5.7463],[-50.5446,5.7465],[-50.5444,5.7467],[-50.5442,5.747],[-50.544,5.7472],[-50.5439,5.7474],[-50.5437,5.7476],[-50.5435,5.7478],[-50.5433,5.748],[-50.5431,5.7483],[-50.5429,5.7485],[-50.5427,5.7487],[-50.5425,5.7489],[-50.5423,5.7491],[-50.5421,5.7493],[-50.5419,5.7496],[-50.5418,5.7498],[-50.5416,5.75],[-50.5414,5.7502],[-50.5412,5.7504],[-50.541,5.7506],[-50.5408,5.7509],[-50.5406,5.7511],[-50.5404,5.7513],[-50.5402,5.7515],[-50.54,5.7517],[-50.5398,5.7519],[-50.5396,5.7522],[-50.5395,5.7524],[-50.5393,5.7526],[-50.5391,5.7528],[-50.5389,5.753],[-50.5387,5.7532],[-50.5385,5.7535],[-50.5383,5.7537],[-50.5381,5.7539],[-50.5379,5.7541],[-50.5377,5.7543],[-50.5375,5.7545],[-50.5373,5.7548],[-50.5372,5.755],[-50.537,5.7552],[-50.5368,5.7554],[-50.5366,5.7556],[-50.5364,5.7558],[-50.5362,5.7561],[-50.536,5.7563],[-50.5358,5.7565],[-50.5356,5.7567],[-50.5354,5.7569],[-50.5352,5.7571],[-50.5351,5.7574],[-50.5349,5.7576],[-50.5347,5.7578],[-50.5345,5.758],[-50.5343,5.7582],[-50.5341,5.7584],[-50.5339,5.7587],[-50.5337,5.7589],[-50.5335,5.7591],[-50.5333,5.7593],[-50.5331,5.7595],[-50.5329,5.7597],[-50.5328,5.76],[-50.5326,5.7602],[-50.5324,5.7604],[-50.5322,5.7606],[-50.532,5.7608],[-50.5318,5.761],[-50.5316,5.7613],[-50.5314,5.7615],[-50.5312,5.7617],[-50.531,5.7619],[-50.5308,5.7621],[-50.5306,5.7623],[-50.5305,5.7626],[-50.5303,5.7628],[-50.5301,5.763],[-50.5299,5.7632],[-50.5297,5.7634],[-50.5295,5.7636],[-50.5293,5.7639],[-50.5291,5.7641],[-50.5289,5.7643],[-50.5287,5.7645],[-50.5285,5.7647],[-50.5284,5.7649],[-50.5282,5.7652],[-50.528,5.7654],[-50.5278,5.7656],[-50.5276,5.7658],[-50.5274,5.766],[-50.5272,5.7662],[-50.527,5.7665],[-50.5268,5.7667],[-50.5266,5.7669],[-50.5264,5.7671],[-50.5262,5.7673],[-50.5261,5.7675],[-50.5259,5.7678],[-50.5257,5.768],[-50.5255,5.7682],[-50.5253,5.7684],[-50.5251,5.7686],[-50.5249,5.7688],[-50.5247,5.7691],[-50.5245,5.7693],[-50.5243,5.7695],[-50.5241,5.7697],[-50.5239,5.7699],[-50.5238,5.7701],[-50.5236,5.7704],[-50.5234,5.7706],[-50.5232,5.7708],[-50.523,5.771],[-50.5228,5.7712],[-50.5226,5.7714],[-50.5224,5.7717],[-50.5222,5.7719],[-50.522,5.7721],[-50.5218,5.7723],[-50.5217,5.7725],[-50.5215,5.7727],[-50.5213,5.773],[-50.5211,5.7732],[-50.5209,5.7734],[-50.5207,5.7736],[-50.5205,5.7738],[-50.5203,5.774],[-50.5201,5.7743],[-50.5199,5.7745],[-50.5197,5.7747],[-50.5195,5.7749],[-50.5194,5.7751],[-50.5192,5.7753],[-50.519,5.7756],[-50.5188,5.7758],[-50.5186,5.776],[-50.5184,5.7762],[-50.5182,5.7764],[-50.518,5.7766],[-50.5178,5.7769],[-50.5176,5.7771],[-50.5174,5.7773],[-50.5172,5.7775],[-50.5171,5.7777],[-50.5169,5.7779],[-50.5167,5.7782],[-50.5165,5.7784],[-50.5163,5.7786],[-50.5161,5.7788],[-50.5159,5.779],[-50.5157,5.7792],[-50.5155,5.7795],[-50.5153,5.7797],[-50.5151,5.7799],[-50.515,5.7801],[-50.5148,5.7803],[-50.5146,5.7805],[-50.5144,5.7808],[-50.5142,5.781],[-50.514,5.7812],[-50.5138,5.7814],[-50.5136,5.7816],[-50.5134,5.7818],[-50.5132,5.7821],[-50.513,5.7823],[-50.5128,5.7825],[-50.5127,5.7827],[-50.5125,5.7829],[-50.5123,5.7831],[-50.5121,5.7834],[-50.5119,5.7836],[-50.5117,5.7838],[-50.5115,5.784],[-50.5113,5.7842],[-50.5111,5.7844],[-50.5109,5.7847],[-50.5107,5.7849],[-50.5105,5.7851],[-50.5104,5.7853],[-50.5102,5.7855],[-50.51,5.7857],[-50.5098,5.786],[-50.5096,5.7862],[-50.5094,5.7864],[-50.5092,5.7866],[-50.509,5.7868],[-50.5088,5.7871],[-50.5086,5.7873],[-50.5084,5.7875],[-50.5083,5.7877],[-50.5081,5.7879],[-50.5079,5.7881],[-50.5077,5.7884],[-50.5075,5.7886],[-50.5073,5.7888],[-50.5071,5.789],[-50.5069,5.7892],[-50.5067,5.7894],[-50.5065,5.7897],[-50.5063,5.7899],[-50.5061,5.7901],[-50.506,5.7903],[-50.5058,5.7905],[-50.5056,5.7907],[-50.5054,5.791],[-50.5052,5.7912],[-50.505,5.7914],[-50.5048,5.7916],[-50.5046,5.7918],[-50.5044,5.792],[-50.5042,5.7923],[-50.504,5.7925],[-50.5038,5.7927],[-50.5037,5.7929],[-50.5035,5.7931],[-50.5033,5.7933],[-50.5031,5.7936],[-50.5029,5.7938],[-50.5027,5.794],[-50.5025,5.7942],[-50.5023,5.7944],[-50.5021,5.7946],[-50.5019,5.7949],[-50.5017,5.7951],[-50.5015,5.7953],[-50.5014,5.7955],[-50.5012,5.7957],[-50.501,5.7959],[-50.5008,5.7962],[-50.5006,5.7964],[-50.5004,5.7966],[-50.5002,5.7968],[-50.5,5.797],[-50.4998,5.7972],[-50.4996,5.7975],[-50.4994,5.7977],[-50.4993,5.7979],[-50.4991,5.7981],[-50.4989,5.7983],[-50.4987,5.7985],[-50.4985,5.7988],[-50.4983,5.799],[-50.4981,5.7992],[-50.4979,5.7994],[-50.4977,5.7996],[-50.4975,5.7998],[-50.4973,5.8001],[-50.4971,5.8003],[-50.497,5.8005],[-50.4968,5.8007],[-50.4966,5.8009],[-50.4964,5.8011],[-50.4962,5.8014],[-50.496,5.8016],[-50.4958,5.8018],[-50.4956,5.802],[-50.4954,5.8022],[-50.4952,5.8024],[-50.495,5.8027],[-50.4948,5.8029],[-50.4947,5.8031],[-50.4945,5.8033],[-50.4943,5.8035],[-50.4941,5.8037],[-50.4939,5.804],[-50.4937,5.8042],[-50.4935,5.8044],[-50.4933,5.8046],[-50.4931,5.8048],[-50.4929,5.805],[-50.4927,5.8053],[-50.4926,5.8055],[-50.4924,5.8057],[-50.4922,5.8059],[-50.492,5.8061],[-50.4918,5.8063],[-50.4916,5.8066],[-50.4914,5.8068],[-50.4912,5.807],[-50.491,5.8072],[-50.4908,5.8074],[-50.4906,5.8076],[-50.4904,5.8079],[-50.4903,5.8081],[-50.4901,5.8083],[-50.4899,5.8085],[-50.4897,5.8087],[-50.4895,5.8089],[-50.4893,5.8092],[-50.4891,5.8094],[-50.4889,5.8096],[-50.4887,5.8098],[-50.4885,5.81],[-50.4883,5.8102],[-50.4881,5.8105],[-50.488,5.8107],[-50.4878,5.8109],[-50.4876,5.8111],[-50.4874,5.8113],[-50.4872,5.8115],[-50.487,5.8118],[-50.4868,5.812],[-50.4866,5.8122],[-50.4864,5.8124],[-50.4862,5.8126],[-50.486,5.8128],[-50.4859,5.8131],[-50.4857,5.8133],[-50.4855,5.8135],[-50.4853,5.8137],[-50.4851,5.8139],[-50.4849,5.8141],[-50.4847,5.8144],[-50.4845,5.8146],[-50.4843,5.8148],[-50.4841,5.815],[-50.4839,5.8152],[-50.4837,5.8154],[-50.4836,5.8157],[-50.4834,5.8159],[-50.4832,5.8161],[-50.483,5.8163],[-50.4828,5.8165],[-50.4826,5.8167],[-50.4824,5.817],[-50.4822,5.8172],[-50.482,5.8174],[-50.4818,5.8176],[-50.4816,5.8178],[-50.4814,5.818],[-50.4813,5.8183],[-50.4811,5.8185],[-50.4809,5.8187],[-50.4807,5.8189],[-50.4805,5.8191],[-50.4803,5.8193],[-50.4801,5.8196],[-50.4799,5.8198],[-50.4797,5.82],[-50.4795,5.8202],[-50.4793,5.8204],[-50.4791,5.8206],[-50.479,5.8209],[-50.4788,5.8211],[-50.4786,5.8213],[-50.4784,5.8215],[-50.4782,5.8217],[-50.478,5.8219],[-50.4778,5.8222],[-50.4776,5.8224],[-50.4774,5.8226],[-50.4772,5.8228],[-50.477,5.823],[-50.4769,5.8232],[-50.4767,5.8235],[-50.4765,5.8237],[-50.4763,5.8239],[-50.4761,5.8241],[-50.4759,5.8243],[-50.4757,5.8245],[-50.4755,5.8248],[-50.4753,5.825],[-50.4751,5.8252],[-50.4749,5.8254],[-50.4747,5.8256],[-50.4746,5.8258],[-50.4744,5.8261],[-50.4742,5.8263],[-50.474,5.8265],[-50.4738,5.8267],[-50.4736,5.8269],[-50.4734,5.8271],[-50.4732,5.8274],[-50.473,5.8276],[-50.4728,5.8278],[-50.4726,5.828],[-50.4724,5.8282],[-50.4723,5.8284],[-50.4721,5.8287],[-50.4719,5.8289],[-50.4717,5.8291],[-50.4715,5.8293],[-50.4713,5.8295],[-50.4711,5.8297],[-50.4709,5.83],[-50.4707,5.8302],[-50.4705,5.8304],[-50.4703,5.8306],[-50.4702,5.8308],[-50.47,5.831],[-50.4698,5.8313],[-50.4696,5.8315],[-50.4694,5.8317],[-50.4692,5.8319],[-50.469,5.8321],[-50.4688,5.8323],[-50.4686,5.8326],[-50.4684,5.8328],[-50.4682,5.833],[-50.468,5.8332],[-50.4679,5.8334],[-50.4677,5.8336],[-50.4675,5.8339],[-50.4673,5.8341],[-50.4671,5.8343],[-50.4669,5.8345],[-50.4667,5.8347],[-50.4665,5.8349],[-50.4663,5.8352],[-50.4661,5.8354],[-50.4659,5.8356],[-50.4657,5.8358],[-50.4656,5.836],[-50.4654,5.8362],[-50.4652,5.8365],[-50.465,5.8367],[-50.4648,5.8369],[-50.4646,5.8371],[-50.4644,5.8373],[-50.4642,5.8375],[-50.464,5.8378],[-50.4638,5.838],[-50.4636,5.8382],[-50.4634,5.8384],[-50.4633,5.8386],[-50.4631,5.8388],[-50.4629,5.8391],[-50.4627,5.8393],[-50.4625,5.8395],[-50.4623,5.8397],[-50.4621,5.8399],[-50.4619,5.8401],[-50.4617,5.8404],[-50.4615,5.8406],[-50.4613,5.8408],[-50.4612,5.841],[-50.461,5.8412],[-50.4608,5.8414],[-50.4606,5.8417],[-50.4604,5.8419],[-50.4602,5.8421],[-50.46,5.8423],[-50.4598,5.8425],[-50.4596,5.8427],[-50.4594,5.843],[-50.4592,5.8432],[-50.459,5.8434],[-50.4589,5.8436],[-50.4587,5.8438],[-50.4585,5.844],[-50.4583,5.8443],[-50.4581,5.8445],[-50.4579,5.8447],[-50.4577,5.8449],[-50.4575,5.8451],[-50.4573,5.8453],[-50.4571,5.8456],[-50.4569,5.8458],[-50.4567,5.846],[-50.4566,5.8462],[-50.4564,5.8464],[-50.4562,5.8466],[-50.456,5.8469],[-50.4558,5.8471],[-50.4556,5.8473],[-50.4554,5.8475],[-50.4552,5.8477],[-50.455,5.8479],[-50.4548,5.8482],[-50.4546,5.8484],[-50.4545,5.8486],[-50.4543,5.8488],[-50.4541,5.849],[-50.4539,5.8492],[-50.4537,5.8495],[-50.4535,5.8497],[-50.4533,5.8499],[-50.4531,5.8501],[-50.4529,5.8503],[-50.4527,5.8506],[-50.4525,5.8508],[-50.4523,5.851],[-50.4522,5.8512],[-50.452,5.8514],[-50.4518,5.8516],[-50.4516,5.8519],[-50.4514,5.8521],[-50.4512,5.8523],[-50.451,5.8525],[-50.4508,5.8527],[-50.4506,5.8529],[-50.4504,5.8532],[-50.4502,5.8534],[-50.45,5.8536],[-50.4499,5.8538],[-50.4497,5.854],[-50.4495,5.8542],[-50.4493,5.8545],[-50.4491,5.8547],[-50.4489,5.8549],[-50.4487,5.8551],[-50.4485,5.8553],[-50.4483,5.8555],[-50.4481,5.8558],[-50.4479,5.856],[-50.4477,5.8562],[-50.4476,5.8564],[-50.4474,5.8566],[-50.4472,5.8568],[-50.447,5.8571],[-50.4468,5.8573],[-50.4466,5.8575],[-50.4464,5.8577],[-50.4462,5.8579],[-50.446,5.8581],[-50.4458,5.8584],[-50.4456,5.8586],[-50.4455,5.8588],[-50.4453,5.859],[-50.4451,5.8592],[-50.4449,5.8594],[-50.4447,5.8597],[-50.4445,5.8599],[-50.4443,5.8601],[-50.4441,5.8603],[-50.4439,5.8605],[-50.4437,5.8607],[-50.4435,5.861],[-50.4433,5.8612],[-50.4432,5.8614],[-50.443,5.8616],[-50.4428,5.8618],[-50.4426,5.862],[-50.4424,5.8623],[-50.4422,5.8625],[-50.442,5.8627],[-50.4418,5.8629],[-50.4416,5.8631],[-50.4414,5.8633],[-50.4412,5.8636],[-50.441,5.8638],[-50.4409,5.864],[-50.4407,5.8642],[-50.4405,5.8644],[-50.4403,5.8646],[-50.4401,5.8649],[-50.4399,5.8651],[-50.4397,5.8653],[-50.4395,5.8655],[-50.4393,5.8657],[-50.4391,5.8659],[-50.4389,5.8662],[-50.4388,5.8664],[-50.4386,5.8666],[-50.4384,5.8668],[-50.4382,5.867],[-50.438,5.8672],[-50.4378,5.8675],[-50.4376,5.8677],[-50.4374,5.8679],[-50.4372,5.8681],[-50.437,5.8683],[-50.4368,5.8685],[-50.4366,5.8688],[-50.4365,5.869],[-50.4363,5.8692],[-50.4361,5.8694],[-50.4359,5.8696],[-50.4357,5.8698],[-50.4355,5.8701],[-50.4353,5.8703],[-50.4351,5.8705],[-50.4349,5.8707],[-50.4347,5.8709],[-50.4345,5.8711],[-50.4343,5.8714],[-50.4342,5.8716],[-50.434,5.8718],[-50.4338,5.872],[-50.4336,5.8722],[-50.4334,5.8724],[-50.4332,5.8727],[-50.433,5.8729],[-50.4328,5.8731],[-50.4326,5.8733],[-50.4324,5.8735],[-50.4322,5.8737],[-50.432,5.874],[-50.4319,5.8742],[-50.4317,5.8744],[-50.4315,5.8746],[-50.4313,5.8748],[-50.4311,5.875],[-50.4309,5.8753],[-50.4307,5.8755],[-50.4305,5.8757],[-50.4303,5.8759],[-50.4301,5.8761],[-50.4299,5.8763],[-50.4298,5.8766],[-50.4296,5.8768],[-50.4294,5.877],[-50.4292,5.8772],[-50.429,5.8774],[-50.4288,5.8776],[-50.4286,5.8779],[-50.4284,5.8781],[-50.4282,5.8783],[-50.428,5.8785],[-50.4278,5.8787],[-50.4276,5.8789],[-50.4275,5.8792],[-50.4273,5.8794],[-50.4271,5.8796],[-50.4269,5.8798],[-50.4267,5.88],[-50.4265,5.8802],[-50.4263,5.8805],[-50.4261,5.8807],[-50.4259,5.8809],[-50.4257,5.8811],[-50.4255,5.8813],[-50.4253,5.8815],[-50.4252,5.8818],[-50.425,5.882],[-50.4248,5.8822],[-50.4246,5.8824],[-50.4244,5.8826],[-50.4242,5.8828],[-50.424,5.8831],[-50.4238,5.8833],[-50.4236,5.8835],[-50.4234,5.8837],[-50.4232,5.8839],[-50.423,5.8841],[-50.4229,5.8844],[-50.4227,5.8846],[-50.4225,5.8848],[-50.4223,5.885],[-50.4221,5.8852],[-50.4219,5.8854],[-50.4217,5.8857],[-50.4215,5.8859],[-50.4213,5.8861],[-50.4211,5.8863],[-50.4209,5.8865],[-50.4208,5.8867],[-50.4206,5.887],[-50.4204,5.8872],[-50.4202,5.8874],[-50.42,5.8876],[-50.4198,5.8878],[-50.4196,5.888],[-50.4194,5.8883],[-50.4192,5.8885],[-50.419,5.8887],[-50.4188,5.8889],[-50.4186,5.8891],[-50.4185,5.8893],[-50.4183,5.8896],[-50.4181,5.8898],[-50.4179,5.89],[-50.4177,5.8902],[-50.4175,5.8904],[-50.4173,5.8906],[-50.4171,5.8909],[-50.4169,5.8911],[-50.4167,5.8913],[-50.4165,5.8915],[-50.4163,5.8917],[-50.4162,5.8919],[-50.416,5.8922],[-50.4158,5.8924],[-50.4156,5.8926],[-50.4154,5.8928],[-50.4152,5.893],[-50.415,5.8932],[-50.4148,5.8935],[-50.4146,5.8937],[-50.4144,5.8939],[-50.4142,5.8941],[-50.414,5.8943],[-50.4139,5.8945],[-50.4137,5.8948],[-50.4135,5.895],[-50.4133,5.8952],[-50.4131,5.8954],[-50.4129,5.8956],[-50.4127,5.8958],[-50.4125,5.8961],[-50.4123,5.8963],[-50.4121,5.8965],[-50.4119,5.8967],[-50.4118,5.8969],[-50.4116,5.8971],[-50.4114,5.8974],[-50.4112,5.8976],[-50.411,5.8978],[-50.4108,5.898],[-50.4106,5.8982],[-50.4104,5.8984],[-50.4102,5.8987],[-50.41,5.8989],[-50.4098,5.8991],[-50.4096,5.8993],[-50.4095,5.8995],[-50.4093,5.8997],[-50.4091,5.9],[-50.4089,5.9002],[-50.4087,5.9004],[-50.4085,5.9006],[-50.4083,5.9008],[-50.4081,5.901],[-50.4079,5.9013],[-50.4077,5.9015],[-50.4075,5.9017],[-50.4073,5.9019],[-50.4072,5.9021],[-50.407,5.9023],[-50.4068,5.9026],[-50.4066,5.9028],[-50.4064,5.903],[-50.4062,5.9032],[-50.406,5.9034],[-50.4058,5.9036],[-50.4056,5.9039],[-50.4054,5.9041],[-50.4052,5.9043],[-50.405,5.9045],[-50.4049,5.9047],[-50.4047,5.9049],[-50.4045,5.9052],[-50.4043,5.9054],[-50.4041,5.9056],[-50.4039,5.9058],[-50.4037,5.906],[-50.4035,5.9062],[-50.4033,5.9065],[-50.4031,5.9067],[-50.4029,5.9069],[-50.4028,5.9071],[-50.4026,5.9073],[-50.4024,5.9075],[-50.4022,5.9078],[-50.402,5.908],[-50.4018,5.9082],[-50.4016,5.9084],[-50.4014,5.9086],[-50.4012,5.9088],[-50.401,5.9091],[-50.4008,5.9093],[-50.4006,5.9095],[-50.4005,5.9097],[-50.4003,5.9099],[-50.4001,5.9101],[-50.3999,5.9104],[-50.3997,5.9106],[-50.3995,5.9108],[-50.3993,5.911],[-50.3991,5.9112],[-50.3989,5.9114],[-50.3987,5.9117],[-50.3985,5.9119],[-50.3983,5.9121],[-50.3982,5.9123],[-50.398,5.9125],[-50.3978,5.9127],[-50.3976,5.913],[-50.3974,5.9132],[-50.3972,5.9134],[-50.397,5.9136],[-50.3968,5.9138],[-50.3966,5.9141],[-50.3964,5.9143],[-50.3962,5.9145],[-50.3961,5.9147],[-50.3959,5.9149],[-50.3957,5.9151],[-50.3955,5.9154],[-50.3953,5.9156],[-50.3951,5.9158],[-50.3949,5.916],[-50.3947,5.9162],[-50.3945,5.9164],[-50.3943,5.9167],[-50.3941,5.9169],[-50.3939,5.9171],[-50.3938,5.9173],[-50.3936,5.9175],[-50.3934,5.9177],[-50.3932,5.918],[-50.393,5.9182],[-50.3928,5.9184],[-50.3926,5.9186],[-50.3924,5.9188],[-50.3922,5.919],[-50.392,5.9193],[-50.3918,5.9195],[-50.3916,5.9197],[-50.3915,5.9199],[-50.3913,5.9201],[-50.3911,5.9203],[-50.3909,5.9206],[-50.3907,5.9208],[-50.3905,5.921],[-50.3903,5.9212],[-50.3901,5.9214],[-50.3899,5.9216],[-50.3897,5.9219],[-50.3895,5.9221],[-50.3893,5.9223],[-50.3892,5.9225],[-50.389,5.9227],[-50.3888,5.9229],[-50.3886,5.9232],[-50.3884,5.9234],[-50.3882,5.9236],[-50.388,5.9238],[-50.3878,5.924],[-50.3876,5.9242],[-50.3874,5.9245],[-50.3872,5.9247],[-50.387,5.9249],[-50.3869,5.9251],[-50.3867,5.9253],[-50.3865,5.9255],[-50.3863,5.9258],[-50.3861,5.926],[-50.3859,5.9262],[-50.3857,5.9264],[-50.3855,5.9266],[-50.3853,5.9268],[-50.3851,5.9271],[-50.3849,5.9273],[-50.3848,5.9275],[-50.3846,5.9277],[-50.3844,5.9279],[-50.3842,5.9281],[-50.384,5.9284],[-50.3838,5.9286],[-50.3836,5.9288],[-50.3834,5.929],[-50.3832,5.9292],[-50.383,5.9294],[-50.3828,5.9297],[-50.3826,5.9299],[-50.3825,5.9301],[-50.3823,5.9303],[-50.3821,5.9305],[-50.3819,5.9307],[-50.3817,5.931],[-50.3815,5.9312],[-50.3813,5.9314],[-50.3811,5.9316],[-50.3809,5.9318],[-50.3807,5.932],[-50.3805,5.9323],[-50.3803,5.9325],[-50.3802,5.9327],[-50.38,5.9329],[-50.3798,5.9331],[-50.3796,5.9333],[-50.3794,5.9336],[-50.3792,5.9338],[-50.379,5.934],[-50.3788,5.9342],[-50.3786,5.9344],[-50.3784,5.9346],[-50.3782,5.9349],[-50.378,5.9351],[-50.3779,5.9353],[-50.3777,5.9355],[-50.3775,5.9357],[-50.3773,5.9359],[-50.3771,5.9362],[-50.3769,5.9364],[-50.3767,5.9366],[-50.3765,5.9368],[-50.3763,5.937],[-50.3761,5.9372],[-50.3759,5.9375],[-50.3758,5.9377],[-50.3756,5.9379],[-50.3754,5.9381],[-50.3752,5.9383],[-50.375,5.9385],[-50.3748,5.9388],[-50.3746,5.939],[-50.3744,5.9392],[-50.3742,5.9394],[-50.374,5.9396],[-50.3738,5.9398],[-50.3736,5.9401],[-50.3735,5.9403],[-50.3733,5.9405],[-50.3731,5.9407],[-50.3729,5.9409],[-50.3727,5.9411],[-50.3725,5.9414],[-50.3723,5.9416],[-50.3721,5.9418],[-50.3719,5.942],[-50.3717,5.9422],[-50.3715,5.9424],[-50.3713,5.9427],[-50.3712,5.9429],[-50.371,5.9431],[-50.3708,5.9433],[-50.3706,5.9435],[-50.3704,5.9437],[-50.3702,5.944],[-50.37,5.9442],[-50.3698,5.9444],[-50.3696,5.9446],[-50.3694,5.9448],[-50.3692,5.945],[-50.369,5.9453],[-50.3689,5.9455],[-50.3687,5.9457],[-50.3685,5.9459],[-50.3683,5.9461],[-50.3681,5.9463],[-50.3679,5.9466],[-50.3677,5.9468],[-50.3675,5.947],[-50.3673,5.9472],[-50.3671,5.9474],[-50.3669,5.9476],[-50.3668,5.9479],[-50.3666,5.9481],[-50.3664,5.9483],[-50.3662,5.9485],[-50.366,5.9487],[-50.3658,5.9489],[-50.3656,5.9492],[-50.3654,5.9494],[-50.3652,5.9496],[-50.365,5.9498],[-50.3648,5.95],[-50.3646,5.9502],[-50.3645,5.9505],[-50.3643,5.9507],[-50.3641,5.9509],[-50.3639,5.9511],[-50.3637,5.9513],[-50.3635,5.9515],[-50.3633,5.9518],[-50.3631,5.952],[-50.3629,5.9522],[-50.3627,5.9524],[-50.3625,5.9526],[-50.3623,5.9528],[-50.3622,5.9531],[-50.362,5.9533],[-50.3618,5.9535],[-50.3616,5.9537],[-50.3614,5.9539],[-50.3612,5.9541],[-50.361,5.9544],[-50.3608,5.9546],[-50.3606,5.9548],[-50.3604,5.955],[-50.3602,5.9552],[-50.36,5.9554],[-50.3599,5.9557],[-50.3597,5.9559],[-50.3595,5.9561],[-50.3593,5.9563],[-50.3591,5.9565],[-50.3589,5.9567],[-50.3587,5.957],[-50.3585,5.9572],[-50.3583,5.9574],[-50.3581,5.9576],[-50.3579,5.9578],[-50.3578,5.958],[-50.3576,5.9583],[-50.3574,5.9585],[-50.3572,5.9587],[-50.357,5.9589],[-50.3568,5.9591],[-50.3566,5.9593],[-50.3564,5.9596],[-50.3562,5.9598],[-50.356,5.96],[-50.3558,5.9602],[-50.3556,5.9604],[-50.3555,5.9606],[-50.3553,5.9609],[-50.3551,5.9611],[-50.3549,5.9613],[-50.3547,5.9615],[-50.3545,5.9617],[-50.3543,5.9619],[-50.3541,5.9622],[-50.3539,5.9624],[-50.3537,5.9626],[-50.3535,5.9628],[-50.3533,5.963],[-50.3532,5.9632],[-50.353,5.9635],[-50.3528,5.9637],[-50.3526,5.9639],[-50.3524,5.9641],[-50.3522,5.9643],[-50.352,5.9645],[-50.3518,5.9648],[-50.3516,5.965],[-50.3514,5.9652],[-50.3512,5.9654],[-50.351,5.9656],[-50.3509,5.9658],[-50.3507,5.9661],[-50.3505,5.9663],[-50.3503,5.9665],[-50.3501,5.9667],[-50.3499,5.9669],[-50.3497,5.9671],[-50.3495,5.9674],[-50.3493,5.9676],[-50.3491,5.9678],[-50.3489,5.968],[-50.3487,5.9682],[-50.3486,5.9684],[-50.3484,5.9687],[-50.3482,5.9689],[-50.348,5.9691],[-50.3478,5.9693],[-50.3476,5.9695],[-50.3474,5.9697],[-50.3472,5.97],[-50.347,5.9702],[-50.3468,5.9704],[-50.3466,5.9706],[-50.3465,5.9708],[-50.3463,5.971],[-50.3461,5.9713],[-50.3459,5.9715],[-50.3457,5.9717],[-50.3455,5.9719],[-50.3453,5.9721],[-50.3451,5.9723],[-50.3449,5.9726],[-50.3447,5.9728],[-50.3445,5.973],[-50.3443,5.9732],[-50.3442,5.9734],[-50.344,5.9736],[-50.3438,5.9739],[-50.3436,5.9741],[-50.3434,5.9743],[-50.3432,5.9745],[-50.343,5.9747],[-50.3428,5.9749],[-50.3426,5.9752],[-50.3424,5.9754],[-50.3422,5.9756],[-50.342,5.9758],[-50.3419,5.976],[-50.3417,5.9762],[-50.3415,5.9765],[-50.3413,5.9767],[-50.3411,5.9769],[-50.3409,5.9771],[-50.3407,5.9773],[-50.3405,5.9775],[-50.3403,5.9778],[-50.3401,5.978],[-50.3399,5.9782],[-50.3397,5.9784],[-50.3396,5.9786],[-50.3394,5.9789],[-50.3392,5.9791],[-50.339,5.9793],[-50.3388,5.9795],[-50.3386,5.9797],[-50.3384,5.9799],[-50.3382,5.9802],[-50.338,5.9804],[-50.3378,5.9806],[-50.3376,5.9808],[-50.3375,5.981],[-50.3373,5.9812],[-50.3371,5.9815],[-50.3369,5.9817],[-50.3367,5.9819],[-50.3365,5.9821],[-50.3363,5.9823],[-50.3361,5.9825],[-50.3359,5.9828],[-50.3357,5.983],[-50.3355,5.9832],[-50.3353,5.9834],[-50.3352,5.9836],[-50.335,5.9838],[-50.3348,5.9841],[-50.3346,5.9843],[-50.3344,5.9845],[-50.3342,5.9847],[-50.334,5.9849],[-50.3338,5.9851],[-50.3336,5.9854],[-50.3334,5.9856],[-50.3332,5.9858],[-50.333,5.986],[-50.3329,5.9862],[-50.3327,5.9864],[-50.3325,5.9867],[-50.3323,5.9869],[-50.3321,5.9871],[-50.3319,5.9873],[-50.3317,5.9875],[-50.3315,5.9877],[-50.3313,5.988],[-50.3311,5.9882],[-50.3309,5.9884],[-50.3307,5.9886],[-50.3306,5.9888],[-50.3304,5.989],[-50.3302,5.9893],[-50.33,5.9895],[-50.3298,5.9897],[-50.3296,5.9899],[-50.3294,5.9901],[-50.3292,5.9903],[-50.329,5.9906],[-50.3288,5.9908],[-50.3286,5.991],[-50.3284,5.9912],[-50.3283,5.9914],[-50.3281,5.9916],[-50.3279,5.9919],[-50.3277,5.9921],[-50.3275,5.9923],[-50.3273,5.9925],[-50.3271,5.9927],[-50.3269,5.9929],[-50.3267,5.9932],[-50.3265,5.9934],[-50.3263,5.9936],[-50.3262,5.9938],[-50.326,5.994],[-50.3258,5.9942],[-50.3256,5.9945],[-50.3254,5.9947],[-50.3252,5.9949],[-50.325,5.9951],[-50.3248,5.9953],[-50.3246,5.9955],[-50.3244,5.9958],[-50.3242,5.996],[-50.324,5.9962],[-50.3239,5.9964],[-50.3237,5.9966],[-50.3235,5.9968],[-50.3233,5.9971],[-50.3231,5.9973],[-50.3229,5.9975],[-50.3227,5.9977],[-50.3225,5.9979],[-50.3223,5.9981],[-50.3221,5.9984],[-50.3219,5.9986],[-50.3217,5.9988],[-50.3216,5.999],[-50.3214,5.9992],[-50.3212,5.9994],[-50.321,5.9997],[-50.3208,5.9999],[-50.3206,6.0001],[-50.3204,6.0003],[-50.3202,6.0005],[-50.32,6.0007],[-50.3198,6.001],[-50.3196,6.0012],[-50.3194,6.0014],[-50.3193,6.0016],[-50.3191,6.0018],[-50.3189,6.002],[-50.3187,6.0023],[-50.3185,6.0025],[-50.3183,6.0027],[-50.3181,6.0029],[-50.3179,6.0031],[-50.3177,6.0033],[-50.3175,6.0036],[-50.3173,6.0038],[-50.3172,6.004],[-50.317,6.0042],[-50.3168,6.0044],[-50.3166,6.0046],[-50.3164,6.0049],[-50.3162,6.0051],[-50.316,6.0053],[-50.3158,6.0055],[-50.3156,6.0057],[-50.3154,6.0059],[-50.3152,6.0062],[-50.315,6.0064],[-50.3149,6.0066],[-50.3147,6.0068],[-50.3145,6.007],[-50.3143,6.0072],[-50.3141,6.0075],[-50.3139,6.0077],[-50.3137,6.0079],[-50.3135,6.0081],[-50.3133,6.0083],[-50.3131,6.0085],[-50.3129,6.0088],[-50.3127,6.009],[-50.3126,6.0092],[-50.3124,6.0094],[-50.3122,6.0096],[-50.312,6.0098],[-50.3118,6.0101],[-50.3116,6.0103],[-50.3114,6.0105],[-50.3112,6.0107],[-50.311,6.0109],[-50.3108,6.0111],[-50.3106,6.0114],[-50.3104,6.0116],[-50.3103,6.0118],[-50.3101,6.012],[-50.3099,6.0122],[-50.3097,6.0124],[-50.3095,6.0127],[-50.3093,6.0129],[-50.3091,6.0131],[-50.3089,6.0133],[-50.3087,6.0135],[-50.3085,6.0137],[-50.3083,6.014],[-50.3081,6.0142],[-50.308,6.0144],[-50.3078,6.0146],[-50.3076,6.0148],[-50.3074,6.015],[-50.3072,6.0153],[-50.307,6.0155],[-50.3068,6.0157],[-50.3066,6.0159],[-50.3064,6.0161],[-50.3062,6.0163],[-50.306,6.0166],[-50.3059,6.0168],[-50.3057,6.017],[-50.3055,6.0172],[-50.3053,6.0174],[-50.3051,6.0176],[-50.3049,6.0179],[-50.3047,6.0181],[-50.3045,6.0183],[-50.3043,6.0185],[-50.3041,6.0187],[-50.3039,6.0189],[-50.3037,6.0192],[-50.3036,6.0194],[-50.3034,6.0196],[-50.3032,6.0198],[-50.303,6.02],[-50.3028,6.0202],[-50.3026,6.0205],[-50.3024,6.0207],[-50.3022,6.0209],[-50.302,6.0211],[-50.3018,6.0213],[-50.3016,6.0215],[-50.3014,6.0218],[-50.3013,6.022],[-50.3011,6.0222],[-50.3009,6.0224],[-50.3007,6.0226],[-50.3005,6.0228],[-50.3003,6.0231],[-50.3001,6.0233],[-50.2999,6.0235],[-50.2997,6.0237],[-50.2995,6.0239],[-50.2993,6.0241],[-50.2991,6.0244],[-50.299,6.0246],[-50.2988,6.0248],[-50.2986,6.025],[-50.2984,6.0252],[-50.2982,6.0254],[-50.298,6.0257],[-50.2978,6.0259],[-50.2976,6.0261],[-50.2974,6.0263],[-50.2972,6.0265],[-50.297,6.0267],[-50.2968,6.027],[-50.2967,6.0272],[-50.2965,6.0274],[-50.2963,6.0276],[-50.2961,6.0278],[-50.2959,6.028],[-50.2957,6.0283],[-50.2955,6.0285],[-50.2953,6.0287],[-50.2951,6.0289],[-50.2949,6.0291],[-50.2947,6.0293],[-50.2946,6.0296],[-50.2944,6.0298],[-50.2942,6.03],[-50.294,6.0302],[-50.2938,6.0304],[-50.2936,6.0306],[-50.2934,6.0309],[-50.2932,6.0311],[-50.293,6.0313],[-50.2928,6.0315],[-50.2926,6.0317],[-50.2924,6.0319],[-50.2923,6.0322],[-50.2921,6.0324],[-50.2919,6.0326],[-50.2917,6.0328],[-50.2915,6.033],[-50.2913,6.0332],[-50.2911,6.0335],[-50.2909,6.0337],[-50.2907,6.0339],[-50.2905,6.0341],[-50.2903,6.0343],[-50.2901,6.0345],[-50.29,6.0348],[-50.2898,6.035],[-50.2896,6.0352],[-50.2894,6.0354],[-50.2892,6.0356],[-50.289,6.0358],[-50.2888,6.0361],[-50.2886,6.0363],[-50.2884,6.0365],[-50.2882,6.0367],[-50.288,6.0369],[-50.2878,6.0371],[-50.2877,6.0374],[-50.2875,6.0376],[-50.2873,6.0378],[-50.2871,6.038],[-50.2869,6.0382],[-50.2867,6.0384],[-50.2865,6.0387],[-50.2863,6.0389],[-50.2861,6.0391],[-50.2859,6.0393],[-50.2857,6.0395],[-50.2855,6.0397],[-50.2854,6.04],[-50.2852,6.0402],[-50.285,6.0404],[-50.2848,6.0406],[-50.2846,6.0408],[-50.2844,6.041],[-50.2842,6.0413],[-50.284,6.0415],[-50.2838,6.0417],[-50.2836,6.0419],[-50.2834,6.0421],[-50.2832,6.0423],[-50.2831,6.0426],[-50.2829,6.0428],[-50.2827,6.043],[-50.2825,6.0432],[-50.2823,6.0434],[-50.2821,6.0436],[-50.2819,6.0439],[-50.2817,6.0441],[-50.2815,6.0443],[-50.2813,6.0445],[-50.2811,6.0447],[-50.281,6.045],[-50.2808,6.0452],[-50.2806,6.0454],[-50.2804,6.0456],[-50.2802,6.0458],[-50.28,6.046],[-50.2798,6.0463],[-50.2796,6.0465],[-50.2794,6.0467],[-50.2792,6.0469],[-50.279,6.0471],[-50.2788,6.0473],[-50.2787,6.0476],[-50.2785,6.0478],[-50.2783,6.048],[-50.2781,6.0482],[-50.2779,6.0484],[-50.2777,6.0486],[-50.2775,6.0489],[-50.2773,6.0491],[-50.2771,6.0493],[-50.2769,6.0495],[-50.2767,6.0497],[-50.2765,6.0499],[-50.2764,6.0502],[-50.2762,6.0504],[-50.276,6.0506],[-50.2758,6.0508],[-50.2756,6.051],[-50.2754,6.0512],[-50.2752,6.0515],[-50.275,6.0517],[-50.2748,6.0519],[-50.2746,6.0521],[-50.2744,6.0523],[-50.2742,6.0525],[-50.2741,6.0528],[-50.2739,6.053],[-50.2737,6.0532],[-50.2735,6.0534],[-50.2733,6.0536],[-50.2731,6.0538],[-50.2729,6.0541],[-50.2727,6.0543],[-50.2725,6.0545],[-50.2723,6.0547],[-50.2721,6.0549],[-50.2719,6.0551],[-50.2718,6.0554],[-50.2716,6.0556],[-50.2714,6.0558],[-50.2712,6.056],[-50.271,6.0562],[-50.2708,6.0564],[-50.2706,6.0567],[-50.2704,6.0569],[-50.2702,6.0571],[-50.27,6.0573],[-50.2698,6.0575],[-50.2697,6.0577],[-50.2695,6.058],[-50.2693,6.0582],[-50.2691,6.0584],[-50.2689,6.0586],[-50.2687,6.0588],[-50.2685,6.059],[-50.2683,6.0593],[-50.2681,6.0595],[-50.2679,6.0597],[-50.2677,6.0599],[-50.2675,6.0601],[-50.2674,6.0603],[-50.2672,6.0606],[-50.267,6.0608],[-50.2668,6.061],[-50.2666,6.0612],[-50.2664,6.0614],[-50.2662,6.0616],[-50.266,6.0619],[-50.2658,6.0621],[-50.2656,6.0623],[-50.2654,6.0625],[-50.2652,6.0627],[-50.2651,6.0629],[-50.2649,6.0632],[-50.2647,6.0634],[-50.2645,6.0636],[-50.2643,6.0638],[-50.2641,6.064],[-50.2639,6.0642],[-50.2637,6.0645],[-50.2635,6.0647],[-50.2633,6.0649],[-50.2631,6.0651],[-50.2629,6.0653],[-50.2628,6.0655],[-50.2626,6.0658],[-50.2624,6.066],[-50.2622,6.0662],[-50.262,6.0664],[-50.2618,6.0666],[-50.2616,6.0668],[-50.2614,6.0671],[-50.2612,6.0673],[-50.261,6.0675],[-50.2608,6.0677],[-50.2606,6.0679],[-50.2605,6.0681],[-50.2603,6.0684],[-50.2601,6.0686],[-50.2599,6.0688],[-50.2597,6.069],[-50.2595,6.0692],[-50.2593,6.0694],[-50.2591,6.0697],[-50.2589,6.0699],[-50.2587,6.0701],[-50.2585,6.0703],[-50.2583,6.0705],[-50.2582,6.0707],[-50.258,6.071],[-50.2578,6.0712],[-50.2576,6.0714],[-50.2574,6.0716],[-50.2572,6.0718],[-50.257,6.072],[-50.2568,6.0723],[-50.2566,6.0725],[-50.2564,6.0727],[-50.2562,6.0729],[-50.2561,6.0731],[-50.2559,6.0733],[-50.2557,6.0736],[-50.2555,6.0738],[-50.2553,6.074],[-50.2551,6.0742],[-50.2549,6.0744],[-50.2547,6.0746],[-50.2545,6.0749],[-50.2543,6.0751],[-50.2541,6.0753],[-50.2539,6.0755],[-50.2538,6.0757],[-50.2536,6.0759],[-50.2534,6.0762],[-50.2532,6.0764],[-50.253,6.0766],[-50.2528,6.0768],[-50.2526,6.077],[-50.2524,6.0772],[-50.2522,6.0775],[-50.252,6.0777],[-50.2518,6.0779],[-50.2516,6.0781],[-50.2515,6.0783],[-50.2513,6.0785],[-50.2511,6.0788],[-50.2509,6.079],[-50.2507,6.0792],[-50.2505,6.0794],[-50.2503,6.0796],[-50.2501,6.0798],[-50.2499,6.0801],[-50.2497,6.0803],[-50.2495,6.0805],[-50.2493,6.0807],[-50.2492,6.0809],[-50.249,6.0811],[-50.2488,6.0814],[-50.2486,6.0816],[-50.2484,6.0818],[-50.2482,6.082],[-50.248,6.0822],[-50.2478,6.0824],[-50.2476,6.0827],[-50.2474,6.0829],[-50.2472,6.0831],[-50.247,6.0833],[-50.2469,6.0835],[-50.2467,6.0837],[-50.2465,6.084],[-50.2463,6.0842],[-50.2461,6.0844],[-50.2459,6.0846],[-50.2457,6.0848],[-50.2455,6.085],[-50.2453,6.0853],[-50.2451,6.0855],[-50.2449,6.0857],[-50.2447,6.0859],[-50.2446,6.0861],[-50.2444,6.0863],[-50.2442,6.0866],[-50.244,6.0868],[-50.2438,6.087],[-50.2436,6.0872],[-50.2434,6.0874],[-50.2432,6.0876],[-50.243,6.0879],[-50.2428,6.0881],[-50.2426,6.0883],[-50.2425,6.0885],[-50.2423,6.0887],[-50.2421,6.0889],[-50.2419,6.0892],[-50.2417,6.0894],[-50.2415,6.0896],[-50.2413,6.0898],[-50.2411,6.09],[-50.2409,6.0902],[-50.2407,6.0905],[-50.2405,6.0907],[-50.2403,6.0909],[-50.2402,6.0911],[-50.24,6.0913],[-50.2398,6.0915],[-50.2396,6.0918],[-50.2394,6.092],[-50.2392,6.0922],[-50.239,6.0924],[-50.2388,6.0926],[-50.2386,6.0928],[-50.2384,6.0931],[-50.2382,6.0933],[-50.238,6.0935],[-50.2379,6.0937],[-50.2377,6.0939],[-50.2375,6.0941],[-50.2373,6.0944],[-50.2371,6.0946],[-50.2369,6.0948],[-50.2367,6.095],[-50.2365,6.0952],[-50.2363,6.0954],[-50.2361,6.0957],[-50.2359,6.0959],[-50.2357,6.0961],[-50.2356,6.0963],[-50.2354,6.0965],[-50.2352,6.0967],[-50.235,6.097],[-50.2348,6.0972],[-50.2346,6.0974],[-50.2344,6.0976],[-50.2342,6.0978],[-50.234,6.098],[-50.2338,6.0983],[-50.2336,6.0985],[-50.2334,6.0987],[-50.2333,6.0989],[-50.2331,6.0991],[-50.2329,6.0993],[-50.2327,6.0996],[-50.2325,6.0998],[-50.2323,6.1],[-50.2321,6.1002],[-50.2319,6.1004],[-50.2317,6.1006],[-50.2315,6.1009],[-50.2313,6.1011],[-50.2311,6.1013],[-50.231,6.1015],[-50.2308,6.1017],[-50.2306,6.1019],[-50.2304,6.1022],[-50.2302,6.1024],[-50.23,6.1026],[-50.2298,6.1028],[-50.2296,6.103],[-50.2294,6.1032],[-50.2292,6.1035],[-50.229,6.1037],[-50.2289,6.1039],[-50.2287,6.1041],[-50.2285,6.1043],[-50.2283,6.1045],[-50.2281,6.1048],[-50.2279,6.105],[-50.2277,6.1052],[-50.2275,6.1054],[-50.2273,6.1056],[-50.2271,6.1058],[-50.2269,6.1061],[-50.2267,6.1063],[-50.2266,6.1065],[-50.2264,6.1067],[-50.2262,6.1069],[-50.226,6.1071],[-50.2258,6.1074],[-50.2256,6.1076],[-50.2254,6.1078],[-50.2252,6.108],[-50.225,6.1082],[-50.2248,6.1084],[-50.2246,6.1087],[-50.2244,6.1089],[-50.2243,6.1091],[-50.2241,6.1093],[-50.2239,6.1095],[-50.2237,6.1097],[-50.2235,6.11],[-50.2233,6.1102],[-50.2231,6.1104],[-50.2229,6.1106],[-50.2227,6.1108],[-50.2225,6.1111],[-50.2223,6.1113],[-50.2221,6.1115],[-50.222,6.1117],[-50.2218,6.1119],[-50.2216,6.1121],[-50.2214,6.1124],[-50.2212,6.1126],[-50.221,6.1128],[-50.2208,6.113],[-50.2206,6.1132],[-50.2204,6.1134],[-50.2202,6.1137],[-50.22,6.1139],[-50.2198,6.1141],[-50.2197,6.1143],[-50.2195,6.1145],[-50.2193,6.1147],[-50.2191,6.115],[-50.2189,6.1152],[-50.2187,6.1154],[-50.2185,6.1156],[-50.2183,6.1158],[-50.2181,6.116],[-50.2179,6.1163],[-50.2177,6.1165],[-50.2175,6.1167],[-50.2174,6.1169],[-50.2172,6.1171],[-50.217,6.1173],[-50.2168,6.1176],[-50.2166,6.1178],[-50.2164,6.118],[-50.2162,6.1182],[-50.216,6.1184],[-50.2158,6.1186],[-50.2156,6.1189],[-50.2154,6.1191],[-50.2153,6.1193],[-50.2151,6.1195],[-50.2149,6.1197],[-50.2147,6.1199],[-50.2145,6.1202],[-50.2143,6.1204],[-50.2141,6.1206],[-50.2139,6.1208],[-50.2137,6.121],[-50.2135,6.1212],[-50.2133,6.1215],[-50.2131,6.1217],[-50.213,6.1219],[-50.2128,6.1221],[-50.2126,6.1223],[-50.2124,6.1225],[-50.2122,6.1228],[-50.212,6.123],[-50.2118,6.1232],[-50.2116,6.1234],[-50.2114,6.1236],[-50.2112,6.1238],[-50.211,6.1241],[-50.2108,6.1243],[-50.2107,6.1245],[-50.2105,6.1247],[-50.2103,6.1249],[-50.2101,6.1251],[-50.2099,6.1254],[-50.2097,6.1256],[-50.2095,6.1258],[-50.2093,6.126],[-50.2091,6.1262],[-50.2089,6.1264],[-50.2087,6.1267],[-50.2085,6.1269],[-50.2084,6.1271],[-50.2082,6.1273],[-50.208,6.1275],[-50.2078,6.1277],[-50.2076,6.128],[-50.2074,6.1282],[-50.2072,6.1284],[-50.207,6.1286],[-50.2068,6.1288],[-50.2066,6.129],[-50.2064,6.1293],[-50.2062,6.1295],[-50.2061,6.1297],[-50.2059,6.1299],[-50.2057,6.1301],[-50.2055,6.1303],[-50.2053,6.1306],[-50.2051,6.1308],[-50.2049,6.131],[-50.2047,6.1312],[-50.2045,6.1314],[-50.2043,6.1316],[-50.2041,6.1319],[-50.2039,6.1321],[-50.2038,6.1323],[-50.2036,6.1325],[-50.2034,6.1327],[-50.2032,6.1329],[-50.203,6.1332],[-50.2028,6.1334],[-50.2026,6.1336],[-50.2024,6.1338],[-50.2022,6.134],[-50.202,6.1342],[-50.2018,6.1345],[-50.2016,6.1347],[-50.2015,6.1349],[-50.2013,6.1351],[-50.2011,6.1353],[-50.2009,6.1355],[-50.2007,6.1358],[-50.2005,6.136],[-50.2003,6.1362],[-50.2001,6.1364],[-50.1999,6.1366],[-50.1997,6.1368],[-50.1995,6.1371],[-50.1994,6.1373],[-50.1992,6.1375],[-50.199,6.1377],[-50.1988,6.1379],[-50.1986,6.1381],[-50.1984,6.1384],[-50.1982,6.1386],[-50.198,6.1388],[-50.1978,6.139],[-50.1976,6.1392],[-50.1974,6.1394],[-50.1972,6.1397],[-50.1971,6.1399],[-50.1969,6.1401],[-50.1967,6.1403],[-50.1965,6.1405],[-50.1963,6.1407],[-50.1961,6.141],[-50.1959,6.1412],[-50.1957,6.1414],[-50.1955,6.1416],[-50.1953,6.1418],[-50.1951,6.142],[-50.1949,6.1423],[-50.1948,6.1425],[-50.1946,6.1427],[-50.1944,6.1429],[-50.1942,6.1431],[-50.194,6.1433],[-50.1938,6.1436],[-50.1936,6.1438],[-50.1934,6.144],[-50.1932,6.1442],[-50.193,6.1444],[-50.1928,6.1446],[-50.1926,6.1449],[-50.1925,6.1451],[-50.1923,6.1453],[-50.1921,6.1455],[-50.1919,6.1457],[-50.1917,6.1459],[-50.1915,6.1462],[-50.1913,6.1464],[-50.1911,6.1466],[-50.1909,6.1468],[-50.1907,6.147],[-50.1905,6.1472],[-50.1903,6.1475],[-50.1902,6.1477],[-50.19,6.1479],[-50.1898,6.1481],[-50.1896,6.1483],[-50.1894,6.1485],[-50.1892,6.1488],[-50.189,6.149],[-50.1888,6.1492],[-50.1886,6.1494],[-50.1884,6.1496],[-50.1882,6.1498],[-50.188,6.1501],[-50.1879,6.1503],[-50.1877,6.1505],[-50.1875,6.1507],[-50.1873,6.1509],[-50.1871,6.1511],[-50.1869,6.1514],[-50.1867,6.1516],[-50.1865,6.1518],[-50.1863,6.152],[-50.1861,6.1522],[-50.1859,6.1524],[-50.1857,6.1527],[-50.1856,6.1529],[-50.1854,6.1531],[-50.1852,6.1533],[-50.185,6.1535],[-50.1848,6.1537],[-50.1846,6.154],[-50.1844,6.1542],[-50.1842,6.1544],[-50.184,6.1546],[-50.1838,6.1548],[-50.1836,6.155],[-50.1835,6.1553],[-50.1833,6.1555],[-50.1831,6.1557],[-50.1829,6.1559],[-50.1827,6.1561],[-50.1825,6.1563],[-50.1823,6.1566],[-50.1821,6.1568],[-50.1819,6.157],[-50.1817,6.1572],[-50.1815,6.1574],[-50.1813,6.1576],[-50.1812,6.1579],[-50.181,6.1581],[-50.1808,6.1583],[-50.1806,6.1585],[-50.1804,6.1587],[-50.1802,6.1589],[-50.18,6.1592],[-50.1798,6.1594],[-50.1796,6.1596],[-50.1794,6.1598],[-50.1792,6.16],[-50.179,6.1602],[-50.1789,6.1605],[-50.1787,6.1607],[-50.1785,6.1609],[-50.1783,6.1611],[-50.1781,6.1613],[-50.1779,6.1615],[-50.1777,6.1618],[-50.1775,6.162],[-50.1773,6.1622],[-50.1771,6.1624],[-50.1769,6.1626],[-50.1767,6.1628],[-50.1766,6.1631],[-50.1764,6.1633],[-50.1762,6.1635],[-50.176,6.1637],[-50.1758,6.1639],[-50.1756,6.1641],[-50.1754,6.1644],[-50.1752,6.1646],[-50.175,6.1648],[-50.1748,6.165],[-50.1746,6.1652],[-50.1744,6.1654],[-50.1743,6.1657],[-50.1741,6.1659],[-50.1739,6.1661],[-50.1737,6.1663],[-50.1735,6.1665],[-50.1733,6.1667],[-50.1731,6.167],[-50.1729,6.1672],[-50.1727,6.1674],[-50.1725,6.1676],[-50.1723,6.1678],[-50.1721,6.168],[-50.172,6.1683],[-50.1718,6.1685],[-50.1716,6.1687],[-50.1714,6.1689],[-50.1712,6.1691],[-50.171,6.1693],[-50.1708,6.1696],[-50.1706,6.1698],[-50.1704,6.17],[-50.1702,6.1702],[-50.17,6.1704],[-50.1698,6.1706],[-50.1697,6.1709],[-50.1695,6.1711],[-50.1693,6.1713],[-50.1691,6.1715],[-50.1689,6.1717],[-50.1687,6.1719],[-50.1685,6.1722],[-50.1683,6.1724],[-50.1681,6.1726],[-50.1679,6.1728],[-50.1677,6.173],[-50.1675,6.1732],[-50.1674,6.1735],[-50.1672,6.1737],[-50.167,6.1739],[-50.1668,6.1741],[-50.1666,6.1743],[-50.1664,6.1745],[-50.1662,6.1748],[-50.166,6.175],[-50.1658,6.1752],[-50.1656,6.1754],[-50.1654,6.1756],[-50.1653,6.1758],[-50.1651,6.1761],[-50.1649,6.1763],[-50.1647,6.1765],[-50.1645,6.1767],[-50.1643,6.1769],[-50.1641,6.1772],[-50.1639,6.1774],[-50.1637,6.1776],[-50.1635,6.1778],[-50.1633,6.178],[-50.1631,6.1782],[-50.163,6.1785],[-50.1628,6.1787],[-50.1626,6.1789],[-50.1624,6.1791],[-50.1622,6.1793],[-50.162,6.1795],[-50.1618,6.1798],[-50.1616,6.18],[-50.1614,6.1802],[-50.1612,6.1804],[-50.161,6.1806],[-50.1608,6.1808],[-50.1607,6.1811],[-50.1605,6.1813],[-50.1603,6.1815],[-50.1601,6.1817],[-50.1599,6.1819],[-50.1597,6.1821],[-50.1595,6.1824],[-50.1593,6.1826],[-50.1591,6.1828],[-50.1589,6.183],[-50.1587,6.1832],[-50.1585,6.1834],[-50.1584,6.1837],[-50.1582,6.1839],[-50.158,6.1841],[-50.1578,6.1843],[-50.1576,6.1845],[-50.1574,6.1847],[-50.1572,6.185],[-50.157,6.1852],[-50.1568,6.1854],[-50.1566,6.1856],[-50.1564,6.1858],[-50.1562,6.186],[-50.1561,6.1863],[-50.1559,6.1865],[-50.1557,6.1867],[-50.1555,6.1869],[-50.1553,6.1871],[-50.1551,6.1873],[-50.1549,6.1876],[-50.1547,6.1878],[-50.1545,6.188],[-50.1543,6.1882],[-50.1541,6.1884],[-50.1539,6.1886],[-50.1538,6.1889],[-50.1536,6.1891],[-50.1534,6.1893],[-50.1532,6.1895],[-50.153,6.1897],[-50.1528,6.1899],[-50.1526,6.1902],[-50.1524,6.1904],[-50.1522,6.1906],[-50.152,6.1908],[-50.1518,6.191],[-50.1516,6.1912],[-50.1515,6.1915],[-50.1513,6.1917],[-50.1511,6.1919],[-50.1509,6.1921],[-50.1507,6.1923],[-50.1505,6.1925],[-50.1503,6.1928],[-50.1501,6.193],[-50.1499,6.1932],[-50.1497,6.1934],[-50.1495,6.1936],[-50.1493,6.1938],[-50.1492,6.1941],[-50.149,6.1943],[-50.1488,6.1945],[-50.1486,6.1947],[-50.1484,6.1949],[-50.1482,6.1951],[-50.148,6.1954],[-50.1478,6.1956],[-50.1476,6.1958],[-50.1474,6.196],[-50.1472,6.1962],[-50.147,6.1964],[-50.1469,6.1967],[-50.1467,6.1969],[-50.1465,6.1971],[-50.1463,6.1973],[-50.1461,6.1975],[-50.1459,6.1977],[-50.1457,6.198],[-50.1455,6.1982],[-50.1453,6.1984],[-50.1451,6.1986],[-50.1449,6.1988],[-50.1448,6.199],[-50.1446,6.1993],[-50.1444,6.1995],[-50.1442,6.1997],[-50.144,6.1999],[-50.1438,6.2001],[-50.1436,6.2003],[-50.1434,6.2006],[-50.1432,6.2008],[-50.143,6.201],[-50.1428,6.2012],[-50.1426,6.2014],[-50.1425,6.2016],[-50.1423,6.2019],[-50.1421,6.2021],[-50.1419,6.2023],[-50.1417,6.2025],[-50.1415,6.2027],[-50.1413,6.2029],[-50.1411,6.2032],[-50.1409,6.2034],[-50.1407,6.2036],[-50.1405,6.2038],[-50.1403,6.204],[-50.1402,6.2042],[-50.14,6.2045],[-50.1398,6.2047],[-50.1396,6.2049],[-50.1394,6.2051],[-50.1392,6.2053],[-50.139,6.2055],[-50.1388,6.2058],[-50.1386,6.206],[-50.1384,6.2062],[-50.1382,6.2064],[-50.138,6.2066],[-50.1379,6.2068],[-50.1377,6.2071],[-50.1375,6.2073],[-50.1373,6.2075],[-50.1371,6.2077],[-50.1369,6.2079],[-50.1367,6.2081],[-50.1365,6.2084],[-50.1363,6.2086],[-50.1361,6.2088],[-50.1359,6.209],[-50.1357,6.2092],[-50.1356,6.2094],[-50.1354,6.2097],[-50.1352,6.2099],[-50.135,6.2101],[-50.1348,6.2103],[-50.1346,6.2105],[-50.1344,6.2107],[-50.1342,6.211],[-50.134,6.2112],[-50.1338,6.2114],[-50.1336,6.2116],[-50.1334,6.2118],[-50.1333,6.212],[-50.1331,6.2123],[-50.1329,6.2125],[-50.1327,6.2127],[-50.1325,6.2129],[-50.1323,6.2131],[-50.1321,6.2133],[-50.1319,6.2136],[-50.1317,6.2138],[-50.1315,6.214],[-50.1313,6.2142],[-50.1311,6.2144],[-50.131,6.2146],[-50.1308,6.2149],[-50.1306,6.2151],[-50.1304,6.2153],[-50.1302,6.2155],[-50.13,6.2157],[-50.1298,6.2159],[-50.1296,6.2162],[-50.1294,6.2164],[-50.1292,6.2166],[-50.129,6.2168],[-50.1288,6.217],[-50.1287,6.2172],[-50.1285,6.2175],[-50.1283,6.2177],[-50.1281,6.2179],[-50.1279,6.2181],[-50.1277,6.2183],[-50.1275,6.2185],[-50.1273,6.2188],[-50.1271,6.219],[-50.1269,6.2192],[-50.1267,6.2194],[-50.1265,6.2196],[-50.1264,6.2198],[-50.1262,6.2201],[-50.126,6.2203],[-50.1258,6.2205],[-50.1256,6.2207],[-50.1254,6.2209],[-50.1252,6.2211],[-50.125,6.2214],[-50.1248,6.2216],[-50.1246,6.2218],[-50.1244,6.222],[-50.1243,6.2222],[-50.1241,6.2224],[-50.1239,6.2227],[-50.1237,6.2229],[-50.1235,6.2231],[-50.1233,6.2233],[-50.1231,6.2235],[-50.1229,6.2237],[-50.1227,6.224],[-50.1225,6.2242],[-50.1223,6.2244],[-50.1221,6.2246],[-50.122,6.2248],[-50.1218,6.225],[-50.1216,6.2253],[-50.1214,6.2255],[-50.1212,6.2257],[-50.121,6.2259],[-50.1208,6.2261],[-50.1206,6.2263],[-50.1204,6.2266],[-50.1202,6.2268],[-50.12,6.227],[-50.1198,6.2272],[-50.1197,6.2274],[-50.1195,6.2276],[-50.1193,6.2279],[-50.1191,6.2281],[-50.1189,6.2283],[-50.1187,6.2285],[-50.1185,6.2287],[-50.1183,6.2289],[-50.1181,6.2292],[-50.1179,6.2294],[-50.1177,6.2296],[-50.1175,6.2298],[-50.1174,6.23],[-50.1172,6.2302],[-50.117,6.2305],[-50.1168,6.2307],[-50.1166,6.2309],[-50.1164,6.2311],[-50.1162,6.2313],[-50.116,6.2315],[-50.1158,6.2318],[-50.1156,6.232],[-50.1154,6.2322],[-50.1152,6.2324],[-50.1151,6.2326],[-50.1149,6.2328],[-50.1147,6.2331],[-50.1145,6.2333],[-50.1143,6.2335],[-50.1141,6.2337],[-50.1139,6.2339],[-50.1137,6.2341],[-50.1135,6.2344],[-50.1133,6.2346],[-50.1131,6.2348],[-50.1129,6.235],[-50.1128,6.2352],[-50.1126,6.2354],[-50.1124,6.2357],[-50.1122,6.2359],[-50.112,6.2361],[-50.1118,6.2363],[-50.1116,6.2365],[-50.1114,6.2367],[-50.1112,6.237],[-50.111,6.2372],[-50.1108,6.2374],[-50.1106,6.2376],[-50.1105,6.2378],[-50.1103,6.238],[-50.1101,6.2383],[-50.1099,6.2385],[-50.1097,6.2387],[-50.1095,6.2389],[-50.1093,6.2391],[-50.1091,6.2393],[-50.1089,6.2396],[-50.1087,6.2398],[-50.1085,6.24],[-50.1083,6.2402],[-50.1082,6.2404],[-50.108,6.2406],[-50.1078,6.2409],[-50.1076,6.2411],[-50.1074,6.2413],[-50.1072,6.2415],[-50.107,6.2417],[-50.1068,6.2419],[-50.1066,6.2422],[-50.1064,6.2424],[-50.1062,6.2426],[-50.106,6.2428],[-50.1059,6.243],[-50.1057,6.2432],[-50.1055,6.2435],[-50.1053,6.2437],[-50.1051,6.2439],[-50.1049,6.2441],[-50.1047,6.2443],[-50.1045,6.2446],[-50.1043,6.2448],[-50.1041,6.245],[-50.1039,6.2452],[-50.1037,6.2454],[-50.1036,6.2456],[-50.1034,6.2459],[-50.1032,6.2461],[-50.103,6.2463],[-50.1028,6.2465],[-50.1026,6.2467],[-50.1024,6.2469],[-50.1022,6.2472],[-50.102,6.2474],[-50.1018,6.2476],[-50.1016,6.2478],[-50.1014,6.248],[-50.1013,6.2482],[-50.1011,6.2485],[-50.1009,6.2487],[-50.1007,6.2489],[-50.1005,6.2491],[-50.1003,6.2493],[-50.1001,6.2495],[-50.0999,6.2498],[-50.0997,6.25],[-50.0995,6.2502],[-50.0993,6.2504],[-50.0992,6.2506],[-50.099,6.2508],[-50.0988,6.2511],[-50.0986,6.2513],[-50.0984,6.2515],[-50.0982,6.2517],[-50.098,6.2519],[-50.0978,6.2521],[-50.0976,6.2524],[-50.0974,6.2526],[-50.0972,6.2528],[-50.097,6.253],[-50.0969,6.2532],[-50.0967,6.2534],[-50.0965,6.2537],[-50.0963,6.2539],[-50.0961,6.2541],[-50.0959,6.2543],[-50.0957,6.2545],[-50.0955,6.2547],[-50.0953,6.255],[-50.0951,6.2552],[-50.0949,6.2554],[-50.0947,6.2556],[-50.0946,6.2558],[-50.0944,6.256],[-50.0942,6.2563],[-50.094,6.2565],[-50.0938,6.2567],[-50.0936,6.2569],[-50.0934,6.2571],[-50.0932,6.2573],[-50.093,6.2576],[-50.0928,6.2578],[-50.0926,6.258],[-50.0924,6.2582],[-50.0923,6.2584],[-50.0921,6.2586],[-50.0919,6.2589],[-50.0917,6.2591],[-50.0915,6.2593],[-50.0913,6.2595],[-50.0911,6.2597],[-50.0909,6.2599],[-50.0907,6.2602],[-50.0905,6.2604],[-50.0903,6.2606],[-50.0901,6.2608],[-50.09,6.261],[-50.0898,6.2612],[-50.0896,6.2615],[-50.0894,6.2617],[-50.0892,6.2619],[-50.089,6.2621],[-50.0888,6.2623],[-50.0886,6.2625],[-50.0884,6.2628],[-50.0882,6.263],[-50.088,6.2632],[-50.0878,6.2634],[-50.0877,6.2636],[-50.0875,6.2638],[-50.0873,6.2641],[-50.0871,6.2643],[-50.0869,6.2645],[-50.0867,6.2647],[-50.0865,6.2649],[-50.0863,6.2651],[-50.0861,6.2654],[-50.0859,6.2656],[-50.0857,6.2658],[-50.0855,6.266],[-50.0854,6.2662],[-50.0852,6.2664],[-50.085,6.2667],[-50.0848,6.2669],[-50.0846,6.2671],[-50.0844,6.2673],[-50.0842,6.2675],[-50.084,6.2677],[-50.0838,6.268],[-50.0836,6.2682],[-50.0834,6.2684],[-50.0832,6.2686],[-50.0831,6.2688],[-50.0829,6.269],[-50.0827,6.2693],[-50.0825,6.2695],[-50.0823,6.2697],[-50.0821,6.2699],[-50.0819,6.2701],[-50.0817,6.2703],[-50.0815,6.2706],[-50.0813,6.2708],[-50.0811,6.271],[-50.0809,6.2712],[-50.0808,6.2714],[-50.0806,6.2716],[-50.0804,6.2719],[-50.0802,6.2721],[-50.08,6.2723],[-50.0798,6.2725],[-50.0796,6.2727],[-50.0794,6.2729],[-50.0792,6.2732],[-50.079,6.2734],[-50.0788,6.2736],[-50.0786,6.2738],[-50.0785,6.274],[-50.0783,6.2742],[-50.0781,6.2745],[-50.0779,6.2747],[-50.0777,6.2749],[-50.0775,6.2751],[-50.0773,6.2753],[-50.0771,6.2755],[-50.0769,6.2758],[-50.0767,6.276],[-50.0765,6.2762],[-50.0763,6.2764],[-50.0762,6.2766],[-50.076,6.2768],[-50.0758,6.2771],[-50.0756,6.2773],[-50.0754,6.2775],[-50.0752,6.2777],[-50.075,6.2779],[-50.0748,6.2781],[-50.0746,6.2784],[-50.0744,6.2786],[-50.0742,6.2788],[-50.074,6.279],[-50.0739,6.2792],[-50.0737,6.2794],[-50.0735,6.2797],[-50.0733,6.2799],[-50.0731,6.2801],[-50.0729,6.2803],[-50.0727,6.2805],[-50.0725,6.2807],[-50.0723,6.281],[-50.0721,6.2812],[-50.0719,6.2814],[-50.0717,6.2816],[-50.0716,6.2818],[-50.0714,6.282],[-50.0712,6.2823],[-50.071,6.2825],[-50.0708,6.2827],[-50.0706,6.2829],[-50.0704,6.2831],[-50.0702,6.2833],[-50.07,6.2836],[-50.0698,6.2838],[-50.0696,6.284],[-50.0694,6.2842],[-50.0693,6.2844],[-50.0691,6.2846],[-50.0689,6.2849],[-50.0687,6.2851],[-50.0685,6.2853],[-50.0683,6.2855],[-50.0681,6.2857],[-50.0679,6.2859],[-50.0677,6.2862],[-50.0675,6.2864],[-50.0673,6.2866],[-50.0672,6.2868],[-50.067,6.287],[-50.0668,6.2872],[-50.0666,6.2875],[-50.0664,6.2877],[-50.0662,6.2879],[-50.066,6.2881],[-50.0658,6.2883],[-50.0656,6.2885],[-50.0654,6.2888],[-50.0652,6.289],[-50.065,6.2892],[-50.0649,6.2894],[-50.0647,6.2896],[-50.0645,6.2898],[-50.0643,6.2901],[-50.0641,6.2903],[-50.0639,6.2905],[-50.0637,6.2907],[-50.0635,6.2909],[-50.0633,6.2911],[-50.0631,6.2914],[-50.0629,6.2916],[-50.0627,6.2918],[-50.0626,6.292],[-50.0624,6.2922],[-50.0622,6.2924],[-50.062,6.2927],[-50.0618,6.2929],[-50.0616,6.2931],[-50.0614,6.2933],[-50.0612,6.2935],[-50.061,6.2937],[-50.0608,6.294],[-50.0606,6.2942],[-50.0604,6.2944],[-50.0603,6.2946],[-50.0601,6.2948],[-50.0599,6.295],[-50.0597,6.2953],[-50.0595,6.2955],[-50.0593,6.2957],[-50.0591,6.2959],[-50.0589,6.2961],[-50.0587,6.2963],[-50.0585,6.2966],[-50.0583,6.2968],[-50.0581,6.297],[-50.058,6.2972],[-50.0578,6.2974],[-50.0576,6.2976],[-50.0574,6.2979],[-50.0572,6.2981],[-50.057,6.2983],[-50.0568,6.2985],[-50.0566,6.2987],[-50.0564,6.2989],[-50.0562,6.2992],[-50.056,6.2994],[-50.0558,6.2996],[-50.0557,6.2998],[-50.0555,6.3],[-50.0553,6.3002],[-50.0551,6.3005],[-50.0549,6.3007],[-50.0547,6.3009],[-50.0545,6.3011],[-50.0543,6.3013],[-50.0541,6.3015],[-50.0539,6.3018],[-50.0537,6.302],[-50.0535,6.3022],[-50.0534,6.3024],[-50.0532,6.3026],[-50.053,6.3028],[-50.0528,6.3031],[-50.0526,6.3033],[-50.0524,6.3035],[-50.0522,6.3037],[-50.052,6.3039],[-50.0518,6.3041],[-50.0516,6.3044],[-50.0514,6.3046],[-50.0512,6.3048],[-50.0511,6.305],[-50.0509,6.3052],[-50.0507,6.3054],[-50.0505,6.3057],[-50.0503,6.3059],[-50.0501,6.3061],[-50.0499,6.3063],[-50.0497,6.3065],[-50.0495,6.3067],[-50.0493,6.307],[-50.0491,6.3072],[-50.0489,6.3074],[-50.0488,6.3076],[-50.0486,6.3078],[-50.0484,6.308],[-50.0482,6.3083],[-50.048,6.3085],[-50.0478,6.3087],[-50.0476,6.3089],[-50.0474,6.3091],[-50.0472,6.3093],[-50.047,6.3096],[-50.0468,6.3098],[-50.0466,6.31],[-50.0465,6.3102],[-50.0463,6.3104],[-50.0461,6.3106],[-50.0459,6.3109],[-50.0457,6.3111],[-50.0455,6.3113],[-50.0453,6.3115],[-50.0451,6.3117],[-50.0449,6.3119],[-50.0447,6.3122],[-50.0445,6.3124],[-50.0443,6.3126],[-50.0442,6.3128],[-50.044,6.313],[-50.0438,6.3133],[-50.0436,6.3135],[-50.0434,6.3137],[-50.0432,6.3139],[-50.043,6.3141],[-50.0428,6.3143],[-50.0426,6.3146],[-50.0424,6.3148],[-50.0422,6.315],[-50.042,6.3152],[-50.0419,6.3154],[-50.0417,6.3156],[-50.0415,6.3159],[-50.0413,6.3161],[-50.0411,6.3163],[-50.0409,6.3165],[-50.0407,6.3167],[-50.0405,6.3169],[-50.0403,6.3172],[-50.0401,6.3174],[-50.0399,6.3176],[-50.0397,6.3178],[-50.0396,6.318],[-50.0394,6.3182],[-50.0392,6.3185],[-50.039,6.3187],[-50.0388,6.3189],[-50.0386,6.3191],[-50.0384,6.3193],[-50.0382,6.3195],[-50.038,6.3198],[-50.0378,6.32],[-50.0376,6.3202],[-50.0374,6.3204],[-50.0373,6.3206],[-50.0371,6.3208],[-50.0369,6.3211],[-50.0367,6.3213],[-50.0365,6.3215],[-50.0363,6.3217],[-50.0361,6.3219],[-50.0359,6.3221],[-50.0357,6.3224],[-50.0355,6.3226],[-50.0353,6.3228],[-50.0351,6.323],[-50.035,6.3232],[-50.0348,6.3234],[-50.0346,6.3237],[-50.0344,6.3239],[-50.0342,6.3241],[-50.034,6.3243],[-50.0338,6.3245],[-50.0336,6.3247],[-50.0334,6.325],[-50.0332,6.3252],[-50.033,6.3254],[-50.0328,6.3256],[-50.0327,6.3258],[-50.0325,6.326],[-50.0323,6.3263],[-50.0321,6.3265],[-50.0319,6.3267],[-50.0317,6.3269],[-50.0315,6.3271],[-50.0313,6.3273],[-50.0311,6.3276],[-50.0309,6.3278],[-50.0307,6.328],[-50.0305,6.3282],[-50.0304,6.3284],[-50.0302,6.3286],[-50.03,6.3289],[-50.0298,6.3291],[-50.0296,6.3293],[-50.0294,6.3295],[-50.0292,6.3297],[-50.029,6.3299],[-50.0288,6.3302],[-50.0286,6.3304],[-50.0284,6.3306],[-50.0282,6.3308],[-50.0281,6.331],[-50.0279,6.3312],[-50.0277,6.3315],[-50.0275,6.3317],[-50.0273,6.3319],[-50.0271,6.3321],[-50.0269,6.3323],[-50.0267,6.3325],[-50.0265,6.3328],[-50.0263,6.333],[-50.0261,6.3332],[-50.026,6.3334],[-50.0258,6.3336],[-50.0256,6.3338],[-50.0254,6.3341],[-50.0252,6.3343],[-50.025,6.3345],[-50.0248,6.3347],[-50.0246,6.3349],[-50.0244,6.3351],[-50.0242,6.3354],[-50.024,6.3356],[-50.0238,6.3358],[-50.0237,6.336],[-50.0235,6.3362],[-50.0233,6.3364],[-50.0231,6.3367],[-50.0229,6.3369],[-50.0227,6.3371],[-50.0225,6.3373],[-50.0223,6.3375],[-50.0221,6.3377],[-50.0219,6.338],[-50.0217,6.3382],[-50.0215,6.3384],[-50.0214,6.3386],[-50.0212,6.3388],[-50.021,6.339],[-50.0208,6.3393],[-50.0206,6.3395],[-50.0204,6.3397],[-50.0202,6.3399],[-50.02,6.3401],[-50.0198,6.3403],[-50.0196,6.3406],[-50.0194,6.3408],[-50.0192,6.341],[-50.0191,6.3412],[-50.0189,6.3414],[-50.0187,6.3416],[-50.0185,6.3419],[-50.0183,6.3421],[-50.0181,6.3423],[-50.0179,6.3425],[-50.0177,6.3427],[-50.0175,6.3429],[-50.0173,6.3432],[-50.0171,6.3434],[-50.0169,6.3436],[-50.0168,6.3438],[-50.0166,6.344],[-50.0164,6.3442],[-50.0162,6.3445],[-50.016,6.3447],[-50.0158,6.3449],[-50.0156,6.3451],[-50.0154,6.3453],[-50.0152,6.3455],[-50.015,6.3458],[-50.0148,6.346],[-50.0146,6.3462],[-50.0145,6.3464],[-50.0143,6.3466],[-50.0141,6.3468],[-50.0139,6.3471],[-50.0137,6.3473],[-50.0135,6.3475],[-50.0133,6.3477],[-50.0131,6.3479],[-50.0129,6.3481],[-50.0127,6.3484],[-50.0125,6.3486],[-50.0123,6.3488],[-50.0122,6.349],[-50.012,6.3492],[-50.0118,6.3494],[-50.0116,6.3497],[-50.0114,6.3499],[-50.0112,6.3501],[-50.011,6.3503],[-50.0108,6.3505],[-50.0106,6.3507],[-50.0104,6.351],[-50.0102,6.3512],[-50.01,6.3514],[-50.0099,6.3516],[-50.0097,6.3518],[-50.0095,6.352],[-50.0093,6.3523],[-50.0091,6.3525],[-50.0089,6.3527],[-50.0087,6.3529],[-50.0085,6.3531],[-50.0083,6.3533],[-50.0081,6.3536],[-50.0079,6.3538],[-50.0077,6.354],[-50.0076,6.3542],[-50.0074,6.3544],[-50.0072,6.3546],[-50.007,6.3549],[-50.0068,6.3551],[-50.0066,6.3553],[-50.0064,6.3555],[-50.0062,6.3557],[-50.006,6.3559],[-50.0058,6.3562],[-50.0056,6.3564],[-50.0054,6.3566],[-50.0053,6.3568],[-50.0051,6.357],[-50.0049,6.3572],[-50.0047,6.3575],[-50.0045,6.3577],[-50.0043,6.3579],[-50.0041,6.3581],[-50.0039,6.3583],[-50.0037,6.3585],[-50.0035,6.3588],[-50.0033,6.359],[-50.0031,6.3592],[-50.003,6.3594],[-50.0028,6.3596],[-50.0026,6.3598],[-50.0024,6.3601],[-50.0022,6.3603],[-50.002,6.3605],[-50.0018,6.3607],[-50.0016,6.3609],[-50.0014,6.3611],[-50.0012,6.3614],[-50.001,6.3616],[-50.0008,6.3618],[-50.0007,6.362],[-50.0005,6.3622],[-50.0003,6.3624],[-50.0001,6.3627],[-49.9999,6.3629],[-49.9997,6.3631],[-49.9995,6.3633],[-49.9993,6.3635],[-49.9991,6.3637],[-49.9989,6.364],[-49.9987,6.3642],[-49.9985,6.3644],[-49.9984,6.3646],[-49.9982,6.3648],[-49.998,6.365],[-49.9978,6.3653],[-49.9976,6.3655],[-49.9974,6.3657],[-49.9972,6.3659],[-49.997,6.3661],[-49.9968,6.3663],[-49.9966,6.3666],[-49.9964,6.3668],[-49.9962,6.367],[-49.9961,6.3672],[-49.9959,6.3674],[-49.9957,6.3676],[-49.9955,6.3679],[-49.9953,6.3681],[-49.9951,6.3683],[-49.9949,6.3685],[-49.9947,6.3687],[-49.9945,6.3689],[-49.9943,6.3692],[-49.9941,6.3694],[-49.9939,6.3696],[-49.9938,6.3698],[-49.9936,6.37],[-49.9934,6.3702],[-49.9932,6.3705],[-49.993,6.3707],[-49.9928,6.3709],[-49.9926,6.3711],[-49.9924,6.3713],[-49.9922,6.3715],[-49.992,6.3718],[-49.9918,6.372],[-49.9916,6.3722],[-49.9915,6.3724],[-49.9913,6.3726],[-49.9911,6.3728],[-49.9909,6.3731],[-49.9907,6.3733],[-49.9905,6.3735],[-49.9903,6.3737],[-49.9901,6.3739],[-49.9899,6.3741],[-49.9897,6.3744],[-49.9895,6.3746],[-49.9893,6.3748],[-49.9892,6.375],[-49.989,6.3752],[-49.9888,6.3754],[-49.9886,6.3757],[-49.9884,6.3759],[-49.9882,6.3761],[-49.988,6.3763],[-49.9878,6.3765],[-49.9876,6.3767],[-49.9874,6.377],[-49.9872,6.3772],[-49.987,6.3774],[-49.9869,6.3776],[-49.9867,6.3778],[-49.9865,6.378],[-49.9863,6.3783],[-49.9861,6.3785],[-49.9859,6.3787],[-49.9857,6.3789],[-49.9855,6.3791],[-49.9853,6.3793],[-49.9851,6.3796],[-49.9849,6.3798],[-49.9847,6.38],[-49.9846,6.3802],[-49.9844,6.3804],[-49.9842,6.3806],[-49.984,6.3809],[-49.9838,6.3811],[-49.9836,6.3813],[-49.9834,6.3815],[-49.9832,6.3817],[-49.983,6.382],[-49.9828,6.3822],[-49.9826,6.3824],[-49.9824,6.3826],[-49.9823,6.3828],[-49.9821,6.383],[-49.9819,6.3833],[-49.9817,6.3835],[-49.9815,6.3837],[-49.9813,6.3839],[-49.9811,6.3841],[-49.9809,6.3843],[-49.9807,6.3846],[-49.9805,6.3848],[-49.9803,6.385],[-49.9801,6.3852],[-49.98,6.3854],[-49.9798,6.3856],[-49.9796,6.3859],[-49.9794,6.3861],[-49.9792,6.3863],[-49.979,6.3865],[-49.9788,6.3867],[-49.9786,6.3869],[-49.9784,6.3872],[-49.9782,6.3874],[-49.978,6.3876],[-49.9778,6.3878],[-49.9777,6.388],[-49.9775,6.3882],[-49.9773,6.3885],[-49.9771,6.3887],[-49.9769,6.3889],[-49.9767,6.3891],[-49.9765,6.3893],[-49.9763,6.3895],[-49.9761,6.3898],[-49.9759,6.39],[-49.9757,6.3902],[-49.9755,6.3904],[-49.9754,6.3906],[-49.9752,6.3908],[-49.975,6.3911],[-49.9748,6.3913],[-49.9746,6.3915],[-49.9744,6.3917],[-49.9742,6.3919],[-49.974,6.3921],[-49.9738,6.3924],[-49.9736,6.3926],[-49.9734,6.3928],[-49.9732,6.393],[-49.9731,6.3932],[-49.9729,6.3934],[-49.9727,6.3937],[-49.9725,6.3939],[-49.9723,6.3941],[-49.9721,6.3943],[-49.9719,6.3945],[-49.9717,6.3947],[-49.9715,6.395],[-49.9713,6.3952],[-49.9711,6.3954],[-49.9709,6.3956],[-49.9708,6.3958],[-49.9706,6.396],[-49.9704,6.3963],[-49.9702,6.3965],[-49.97,6.3967],[-49.9698,6.3969],[-49.9696,6.3971],[-49.9694,6.3973],[-49.9692,6.3976],[-49.969,6.3978],[-49.9688,6.398],[-49.9686,6.3982],[-49.9685,6.3984],[-49.9683,6.3986],[-49.9681,6.3989],[-49.9679,6.3991],[-49.9677,6.3993],[-49.9675,6.3995],[-49.9673,6.3997],[-49.9671,6.3999],[-49.9669,6.4002],[-49.9667,6.4004],[-49.9665,6.4006],[-49.9663,6.4008],[-49.9662,6.401],[-49.966,6.4012],[-49.9658,6.4015],[-49.9656,6.4017],[-49.9654,6.4019],[-49.9652,6.4021],[-49.965,6.4023],[-49.9648,6.4025],[-49.9646,6.4028],[-49.9644,6.403],[-49.9642,6.4032],[-49.964,6.4034],[-49.9639,6.4036],[-49.9637,6.4038],[-49.9635,6.4041],[-49.9633,6.4043],[-49.9631,6.4045],[-49.9629,6.4047],[-49.9627,6.4049],[-49.9625,6.4051],[-49.9623,6.4054],[-49.9621,6.4056],[-49.9619,6.4058],[-49.9617,6.406],[-49.9616,6.4062],[-49.9614,6.4064],[-49.9612,6.4067],[-49.961,6.4069],[-49.9608,6.4071],[-49.9606,6.4073],[-49.9604,6.4075],[-49.9602,6.4077],[-49.96,6.408],[-49.9598,6.4082],[-49.9596,6.4084],[-49.9594,6.4086],[-49.9593,6.4088],[-49.9591,6.409],[-49.9589,6.4093],[-49.9587,6.4095],[-49.9585,6.4097],[-49.9583,6.4099],[-49.9581,6.4101],[-49.9579,6.4103],[-49.9577,6.4106],[-49.9575,6.4108],[-49.9573,6.411],[-49.9571,6.4112],[-49.957,6.4114],[-49.9568,6.4116],[-49.9566,6.4119],[-49.9564,6.4121],[-49.9562,6.4123],[-49.956,6.4125],[-49.9558,6.4127],[-49.9556,6.4129],[-49.9554,6.4132],[-49.9552,6.4134],[-49.955,6.4136],[-49.9548,6.4138],[-49.9547,6.414],[-49.9545,6.4142],[-49.9543,6.4145],[-49.9541,6.4147],[-49.9539,6.4149],[-49.9537,6.4151],[-49.9535,6.4153],[-49.9533,6.4155],[-49.9531,6.4158],[-49.9529,6.416],[-49.9527,6.4162],[-49.9525,6.4164],[-49.9524,6.4166],[-49.9522,6.4168],[-49.952,6.4171],[-49.9518,6.4173],[-49.9516,6.4175],[-49.9514,6.4177],[-49.9512,6.4179],[-49.951,6.4181],[-49.9508,6.4184],[-49.9506,6.4186],[-49.9504,6.4188],[-49.9502,6.419],[-49.9501,6.4192],[-49.9499,6.4194],[-49.9497,6.4197],[-49.9495,6.4199],[-49.9493,6.4201],[-49.9491,6.4203],[-49.9489,6.4205],[-49.9487,6.4207],[-49.9485,6.421],[-49.9483,6.4212],[-49.9481,6.4214],[-49.9479,6.4216],[-49.9478,6.4218],[-49.9476,6.422],[-49.9474,6.4223],[-49.9472,6.4225],[-49.947,6.4227],[-49.9468,6.4229],[-49.9466,6.4231],[-49.9464,6.4233],[-49.9462,6.4236],[-49.946,6.4238],[-49.9458,6.424],[-49.9456,6.4242],[-49.9455,6.4244],[-49.9453,6.4246],[-49.9451,6.4249],[-49.9449,6.4251],[-49.9447,6.4253],[-49.9445,6.4255],[-49.9443,6.4257],[-49.9441,6.4259],[-49.9439,6.4262],[-49.9437,6.4264],[-49.9435,6.4266],[-49.9433,6.4268],[-49.9432,6.427],[-49.943,6.4272],[-49.9428,6.4275],[-49.9426,6.4277],[-49.9424,6.4279],[-49.9422,6.4281],[-49.942,6.4283],[-49.9418,6.4285],[-49.9416,6.4288],[-49.9414,6.429],[-49.9412,6.4292],[-49.941,6.4294],[-49.9409,6.4296],[-49.9407,6.4298],[-49.9405,6.4301],[-49.9403,6.4303],[-49.9401,6.4305],[-49.9399,6.4307],[-49.9397,6.4309],[-49.9395,6.4311],[-49.9393,6.4314],[-49.9391,6.4316],[-49.9389,6.4318],[-49.9387,6.432],[-49.9386,6.4322],[-49.9384,6.4324],[-49.9382,6.4327],[-49.938,6.4329],[-49.9378,6.4331],[-49.9376,6.4333],[-49.9374,6.4335],[-49.9372,6.4337],[-49.937,6.434],[-49.9368,6.4342],[-49.9366,6.4344],[-49.9364,6.4346],[-49.9363,6.4348],[-49.9361,6.435],[-49.9359,6.4353],[-49.9357,6.4355],[-49.9355,6.4357],[-49.9353,6.4359],[-49.9351,6.4361],[-49.9349,6.4363],[-49.9347,6.4366],[-49.9345,6.4368],[-49.9343,6.437],[-49.9341,6.4372],[-49.934,6.4374],[-49.9338,6.4376],[-49.9336,6.4379],[-49.9334,6.4381],[-49.9332,6.4383],[-49.933,6.4385],[-49.9328,6.4387],[-49.9326,6.4389],[-49.9324,6.4392],[-49.9322,6.4394],[-49.932,6.4396],[-49.9318,6.4398],[-49.9317,6.44],[-49.9315,6.4402],[-49.9313,6.4405],[-49.9311,6.4407],[-49.9309,6.4409],[-49.9307,6.4411],[-49.9305,6.4413],[-49.9303,6.4415],[-49.9301,6.4418],[-49.9299,6.442],[-49.9297,6.4422],[-49.9295,6.4424],[-49.9294,6.4426],[-49.9292,6.4428],[-49.929,6.4431],[-49.9288,6.4433],[-49.9286,6.4435],[-49.9284,6.4437],[-49.9282,6.4439],[-49.928,6.4441],[-49.9278,6.4444],[-49.9276,6.4446],[-49.9274,6.4448],[-49.9272,6.445],[-49.9271,6.4452],[-49.9269,6.4454],[-49.9267,6.4457],[-49.9265,6.4459],[-49.9263,6.4461],[-49.9261,6.4463],[-49.9259,6.4465],[-49.9257,6.4467],[-49.9255,6.447],[-49.9253,6.4472],[-49.9251,6.4474],[-49.9249,6.4476],[-49.9248,6.4478],[-49.9246,6.448],[-49.9244,6.4483],[-49.9242,6.4485],[-49.924,6.4487],[-49.9238,6.4489],[-49.9236,6.4491],[-49.9234,6.4493],[-49.9232,6.4496],[-49.923,6.4498],[-49.9228,6.45],[-49.9226,6.4502],[-49.9225,6.4504],[-49.9223,6.4507],[-49.9221,6.4509],[-49.9219,6.4511],[-49.9217,6.4513],[-49.9215,6.4515],[-49.9213,6.4517],[-49.9211,6.452],[-49.9209,6.4522],[-49.9207,6.4524],[-49.9205,6.4526],[-49.9203,6.4528],[-49.9202,6.453],[-49.92,6.4533],[-49.9198,6.4535],[-49.9196,6.4537],[-49.9194,6.4539],[-49.9192,6.4541],[-49.919,6.4543],[-49.9188,6.4546],[-49.9186,6.4548],[-49.9184,6.455],[-49.9182,6.4552],[-49.918,6.4554],[-49.9179,6.4556],[-49.9177,6.4559],[-49.9175,6.4561],[-49.9173,6.4563],[-49.9171,6.4565],[-49.9169,6.4567],[-49.9167,6.4569],[-49.9165,6.4572],[-49.9163,6.4574],[-49.9161,6.4576],[-49.9159,6.4578],[-49.9157,6.458],[-49.9156,6.4582],[-49.9154,6.4585],[-49.9152,6.4587],[-49.915,6.4589],[-49.9148,6.4591],[-49.9146,6.4593],[-49.9144,6.4595],[-49.9142,6.4598],[-49.914,6.46],[-49.9138,6.4602],[-49.9136,6.4604],[-49.9134,6.4606],[-49.9133,6.4608],[-49.9131,6.4611],[-49.9129,6.4613],[-49.9127,6.4615],[-49.9125,6.4617],[-49.9123,6.4619],[-49.9121,6.4621],[-49.9119,6.4624],[-49.9117,6.4626],[-49.9115,6.4628],[-49.9113,6.463],[-49.9111,6.4632],[-49.911,6.4634],[-49.9108,6.4637],[-49.9106,6.4639],[-49.9104,6.4641],[-49.9102,6.4643],[-49.91,6.4645],[-49.9098,6.4647],[-49.9096,6.465],[-49.9094,6.4652],[-49.9092,6.4654],[-49.909,6.4656],[-49.9088,6.4658],[-49.9087,6.466],[-49.9085,6.4663],[-49.9083,6.4665],[-49.9081,6.4667],[-49.9079,6.4669],[-49.9077,6.4671],[-49.9075,6.4673],[-49.9073,6.4676],[-49.9071,6.4678],[-49.9069,6.468],[-49.9067,6.4682],[-49.9065,6.4684],[-49.9064,6.4686],[-49.9062,6.4689],[-49.906,6.4691],[-49.9058,6.4693],[-49.9056,6.4695],[-49.9054,6.4697],[-49.9052,6.4699],[-49.905,6.4702],[-49.9048,6.4704],[-49.9046,6.4706],[-49.9044,6.4708],[-49.9042,6.471],[-49.9041,6.4712],[-49.9039,6.4715],[-49.9037,6.4717],[-49.9035,6.4719],[-49.9033,6.4721],[-49.9031,6.4723],[-49.9029,6.4725],[-49.9027,6.4728],[-49.9025,6.473],[-49.9023,6.4732],[-49.9021,6.4734],[-49.9019,6.4736],[-49.9018,6.4738],[-49.9016,6.4741],[-49.9014,6.4743],[-49.9012,6.4745],[-49.901,6.4747],[-49.9008,6.4749],[-49.9006,6.4751],[-49.9004,6.4754],[-49.9002,6.4756],[-49.9,6.4758],[-49.8998,6.476],[-49.8996,6.4762],[-49.8995,6.4764],[-49.8993,6.4767],[-49.8991,6.4769],[-49.8989,6.4771],[-49.8987,6.4773],[-49.8985,6.4775],[-49.8983,6.4777],[-49.8981,6.478],[-49.8979,6.4782],[-49.8977,6.4784],[-49.8975,6.4786],[-49.8973,6.4788],[-49.8972,6.479],[-49.897,6.4793],[-49.8968,6.4795],[-49.8966,6.4797],[-49.8964,6.4799],[-49.8962,6.4801],[-49.896,6.4803],[-49.8958,6.4806],[-49.8956,6.4808],[-49.8954,6.481],[-49.8952,6.4812],[-49.895,6.4814],[-49.8949,6.4816],[-49.8947,6.4819],[-49.8945,6.4821],[-49.8943,6.4823],[-49.8941,6.4825],[-49.8939,6.4827],[-49.8937,6.4829],[-49.8935,6.4832],[-49.8933,6.4834],[-49.8931,6.4836],[-49.8929,6.4838],[-49.8927,6.484],[-49.8926,6.4842],[-49.8924,6.4845],[-49.8922,6.4847],[-49.892,6.4849],[-49.8918,6.4851],[-49.8916,6.4853],[-49.8914,6.4855],[-49.8912,6.4858],[-49.891,6.486],[-49.8908,6.4862],[-49.8906,6.4864],[-49.8904,6.4866],[-49.8902,6.4868],[-49.8901,6.4871],[-49.8899,6.4873],[-49.8897,6.4875],[-49.8895,6.4877],[-49.8893,6.4879],[-49.8891,6.4881],[-49.8889,6.4884],[-49.8887,6.4886],[-49.8885,6.4888],[-49.8883,6.489],[-49.8881,6.4892],[-49.8879,6.4894],[-49.8878,6.4897],[-49.8876,6.4899],[-49.8874,6.4901],[-49.8872,6.4903],[-49.887,6.4905],[-49.8868,6.4907],[-49.8866,6.491],[-49.8864,6.4912],[-49.8862,6.4914],[-49.886,6.4916],[-49.8858,6.4918],[-49.8856,6.492],[-49.8855,6.4923],[-49.8853,6.4925],[-49.8851,6.4927],[-49.8849,6.4929],[-49.8847,6.4931],[-49.8845,6.4933],[-49.8843,6.4936],[-49.8841,6.4938],[-49.8839,6.494],[-49.8837,6.4942],[-49.8835,6.4944],[-49.8833,6.4946],[-49.8832,6.4949],[-49.883,6.4951],[-49.8828,6.4953],[-49.8826,6.4955],[-49.8824,6.4957],[-49.8822,6.4959],[-49.882,6.4962],[-49.8818,6.4964],[-49.8816,6.4966],[-49.8814,6.4968],[-49.8812,6.497],[-49.881,6.4972],[-49.8809,6.4975],[-49.8807,6.4977],[-49.8805,6.4979],[-49.8803,6.4981],[-49.8801,6.4983],[-49.8799,6.4985],[-49.8797,6.4988],[-49.8795,6.499],[-49.8793,6.4992],[-49.8791,6.4994],[-49.8789,6.4996],[-49.8787,6.4998],[-49.8786,6.5001],[-49.8784,6.5003],[-49.8782,6.5005],[-49.878,6.5007],[-49.8778,6.5009],[-49.8776,6.5011],[-49.8774,6.5014],[-49.8772,6.5016],[-49.877,6.5018],[-49.8768,6.502],[-49.8766,6.5022],[-49.8764,6.5024],[-49.8763,6.5027],[-49.8761,6.5029],[-49.8759,6.5031],[-49.8757,6.5033],[-49.8755,6.5035],[-49.8753,6.5037],[-49.8751,6.504],[-49.8749,6.5042],[-49.8747,6.5044],[-49.8745,6.5046],[-49.8743,6.5048],[-49.8741,6.505],[-49.874,6.5053],[-49.8738,6.5055],[-49.8736,6.5057],[-49.8734,6.5059],[-49.8732,6.5061],[-49.873,6.5063],[-49.8728,6.5066],[-49.8726,6.5068],[-49.8724,6.507],[-49.8722,6.5072],[-49.872,6.5074],[-49.8718,6.5076],[-49.8717,6.5079],[-49.8715,6.5081],[-49.8713,6.5083],[-49.8711,6.5085],[-49.8709,6.5087],[-49.8707,6.5089],[-49.8705,6.5092],[-49.8703,6.5094],[-49.8701,6.5096],[-49.8699,6.5098],[-49.8697,6.51],[-49.8695,6.5102],[-49.8694,6.5105],[-49.8692,6.5107],[-49.869,6.5109],[-49.8688,6.5111],[-49.8686,6.5113],[-49.8684,6.5115],[-49.8682,6.5118],[-49.868,6.512],[-49.8678,6.5122],[-49.8676,6.5124],[-49.8674,6.5126],[-49.8672,6.5128],[-49.8671,6.5131],[-49.8669,6.5133],[-49.8667,6.5135],[-49.8665,6.5137],[-49.8663,6.5139],[-49.8661,6.5141],[-49.8659,6.5144],[-49.8657,6.5146],[-49.8655,6.5148],[-49.8653,6.515],[-49.8651,6.5152],[-49.8649,6.5154],[-49.8648,6.5157],[-49.8646,6.5159],[-49.8644,6.5161],[-49.8642,6.5163],[-49.864,6.5165],[-49.8638,6.5167],[-49.8636,6.517],[-49.8634,6.5172],[-49.8632,6.5174],[-49.863,6.5176],[-49.8628,6.5178],[-49.8626,6.518],[-49.8625,6.5183],[-49.8623,6.5185],[-49.8621,6.5187],[-49.8619,6.5189],[-49.8617,6.5191],[-49.8615,6.5193],[-49.8613,6.5196],[-49.8611,6.5198],[-49.8609,6.52],[-49.8607,6.5202],[-49.8605,6.5204],[-49.8603,6.5206],[-49.8602,6.5209],[-49.86,6.5211],[-49.8598,6.5213],[-49.8596,6.5215],[-49.8594,6.5217],[-49.8592,6.522],[-49.859,6.5222],[-49.8588,6.5224],[-49.8586,6.5226],[-49.8584,6.5228],[-49.8582,6.523],[-49.858,6.5233],[-49.8579,6.5235],[-49.8577,6.5237],[-49.8575,6.5239],[-49.8573,6.5241],[-49.8571,6.5243],[-49.8569,6.5246],[-49.8567,6.5248],[-49.8565,6.525],[-49.8563,6.5252],[-49.8561,6.5254],[-49.8559,6.5256],[-49.8557,6.5259],[-49.8556,6.5261],[-49.8554,6.5263],[-49.8552,6.5265],[-49.855,6.5267],[-49.8548,6.5269],[-49.8546,6.5272],[-49.8544,6.5274],[-49.8542,6.5276],[-49.854,6.5278],[-49.8538,6.528],[-49.8536,6.5282],[-49.8534,6.5285],[-49.8533,6.5287],[-49.8531,6.5289],[-49.8529,6.5291],[-49.8527,6.5293],[-49.8525,6.5295],[-49.8523,6.5298],[-49.8521,6.53],[-49.8519,6.5302],[-49.8517,6.5304],[-49.8515,6.5306],[-49.8513,6.5308],[-49.8511,6.5311],[-49.851,6.5313],[-49.8508,6.5315],[-49.8506,6.5317],[-49.8504,6.5319],[-49.8502,6.5321],[-49.85,6.5324],[-49.8498,6.5326],[-49.8496,6.5328],[-49.8494,6.533],[-49.8492,6.5332],[-49.849,6.5334],[-49.8488,6.5337],[-49.8486,6.5339],[-49.8485,6.5341],[-49.8483,6.5343],[-49.8481,6.5345],[-49.8479,6.5347],[-49.8477,6.535],[-49.8475,6.5352],[-49.8473,6.5354],[-49.8471,6.5356],[-49.8469,6.5358],[-49.8467,6.536],[-49.8465,6.5363],[-49.8463,6.5365],[-49.8462,6.5367],[-49.846,6.5369],[-49.8458,6.5371],[-49.8456,6.5373],[-49.8454,6.5376],[-49.8452,6.5378],[-49.845,6.538],[-49.8448,6.5382],[-49.8446,6.5384],[-49.8444,6.5386],[-49.8442,6.5389],[-49.844,6.5391],[-49.8439,6.5393],[-49.8437,6.5395],[-49.8435,6.5397],[-49.8433,6.5399],[-49.8431,6.5402],[-49.8429,6.5404],[-49.8427,6.5406],[-49.8425,6.5408],[-49.8423,6.541],[-49.8421,6.5412],[-49.8419,6.5415],[-49.8417,6.5417],[-49.8416,6.5419],[-49.8414,6.5421],[-49.8412,6.5423],[-49.841,6.5425],[-49.8408,6.5428],[-49.8406,6.543],[-49.8404,6.5432],[-49.8402,6.5434],[-49.84,6.5436],[-49.8398,6.5438],[-49.8396,6.5441],[-49.8394,6.5443],[-49.8393,6.5445],[-49.8391,6.5447],[-49.8389,6.5449],[-49.8387,6.5451],[-49.8385,6.5454],[-49.8383,6.5456],[-49.8381,6.5458],[-49.8379,6.546],[-49.8377,6.5462],[-49.8375,6.5464],[-49.8373,6.5467],[-49.8371,6.5469],[-49.837,6.5471],[-49.8368,6.5473],[-49.8366,6.5475],[-49.8364,6.5477],[-49.8362,6.548],[-49.836,6.5482],[-49.8358,6.5484],[-49.8356,6.5486],[-49.8354,6.5488],[-49.8352,6.549],[-49.835,6.5493],[-49.8348,6.5495],[-49.8347,6.5497],[-49.8345,6.5499],[-49.8343,6.5501],[-49.8341,6.5503],[-49.8339,6.5506],[-49.8337,6.5508],[-49.8335,6.551],[-49.8333,6.5512],[-49.8331,6.5514],[-49.8329,6.5516],[-49.8327,6.5519],[-49.8325,6.5521],[-49.8324,6.5523],[-49.8322,6.5525],[-49.832,6.5527],[-49.8318,6.5529],[-49.8316,6.5532],[-49.8314,6.5534],[-49.8312,6.5536],[-49.831,6.5538],[-49.8308,6.554],[-49.8306,6.5542],[-49.8304,6.5545],[-49.8302,6.5547],[-49.8301,6.5549],[-49.8299,6.5551],[-49.8297,6.5553],[-49.8295,6.5555],[-49.8293,6.5558],[-49.8291,6.556],[-49.8289,6.5562],[-49.8287,6.5564],[-49.8285,6.5566],[-49.8283,6.5568],[-49.8281,6.5571],[-49.8279,6.5573],[-49.8278,6.5575],[-49.8276,6.5577],[-49.8274,6.5579],[-49.8272,6.5581],[-49.827,6.5584],[-49.8268,6.5586],[-49.8266,6.5588],[-49.8264,6.559],[-49.8262,6.5592],[-49.826,6.5594],[-49.8258,6.5597],[-49.8256,6.5599],[-49.8255,6.5601],[-49.8253,6.5603],[-49.8251,6.5605],[-49.8249,6.5607],[-49.8247,6.561],[-49.8245,6.5612],[-49.8243,6.5614],[-49.8241,6.5616],[-49.8239,6.5618],[-49.8237,6.562],[-49.8235,6.5623],[-49.8233,6.5625],[-49.8232,6.5627],[-49.823,6.5629],[-49.8228,6.5631],[-49.8226,6.5633],[-49.8224,6.5636],[-49.8222,6.5638],[-49.822,6.564],[-49.8218,6.5642],[-49.8216,6.5644],[-49.8214,6.5646],[-49.8212,6.5649],[-49.821,6.5651],[-49.8209,6.5653],[-49.8207,6.5655],[-49.8205,6.5657],[-49.8203,6.5659],[-49.8201,6.5662],[-49.8199,6.5664],[-49.8197,6.5666],[-49.8195,6.5668],[-49.8193,6.567],[-49.8191,6.5672],[-49.8189,6.5675],[-49.8187,6.5677],[-49.8185,6.5679],[-49.8184,6.5681],[-49.8182,6.5683],[-49.818,6.5685],[-49.8178,6.5688],[-49.8176,6.569],[-49.8174,6.5692],[-49.8172,6.5694],[-49.817,6.5696],[-49.8168,6.5698],[-49.8166,6.5701],[-49.8164,6.5703],[-49.8162,6.5705],[-49.8161,6.5707],[-49.8159,6.5709],[-49.8157,6.5711],[-49.8155,6.5714],[-49.8153,6.5716],[-49.8151,6.5718],[-49.8149,6.572],[-49.8147,6.5722],[-49.8145,6.5724],[-49.8143,6.5727],[-49.8141,6.5729],[-49.8139,6.5731],[-49.8138,6.5733],[-49.8136,6.5735],[-49.8134,6.5737],[-49.8132,6.574],[-49.813,6.5742],[-49.8128,6.5744],[-49.8126,6.5746],[-49.8124,6.5748],[-49.8122,6.575],[-49.812,6.5753],[-49.8118,6.5755],[-49.8116,6.5757],[-49.8115,6.5759],[-49.8113,6.5761],[-49.8111,6.5763],[-49.8109,6.5766],[-49.8107,6.5768],[-49.8105,6.577],[-49.8103,6.5772],[-49.8101,6.5774],[-49.8099,6.5776],[-49.8097,6.5779],[-49.8095,6.5781],[-49.8093,6.5783],[-49.8092,6.5785],[-49.809,6.5787],[-49.8088,6.5789],[-49.8086,6.5792],[-49.8084,6.5794],[-49.8082,6.5796],[-49.808,6.5798],[-49.8078,6.58],[-49.8076,6.5802],[-49.8074,6.5805],[-49.8072,6.5807],[-49.807,6.5809],[-49.8069,6.5811],[-49.8067,6.5813],[-49.8065,6.5815],[-49.8063,6.5818],[-49.8061,6.582],[-49.8059,6.5822],[-49.8057,6.5824],[-49.8055,6.5826],[-49.8053,6.5828],[-49.8051,6.5831],[-49.8049,6.5833],[-49.8047,6.5835],[-49.8046,6.5837],[-49.8044,6.5839],[-49.8042,6.5841],[-49.804,6.5844],[-49.8038,6.5846],[-49.8036,6.5848],[-49.8034,6.585],[-49.8032,6.5852],[-49.803,6.5854],[-49.8028,6.5857],[-49.8026,6.5859],[-49.8024,6.5861],[-49.8023,6.5863],[-49.8021,6.5865],[-49.8019,6.5867],[-49.8017,6.587],[-49.8015,6.5872],[-49.8013,6.5874],[-49.8011,6.5876],[-49.8009,6.5878],[-49.8007,6.588],[-49.8005,6.5883],[-49.8003,6.5885],[-49.8001,6.5887],[-49.8,6.5889],[-49.7998,6.5891],[-49.7996,6.5893],[-49.7994,6.5896],[-49.7992,6.5898],[-49.799,6.59],[-49.7988,6.5902],[-49.7986,6.5904],[-49.7984,6.5906],[-49.7982,6.5909],[-49.798,6.5911],[-49.7978,6.5913],[-49.7977,6.5915],[-49.7975,6.5917],[-49.7973,6.5919],[-49.7971,6.5922],[-49.7969,6.5924],[-49.7967,6.5926],[-49.7965,6.5928],[-49.7963,6.593],[-49.7961,6.5933],[-49.7959,6.5935],[-49.7957,6.5937],[-49.7955,6.5939],[-49.7954,6.5941],[-49.7952,6.5943],[-49.795,6.5946],[-49.7948,6.5948],[-49.7946,6.595],[-49.7944,6.5952],[-49.7942,6.5954],[-49.794,6.5956],[-49.7938,6.5959],[-49.7936,6.5961],[-49.7934,6.5963],[-49.7932,6.5965],[-49.793,6.5967],[-49.7929,6.5969],[-49.7927,6.5972],[-49.7925,6.5974],[-49.7923,6.5976],[-49.7921,6.5978],[-49.7919,6.598],[-49.7917,6.5982],[-49.7915,6.5985],[-49.7913,6.5987],[-49.7911,6.5989],[-49.7909,6.5991],[-49.7907,6.5993],[-49.7906,6.5995],[-49.7904,6.5998],[-49.7902,6.6],[-49.79,6.6002],[-49.7898,6.6004],[-49.7896,6.6006],[-49.7894,6.6008],[-49.7892,6.6011],[-49.789,6.6013],[-49.7888,6.6015],[-49.7886,6.6017],[-49.7884,6.6019],[-49.7883,6.6021],[-49.7881,6.6024],[-49.7879,6.6026],[-49.7877,6.6028],[-49.7875,6.603],[-49.7873,6.6032],[-49.7871,6.6034],[-49.7869,6.6037],[-49.7867,6.6039],[-49.7865,6.6041],[-49.7863,6.6043],[-49.7861,6.6045],[-49.786,6.6047],[-49.7858,6.605],[-49.7856,6.6052],[-49.7854,6.6054],[-49.7852,6.6056],[-49.785,6.6058],[-49.7848,6.606],[-49.7846,6.6063],[-49.7844,6.6065],[-49.7842,6.6067],[-49.784,6.6069],[-49.7838,6.6071],[-49.7837,6.6073],[-49.7835,6.6076],[-49.7833,6.6078],[-49.7831,6.608],[-49.7829,6.6082],[-49.7827,6.6084],[-49.7825,6.6086],[-49.7823,6.6089],[-49.7821,6.6091],[-49.7819,6.6093],[-49.7817,6.6095],[-49.7815,6.6097],[-49.7814,6.6099],[-49.7812,6.6102],[-49.781,6.6104],[-49.7808,6.6106],[-49.7806,6.6108],[-49.7804,6.611],[-49.7802,6.6112],[-49.78,6.6115],[-49.7798,6.6117],[-49.7796,6.6119],[-49.7794,6.6121],[-49.7792,6.6123],[-49.7791,6.6125],[-49.7789,6.6128],[-49.7787,6.613],[-49.7785,6.6132],[-49.7783,6.6134],[-49.7781,6.6136],[-49.7779,6.6138],[-49.7777,6.6141],[-49.7775,6.6143],[-49.7773,6.6145],[-49.7771,6.6147],[-49.7769,6.6149],[-49.7768,6.6151],[-49.7766,6.6154],[-49.7764,6.6156],[-49.7762,6.6158],[-49.776,6.616],[-49.7758,6.6162],[-49.7756,6.6164],[-49.7754,6.6167],[-49.7752,6.6169],[-49.775,6.6171],[-49.7748,6.6173],[-49.7746,6.6175],[-49.7745,6.6177],[-49.7743,6.618],[-49.7741,6.6182],[-49.7739,6.6184],[-49.7737,6.6186],[-49.7735,6.6188],[-49.7733,6.619],[-49.7731,6.6193],[-49.7729,6.6195],[-49.7727,6.6197],[-49.7725,6.6199],[-49.7723,6.6201],[-49.7721,6.6203],[-49.772,6.6206],[-49.7718,6.6208],[-49.7716,6.621],[-49.7714,6.6212],[-49.7712,6.6214],[-49.771,6.6216],[-49.7708,6.6219],[-49.7706,6.6221],[-49.7704,6.6223],[-49.7702,6.6225],[-49.77,6.6227],[-49.7698,6.6229],[-49.7697,6.6232],[-49.7695,6.6234],[-49.7693,6.6236],[-49.7691,6.6238],[-49.7689,6.624],[-49.7687,6.6242],[-49.7685,6.6245],[-49.7683,6.6247],[-49.7681,6.6249],[-49.7679,6.6251],[-49.7677,6.6253],[-49.7675,6.6255],[-49.7674,6.6258],[-49.7672,6.626],[-49.767,6.6262],[-49.7668,6.6264],[-49.7666,6.6266],[-49.7664,6.6268],[-49.7662,6.6271],[-49.766,6.6273],[-49.7658,6.6275],[-49.7656,6.6277],[-49.7654,6.6279],[-49.7652,6.6281],[-49.7651,6.6284],[-49.7649,6.6286],[-49.7647,6.6288],[-49.7645,6.629],[-49.7643,6.6292],[-49.7641,6.6294],[-49.7639,6.6297],[-49.7637,6.6299],[-49.7635,6.6301],[-49.7633,6.6303],[-49.7631,6.6305],[-49.7629,6.6307],[-49.7628,6.631],[-49.7626,6.6312],[-49.7624,6.6314],[-49.7622,6.6316],[-49.762,6.6318],[-49.7618,6.632],[-49.7616,6.6323],[-49.7614,6.6325],[-49.7612,6.6327],[-49.761,6.6329],[-49.7608,6.6331],[-49.7606,6.6333],[-49.7605,6.6336],[-49.7603,6.6338],[-49.7601,6.634],[-49.7599,6.6342],[-49.7597,6.6344],[-49.7595,6.6346],[-49.7593,6.6349],[-49.7591,6.6351],[-49.7589,6.6353],[-49.7587,6.6355],[-49.7585,6.6357],[-49.7583,6.6359],[-49.7582,6.6362],[-49.758,6.6364],[-49.7578,6.6366],[-49.7576,6.6368],[-49.7574,6.637],[-49.7572,6.6372],[-49.757,6.6375],[-49.7568,6.6377],[-49.7566,6.6379],[-49.7564,6.6381],[-49.7562,6.6383],[-49.756,6.6385],[-49.7559,6.6388],[-49.7557,6.639],[-49.7555,6.6392],[-49.7553,6.6394],[-49.7551,6.6396],[-49.7549,6.6398],[-49.7547,6.6401],[-49.7545,6.6403],[-49.7543,6.6405],[-49.7541,6.6407],[-49.7539,6.6409],[-49.7537,6.6411],[-49.7535,6.6414],[-49.7534,6.6416],[-49.7532,6.6418],[-49.753,6.642],[-49.7528,6.6422],[-49.7526,6.6424],[-49.7524,6.6427],[-49.7522,6.6429],[-49.752,6.6431],[-49.7518,6.6433],[-49.7516,6.6435],[-49.7514,6.6437],[-49.7512,6.644],[-49.7511,6.6442],[-49.7509,6.6444],[-49.7507,6.6446],[-49.7505,6.6448],[-49.7503,6.645],[-49.7501,6.6453],[-49.7499,6.6455],[-49.7497,6.6457],[-49.7495,6.6459],[-49.7493,6.6461],[-49.7491,6.6463],[-49.7489,6.6466],[-49.7488,6.6468],[-49.7486,6.647],[-49.7484,6.6472],[-49.7482,6.6474],[-49.748,6.6476],[-49.7478,6.6479],[-49.7476,6.6481],[-49.7474,6.6483],[-49.7472,6.6485],[-49.747,6.6487],[-49.7468,6.6489],[-49.7466,6.6492],[-49.7465,6.6494],[-49.7463,6.6496],[-49.7461,6.6498],[-49.7459,6.65],[-49.7457,6.6502],[-49.7455,6.6505],[-49.7453,6.6507],[-49.7451,6.6509],[-49.7449,6.6511],[-49.7447,6.6513],[-49.7445,6.6515],[-49.7443,6.6518],[-49.7442,6.652],[-49.744,6.6522],[-49.7438,6.6524],[-49.7436,6.6526],[-49.7434,6.6528],[-49.7432,6.6531],[-49.743,6.6533],[-49.7428,6.6535],[-49.7426,6.6537],[-49.7424,6.6539],[-49.7422,6.6541],[-49.742,6.6544],[-49.7419,6.6546],[-49.7417,6.6548],[-49.7415,6.655],[-49.7413,6.6552],[-49.7411,6.6554],[-49.7409,6.6557],[-49.7407,6.6559],[-49.7405,6.6561],[-49.7403,6.6563],[-49.7401,6.6565],[-49.7399,6.6567],[-49.7397,6.657],[-49.7396,6.6572],[-49.7394,6.6574],[-49.7392,6.6576],[-49.739,6.6578],[-49.7388,6.658],[-49.7386,6.6583],[-49.7384,6.6585],[-49.7382,6.6587],[-49.738,6.6589],[-49.7378,6.6591],[-49.7376,6.6593],[-49.7374,6.6596],[-49.7373,6.6598],[-49.7371,6.66],[-49.7369,6.6602],[-49.7367,6.6604],[-49.7365,6.6606],[-49.7363,6.6609],[-49.7361,6.6611],[-49.7359,6.6613],[-49.7357,6.6615],[-49.7355,6.6617],[-49.7353,6.6619],[-49.7351,6.6622],[-49.7349,6.6624],[-49.7348,6.6626],[-49.7346,6.6628],[-49.7344,6.663],[-49.7342,6.6632],[-49.734,6.6635],[-49.7338,6.6637],[-49.7336,6.6639],[-49.7334,6.6641],[-49.7332,6.6643],[-49.733,6.6646],[-49.7328,6.6648],[-49.7326,6.665],[-49.7325,6.6652],[-49.7323,6.6654],[-49.7321,6.6656],[-49.7319,6.6659],[-49.7317,6.6661],[-49.7315,6.6663],[-49.7313,6.6665],[-49.7311,6.6667],[-49.7309,6.6669],[-49.7307,6.6672],[-49.7305,6.6674],[-49.7303,6.6676],[-49.7302,6.6678],[-49.73,6.668],[-49.7298,6.6682],[-49.7296,6.6685],[-49.7294,6.6687],[-49.7292,6.6689],[-49.729,6.6691],[-49.7288,6.6693],[-49.7286,6.6695],[-49.7284,6.6698],[-49.7282,6.67],[-49.728,6.6702],[-49.7279,6.6704],[-49.7277,6.6706],[-49.7275,6.6708],[-49.7273,6.6711],[-49.7271,6.6713],[-49.7269,6.6715],[-49.7267,6.6717],[-49.7265,6.6719],[-49.7263,6.6721],[-49.7261,6.6724],[-49.7259,6.6726],[-49.7257,6.6728],[-49.7256,6.673],[-49.7254,6.6732],[-49.7252,6.6734],[-49.725,6.6737],[-49.7248,6.6739],[-49.7246,6.6741],[-49.7244,6.6743],[-49.7242,6.6745],[-49.724,6.6747],[-49.7238,6.675],[-49.7236,6.6752],[-49.7234,6.6754],[-49.7233,6.6756],[-49.7231,6.6758],[-49.7229,6.676],[-49.7227,6.6763],[-49.7225,6.6765],[-49.7223,6.6767],[-49.7221,6.6769],[-49.7219,6.6771],[-49.7217,6.6773],[-49.7215,6.6776],[-49.7213,6.6778],[-49.7211,6.678],[-49.7209,6.6782],[-49.7208,6.6784],[-49.7206,6.6786],[-49.7204,6.6789],[-49.7202,6.6791],[-49.72,6.6793],[-49.7198,6.6795],[-49.7196,6.6797],[-49.7194,6.6799],[-49.7192,6.6802],[-49.719,6.6804],[-49.7188,6.6806],[-49.7186,6.6808],[-49.7185,6.681],[-49.7183,6.6812],[-49.7181,6.6815],[-49.7179,6.6817],[-49.7177,6.6819],[-49.7175,6.6821],[-49.7173,6.6823],[-49.7171,6.6825],[-49.7169,6.6828],[-49.7167,6.683],[-49.7165,6.6832],[-49.7163,6.6834],[-49.7162,6.6836],[-49.716,6.6838],[-49.7158,6.6841],[-49.7156,6.6843],[-49.7154,6.6845],[-49.7152,6.6847],[-49.715,6.6849],[-49.7148,6.6851],[-49.7146,6.6854],[-49.7144,6.6856],[-49.7142,6.6858],[-49.714,6.686],[-49.7139,6.6862],[-49.7137,6.6864],[-49.7135,6.6867],[-49.7133,6.6869],[-49.7131,6.6871],[-49.7129,6.6873],[-49.7127,6.6875],[-49.7125,6.6877],[-49.7123,6.688],[-49.7121,6.6882],[-49.7119,6.6884],[-49.7117,6.6886],[-49.7116,6.6888],[-49.7114,6.689],[-49.7112,6.6893],[-49.711,6.6895],[-49.7108,6.6897],[-49.7106,6.6899],[-49.7104,6.6901],[-49.7102,6.6903],[-49.71,6.6906],[-49.7098,6.6908],[-49.7096,6.691],[-49.7094,6.6912],[-49.7093,6.6914],[-49.7091,6.6916],[-49.7089,6.6919],[-49.7087,6.6921],[-49.7085,6.6923],[-49.7083,6.6925],[-49.7081,6.6927],[-49.7079,6.6929],[-49.7077,6.6932],[-49.7075,6.6934],[-49.7073,6.6936],[-49.7071,6.6938],[-49.707,6.694],[-49.7068,6.6942],[-49.7066,6.6945],[-49.7064,6.6947],[-49.7062,6.6949],[-49.706,6.6951],[-49.7058,6.6953],[-49.7056,6.6955],[-49.7054,6.6958],[-49.7052,6.696],[-49.705,6.6962],[-49.7048,6.6964],[-49.7046,6.6966],[-49.7045,6.6968],[-49.7043,6.6971],[-49.7041,6.6973],[-49.7039,6.6975],[-49.7037,6.6977],[-49.7035,6.6979],[-49.7033,6.6981],[-49.7031,6.6984],[-49.7029,6.6986],[-49.7027,6.6988],[-49.7025,6.699],[-49.7023,6.6992],[-49.7022,6.6994],[-49.702,6.6997],[-49.7018,6.6999],[-49.7016,6.7001],[-49.7014,6.7003],[-49.7012,6.7005],[-49.701,6.7007],[-49.7008,6.701],[-49.7006,6.7012],[-49.7004,6.7014],[-49.7002,6.7016],[-49.7,6.7018],[-49.6999,6.702],[-49.6997,6.7023],[-49.6995,6.7025],[-49.6993,6.7027],[-49.6991,6.7029],[-49.6989,6.7031],[-49.6987,6.7033],[-49.6985,6.7036],[-49.6983,6.7038],[-49.6981,6.704],[-49.6979,6.7042],[-49.6977,6.7044],[-49.6976,6.7046],[-49.6974,6.7049],[-49.6972,6.7051],[-49.697,6.7053],[-49.6968,6.7055],[-49.6966,6.7057],[-49.6964,6.7059],[-49.6962,6.7062],[-49.696,6.7064],[-49.6958,6.7066],[-49.6956,6.7068],[-49.6954,6.707],[-49.6953,6.7072],[-49.6951,6.7075],[-49.6949,6.7077],[-49.6947,6.7079],[-49.6945,6.7081],[-49.6943,6.7083],[-49.6941,6.7085],[-49.6939,6.7088],[-49.6937,6.709],[-49.6935,6.7092],[-49.6933,6.7094],[-49.6931,6.7096],[-49.693,6.7098],[-49.6928,6.7101],[-49.6926,6.7103],[-49.6924,6.7105],[-49.6922,6.7107],[-49.692,6.7109],[-49.6918,6.7111],[-49.6916,6.7114],[-49.6914,6.7116],[-49.6912,6.7118],[-49.691,6.712],[-49.6908,6.7122],[-49.6906,6.7124],[-49.6905,6.7127],[-49.6903,6.7129],[-49.6901,6.7131],[-49.6899,6.7133],[-49.6897,6.7135],[-49.6895,6.7137],[-49.6893,6.714],[-49.6891,6.7142],[-49.6889,6.7144],[-49.6887,6.7146],[-49.6885,6.7148],[-49.6883,6.715],[-49.6882,6.7153],[-49.688,6.7155],[-49.6878,6.7157],[-49.6876,6.7159],[-49.6874,6.7161],[-49.6872,6.7163],[-49.687,6.7166],[-49.6868,6.7168],[-49.6866,6.717],[-49.6864,6.7172],[-49.6862,6.7174],[-49.686,6.7176],[-49.6859,6.7179],[-49.6857,6.7181],[-49.6855,6.7183],[-49.6853,6.7185],[-49.6851,6.7187],[-49.6849,6.7189],[-49.6847,6.7192],[-49.6845,6.7194],[-49.6843,6.7196],[-49.6841,6.7198],[-49.6839,6.72],[-49.6837,6.7202],[-49.6836,6.7205],[-49.6834,6.7207],[-49.6832,6.7209],[-49.683,6.7211],[-49.6828,6.7213],[-49.6826,6.7215],[-49.6824,6.7218],[-49.6822,6.722],[-49.682,6.7222],[-49.6818,6.7224],[-49.6816,6.7226],[-49.6814,6.7228],[-49.6813,6.7231],[-49.6811,6.7233],[-49.6809,6.7235],[-49.6807,6.7237],[-49.6805,6.7239],[-49.6803,6.7241],[-49.6801,6.7244],[-49.6799,6.7246],[-49.6797,6.7248],[-49.6795,6.725],[-49.6793,6.7252],[-49.6791,6.7254],[-49.679,6.7257],[-49.6788,6.7259],[-49.6786,6.7261],[-49.6784,6.7263],[-49.6782,6.7265],[-49.678,6.7267],[-49.6778,6.727],[-49.6776,6.7272],[-49.6774,6.7274],[-49.6772,6.7276],[-49.677,6.7278],[-49.6768,6.728],[-49.6766,6.7283],[-49.6765,6.7285],[-49.6763,6.7287],[-49.6761,6.7289],[-49.6759,6.7291],[-49.6757,6.7293],[-49.6755,6.7296],[-49.6753,6.7298],[-49.6751,6.73],[-49.6749,6.7302],[-49.6747,6.7304],[-49.6745,6.7306],[-49.6743,6.7309],[-49.6742,6.7311],[-49.674,6.7313],[-49.6738,6.7315],[-49.6736,6.7317],[-49.6734,6.7319],[-49.6732,6.7322],[-49.673,6.7324],[-49.6728,6.7326],[-49.6726,6.7328],[-49.6724,6.733],[-49.6722,6.7332],[-49.672,6.7335],[-49.6719,6.7337],[-49.6717,6.7339],[-49.6715,6.7341],[-49.6713,6.7343],[-49.6711,6.7345],[-49.6709,6.7348],[-49.6707,6.735],[-49.6705,6.7352],[-49.6703,6.7354],[-49.6701,6.7356],[-49.6699,6.7358],[-49.6697,6.7361],[-49.6696,6.7363],[-49.6694,6.7365],[-49.6692,6.7367],[-49.669,6.7369],[-49.6688,6.7371],[-49.6686,6.7374],[-49.6684,6.7376],[-49.6682,6.7378],[-49.668,6.738],[-49.6678,6.7382],[-49.6676,6.7385],[-49.6674,6.7387],[-49.6673,6.7389],[-49.6671,6.7391],[-49.6669,6.7393],[-49.6667,6.7395],[-49.6665,6.7398],[-49.6663,6.74],[-49.6661,6.7402],[-49.6659,6.7404],[-49.6657,6.7406],[-49.6655,6.7408],[-49.6653,6.7411],[-49.6651,6.7413],[-49.6649,6.7415],[-49.6648,6.7417],[-49.6646,6.7419],[-49.6644,6.7421],[-49.6642,6.7424],[-49.664,6.7426],[-49.6638,6.7428],[-49.6636,6.743],[-49.6634,6.7432],[-49.6632,6.7434],[-49.663,6.7437],[-49.6628,6.7439],[-49.6626,6.7441],[-49.6625,6.7443],[-49.6623,6.7445],[-49.6621,6.7447],[-49.6619,6.745],[-49.6617,6.7452],[-49.6615,6.7454],[-49.6613,6.7456],[-49.6611,6.7458],[-49.6609,6.746],[-49.6607,6.7463],[-49.6605,6.7465],[-49.6603,6.7467],[-49.6602,6.7469],[-49.66,6.7471],[-49.6598,6.7473],[-49.6596,6.7476],[-49.6594,6.7478],[-49.6592,6.748],[-49.659,6.7482],[-49.6588,6.7484],[-49.6586,6.7486],[-49.6584,6.7489],[-49.6582,6.7491],[-49.658,6.7493],[-49.6579,6.7495],[-49.6577,6.7497],[-49.6575,6.7499],[-49.6573,6.7502],[-49.6571,6.7504],[-49.6569,6.7506],[-49.6567,6.7508],[-49.6565,6.751],[-49.6563,6.7512],[-49.6561,6.7515],[-49.6559,6.7517],[-49.6557,6.7519],[-49.6556,6.7521],[-49.6554,6.7523],[-49.6552,6.7525],[-49.655,6.7528],[-49.6548,6.753],[-49.6546,6.7532],[-49.6544,6.7534],[-49.6542,6.7536],[-49.654,6.7538],[-49.6538,6.7541],[-49.6536,6.7543],[-49.6534,6.7545],[-49.6533,6.7547],[-49.6531,6.7549],[-49.6529,6.7551],[-49.6527,6.7554],[-49.6525,6.7556],[-49.6523,6.7558],[-49.6521,6.756],[-49.6519,6.7562],[-49.6517,6.7564],[-49.6515,6.7567],[-49.6513,6.7569],[-49.6511,6.7571],[-49.6509,6.7573],[-49.6508,6.7575],[-49.6506,6.7577],[-49.6504,6.758],[-49.6502,6.7582],[-49.65,6.7584],[-49.6498,6.7586],[-49.6496,6.7588],[-49.6494,6.759],[-49.6492,6.7593],[-49.649,6.7595],[-49.6488,6.7597],[-49.6486,6.7599],[-49.6485,6.7601],[-49.6483,6.7603],[-49.6481,6.7606],[-49.6479,6.7608],[-49.6477,6.761],[-49.6475,6.7612],[-49.6473,6.7614],[-49.6471,6.7616],[-49.6469,6.7619],[-49.6467,6.7621],[-49.6465,6.7623],[-49.6463,6.7625],[-49.6462,6.7627],[-49.646,6.7629],[-49.6458,6.7632],[-49.6456,6.7634],[-49.6454,6.7636],[-49.6452,6.7638],[-49.645,6.764],[-49.6448,6.7642],[-49.6446,6.7645],[-49.6444,6.7647],[-49.6442,6.7649],[-49.644,6.7651],[-49.6439,6.7653],[-49.6437,6.7655],[-49.6435,6.7658],[-49.6433,6.766],[-49.6431,6.7662],[-49.6429,6.7664],[-49.6427,6.7666],[-49.6425,6.7668],[-49.6423,6.7671],[-49.6421,6.7673],[-49.6419,6.7675],[-49.6417,6.7677],[-49.6416,6.7679],[-49.6414,6.7681],[-49.6412,6.7684],[-49.641,6.7686],[-49.6408,6.7688],[-49.6406,6.769],[-49.6404,6.7692],[-49.6402,6.7694],[-49.64,6.7697],[-49.6398,6.7699],[-49.6396,6.7701],[-49.6394,6.7703],[-49.6392,6.7705],[-49.6391,6.7707],[-49.6389,6.771],[-49.6387,6.7712],[-49.6385,6.7714],[-49.6383,6.7716],[-49.6381,6.7718],[-49.6379,6.772],[-49.6377,6.7723],[-49.6375,6.7725],[-49.6373,6.7727],[-49.6371,6.7729],[-49.6369,6.7731],[-49.6368,6.7733],[-49.6366,6.7736],[-49.6364,6.7738],[-49.6362,6.774],[-49.636,6.7742],[-49.6358,6.7744],[-49.6356,6.7746],[-49.6354,6.7749],[-49.6352,6.7751],[-49.635,6.7753],[-49.6348,6.7755],[-49.6346,6.7757],[-49.6345,6.7759],[-49.6343,6.7762],[-49.6341,6.7764],[-49.6339,6.7766],[-49.6337,6.7768],[-49.6335,6.777],[-49.6333,6.7772],[-49.6331,6.7775],[-49.6329,6.7777],[-49.6327,6.7779],[-49.6325,6.7781],[-49.6323,6.7783],[-49.6322,6.7785],[-49.632,6.7788],[-49.6318,6.779],[-49.6316,6.7792],[-49.6314,6.7794],[-49.6312,6.7796],[-49.631,6.7798],[-49.6308,6.7801],[-49.6306,6.7803],[-49.6304,6.7805],[-49.6302,6.7807],[-49.63,6.7809],[-49.6298,6.7811],[-49.6297,6.7814],[-49.6295,6.7816],[-49.6293,6.7818],[-49.6291,6.782],[-49.6289,6.7822],[-49.6287,6.7824],[-49.6285,6.7827],[-49.6283,6.7829],[-49.6281,6.7831],[-49.6279,6.7833],[-49.6277,6.7835],[-49.6275,6.7837],[-49.6274,6.784],[-49.6272,6.7842],[-49.627,6.7844],[-49.6268,6.7846],[-49.6266,6.7848],[-49.6264,6.785],[-49.6262,6.7853],[-49.626,6.7855],[-49.6258,6.7857],[-49.6256,6.7859],[-49.6254,6.7861],[-49.6252,6.7863],[-49.6251,6.7866],[-49.6249,6.7868],[-49.6247,6.787],[-49.6245,6.7872],[-49.6243,6.7874],[-49.6241,6.7876],[-49.6239,6.7879],[-49.6237,6.7881],[-49.6235,6.7883],[-49.6233,6.7885],[-49.6231,6.7887],[-49.6229,6.7889],[-49.6228,6.7892],[-49.6226,6.7894],[-49.6224,6.7896],[-49.6222,6.7898],[-49.622,6.79],[-49.6218,6.7902],[-49.6216,6.7905],[-49.6214,6.7907],[-49.6212,6.7909],[-49.621,6.7911],[-49.6208,6.7913],[-49.6206,6.7915],[-49.6205,6.7918],[-49.6203,6.792],[-49.6201,6.7922],[-49.6199,6.7924],[-49.6197,6.7926],[-49.6195,6.7928],[-49.6193,6.7931],[-49.6191,6.7933],[-49.6189,6.7935],[-49.6187,6.7937],[-49.6185,6.7939],[-49.6183,6.7941],[-49.6181,6.7944],[-49.618,6.7946],[-49.6178,6.7948],[-49.6176,6.795],[-49.6174,6.7952],[-49.6172,6.7954],[-49.617,6.7957],[-49.6168,6.7959],[-49.6166,6.7961],[-49.6164,6.7963],[-49.6162,6.7965],[-49.616,6.7967],[-49.6158,6.797],[-49.6157,6.7972],[-49.6155,6.7974],[-49.6153,6.7976],[-49.6151,6.7978],[-49.6149,6.798],[-49.6147,6.7983],[-49.6145,6.7985],[-49.6143,6.7987],[-49.6141,6.7989],[-49.6139,6.7991],[-49.6137,6.7993],[-49.6135,6.7996],[-49.6134,6.7998],[-49.6132,6.8],[-49.613,6.8002],[-49.6128,6.8004],[-49.6126,6.8006],[-49.6124,6.8009],[-49.6122,6.8011],[-49.612,6.8013],[-49.6118,6.8015],[-49.6116,6.8017],[-49.6114,6.8019],[-49.6112,6.8022],[-49.6111,6.8024],[-49.6109,6.8026],[-49.6107,6.8028],[-49.6105,6.803],[-49.6103,6.8032],[-49.6101,6.8035],[-49.6099,6.8037],[-49.6097,6.8039],[-49.6095,6.8041],[-49.6093,6.8043],[-49.6091,6.8045],[-49.6089,6.8048],[-49.6088,6.805],[-49.6086,6.8052],[-49.6084,6.8054],[-49.6082,6.8056],[-49.608,6.8058],[-49.6078,6.8061],[-49.6076,6.8063],[-49.6074,6.8065],[-49.6072,6.8067],[-49.607,6.8069],[-49.6068,6.8071],[-49.6066,6.8074],[-49.6064,6.8076],[-49.6063,6.8078],[-49.6061,6.808],[-49.6059,6.8082],[-49.6057,6.8084],[-49.6055,6.8087],[-49.6053,6.8089],[-49.6051,6.8091],[-49.6049,6.8093],[-49.6047,6.8095],[-49.6045,6.8097],[-49.6043,6.81],[-49.6041,6.8102],[-49.604,6.8104],[-49.6038,6.8106],[-49.6036,6.8108],[-49.6034,6.811],[-49.6032,6.8113],[-49.603,6.8115],[-49.6028,6.8117],[-49.6026,6.8119],[-49.6024,6.8121],[-49.6022,6.8124],[-49.602,6.8126],[-49.6018,6.8128],[-49.6017,6.813],[-49.6015,6.8132],[-49.6013,6.8134],[-49.6011,6.8137],[-49.6009,6.8139],[-49.6007,6.8141],[-49.6005,6.8143],[-49.6003,6.8145],[-49.6001,6.8147],[-49.5999,6.815],[-49.5997,6.8152],[-49.5995,6.8154],[-49.5994,6.8156],[-49.5992,6.8158],[-49.599,6.816],[-49.5988,6.8163],[-49.5986,6.8165],[-49.5984,6.8167],[-49.5982,6.8169],[-49.598,6.8171],[-49.5978,6.8173],[-49.5976,6.8176],[-49.5974,6.8178],[-49.5972,6.818],[-49.597,6.8182],[-49.5969,6.8184],[-49.5967,6.8186],[-49.5965,6.8189],[-49.5963,6.8191],[-49.5961,6.8193],[-49.5959,6.8195],[-49.5957,6.8197],[-49.5955,6.8199],[-49.5953,6.8202],[-49.5951,6.8204],[-49.5949,6.8206],[-49.5947,6.8208],[-49.5946,6.821],[-49.5944,6.8212],[-49.5942,6.8215],[-49.594,6.8217],[-49.5938,6.8219],[-49.5936,6.8221],[-49.5934,6.8223],[-49.5932,6.8225],[-49.593,6.8228],[-49.5928,6.823],[-49.5926,6.8232],[-49.5924,6.8234],[-49.5923,6.8236],[-49.5921,6.8238],[-49.5919,6.8241],[-49.5917,6.8243],[-49.5915,6.8245],[-49.5913,6.8247],[-49.5911,6.8249],[-49.5909,6.8251],[-49.5907,6.8254],[-49.5905,6.8256],[-49.5903,6.8258],[-49.5901,6.826],[-49.59,6.8262],[-49.5898,6.8264],[-49.5896,6.8267],[-49.5894,6.8269],[-49.5892,6.8271],[-49.589,6.8273],[-49.5888,6.8275],[-49.5886,6.8277],[-49.5884,6.828],[-49.5882,6.8282],[-49.588,6.8284],[-49.5878,6.8286],[-49.5876,6.8288],[-49.5875,6.829],[-49.5873,6.8293],[-49.5871,6.8295],[-49.5869,6.8297],[-49.5867,6.8299],[-49.5865,6.8301],[-49.5863,6.8303],[-49.5861,6.8306],[-49.5859,6.8308],[-49.5857,6.831],[-49.5855,6.8312],[-49.5853,6.8314],[-49.5852,6.8316],[-49.585,6.8319],[-49.5848,6.8321],[-49.5846,6.8323],[-49.5844,6.8325],[-49.5842,6.8327],[-49.584,6.8329],[-49.5838,6.8332],[-49.5836,6.8334],[-49.5834,6.8336],[-49.5832,6.8338],[-49.583,6.834],[-49.5829,6.8342],[-49.5827,6.8345],[-49.5825,6.8347],[-49.5823,6.8349],[-49.5821,6.8351],[-49.5819,6.8353],[-49.5817,6.8355],[-49.5815,6.8358],[-49.5813,6.836],[-49.5811,6.8362],[-49.5809,6.8364],[-49.5807,6.8366],[-49.5806,6.8368],[-49.5804,6.8371],[-49.5802,6.8373],[-49.58,6.8375],[-49.5798,6.8377],[-49.5796,6.8379],[-49.5794,6.8381],[-49.5792,6.8384],[-49.579,6.8386],[-49.5788,6.8388],[-49.5786,6.839],[-49.5784,6.8392],[-49.5783,6.8394],[-49.5781,6.8397],[-49.5779,6.8399],[-49.5777,6.8401],[-49.5775,6.8403],[-49.5773,6.8405],[-49.5771,6.8407],[-49.5769,6.841],[-49.5767,6.8412],[-49.5765,6.8414],[-49.5763,6.8416],[-49.5761,6.8418],[-49.5759,6.842],[-49.5758,6.8423],[-49.5756,6.8425],[-49.5754,6.8427],[-49.5752,6.8429],[-49.575,6.8431],[-49.5748,6.8433],[-49.5746,6.8436],[-49.5744,6.8438],[-49.5742,6.844],[-49.574,6.8442],[-49.5738,6.8444],[-49.5736,6.8446],[-49.5735,6.8449],[-49.5733,6.8451],[-49.5731,6.8453],[-49.5729,6.8455],[-49.5727,6.8457],[-49.5725,6.8459],[-49.5723,6.8462],[-49.5721,6.8464],[-49.5719,6.8466],[-49.5717,6.8468],[-49.5715,6.847],[-49.5713,6.8472],[-49.5712,6.8475],[-49.571,6.8477],[-49.5708,6.8479],[-49.5706,6.8481],[-49.5704,6.8483],[-49.5702,6.8485],[-49.57,6.8488],[-49.5698,6.849],[-49.5696,6.8492],[-49.5694,6.8494],[-49.5692,6.8496],[-49.569,6.8498],[-49.5689,6.8501],[-49.5687,6.8503],[-49.5685,6.8505],[-49.5683,6.8507],[-49.5681,6.8509],[-49.5679,6.8511],[-49.5677,6.8514],[-49.5675,6.8516],[-49.5673,6.8518],[-49.5671,6.852],[-49.5669,6.8522],[-49.5667,6.8524],[-49.5665,6.8527],[-49.5664,6.8529],[-49.5662,6.8531],[-49.566,6.8533],[-49.5658,6.8535],[-49.5656,6.8537],[-49.5654,6.854],[-49.5652,6.8542],[-49.565,6.8544],[-49.5648,6.8546],[-49.5646,6.8548],[-49.5644,6.855],[-49.5642,6.8553],[-49.5641,6.8555],[-49.5639,6.8557],[-49.5637,6.8559],[-49.5635,6.8561],[-49.5633,6.8563],[-49.5631,6.8566],[-49.5629,6.8568],[-49.5627,6.857],[-49.5625,6.8572],[-49.5623,6.8574],[-49.5621,6.8576],[-49.5619,6.8579],[-49.5618,6.8581],[-49.5616,6.8583],[-49.5614,6.8585],[-49.5612,6.8587],[-49.561,6.8589],[-49.5608,6.8592],[-49.5606,6.8594],[-49.5604,6.8596],[-49.5602,6.8598],[-49.56,6.86],[-49.5598,6.8602],[-49.5596,6.8605],[-49.5594,6.8607],[-49.5593,6.8609],[-49.5591,6.8611],[-49.5589,6.8613],[-49.5587,6.8615],[-49.5585,6.8618],[-49.5583,6.862],[-49.5581,6.8622],[-49.5579,6.8624],[-49.5577,6.8626],[-49.5575,6.8628],[-49.5573,6.8631],[-49.5571,6.8633],[-49.557,6.8635],[-49.5568,6.8637],[-49.5566,6.8639],[-49.5564,6.8641],[-49.5562,6.8644],[-49.556,6.8646],[-49.5558,6.8648],[-49.5556,6.865],[-49.5554,6.8652],[-49.5552,6.8654],[-49.555,6.8657],[-49.5548,6.8659],[-49.5547,6.8661],[-49.5545,6.8663],[-49.5543,6.8665],[-49.5541,6.8667],[-49.5539,6.867],[-49.5537,6.8672],[-49.5535,6.8674],[-49.5533,6.8676],[-49.5531,6.8678],[-49.5529,6.868],[-49.5527,6.8683],[-49.5525,6.8685],[-49.5524,6.8687],[-49.5522,6.8689],[-49.552,6.8691],[-49.5518,6.8693],[-49.5516,6.8696],[-49.5514,6.8698],[-49.5512,6.87],[-49.551,6.8702],[-49.5508,6.8704],[-49.5506,6.8706],[-49.5504,6.8709],[-49.5502,6.8711],[-49.55,6.8713],[-49.5499,6.8715],[-49.5497,6.8717],[-49.5495,6.8719],[-49.5493,6.8722],[-49.5491,6.8724],[-49.5489,6.8726],[-49.5487,6.8728],[-49.5485,6.873],[-49.5483,6.8732],[-49.5481,6.8735],[-49.5479,6.8737],[-49.5477,6.8739],[-49.5476,6.8741],[-49.5474,6.8743],[-49.5472,6.8745],[-49.547,6.8748],[-49.5468,6.875],[-49.5466,6.8752],[-49.5464,6.8754],[-49.5462,6.8756],[-49.546,6.8758],[-49.5458,6.8761],[-49.5456,6.8763],[-49.5454,6.8765],[-49.5453,6.8767],[-49.5451,6.8769],[-49.5449,6.8771],[-49.5447,6.8774],[-49.5445,6.8776],[-49.5443,6.8778],[-49.5441,6.878],[-49.5439,6.8782],[-49.5437,6.8784],[-49.5435,6.8787],[-49.5433,6.8789],[-49.5431,6.8791],[-49.543,6.8793],[-49.5428,6.8795],[-49.5426,6.8797],[-49.5424,6.88],[-49.5422,6.8802],[-49.542,6.8804],[-49.5418,6.8806],[-49.5416,6.8808],[-49.5414,6.881],[-49.5412,6.8813],[-49.541,6.8815],[-49.5408,6.8817],[-49.5406,6.8819],[-49.5405,6.8821],[-49.5403,6.8823],[-49.5401,6.8826],[-49.5399,6.8828],[-49.5397,6.883],[-49.5395,6.8832],[-49.5393,6.8834],[-49.5391,6.8836],[-49.5389,6.8839],[-49.5387,6.8841],[-49.5385,6.8843],[-49.5383,6.8845],[-49.5382,6.8847],[-49.538,6.8849],[-49.5378,6.8852],[-49.5376,6.8854],[-49.5374,6.8856],[-49.5372,6.8858],[-49.537,6.886],[-49.5368,6.8863],[-49.5366,6.8865],[-49.5364,6.8867],[-49.5362,6.8869],[-49.536,6.8871],[-49.5359,6.8873],[-49.5357,6.8876],[-49.5355,6.8878],[-49.5353,6.888],[-49.5351,6.8882],[-49.5349,6.8884],[-49.5347,6.8886],[-49.5345,6.8889],[-49.5343,6.8891],[-49.5341,6.8893],[-49.5339,6.8895],[-49.5337,6.8897],[-49.5336,6.8899],[-49.5334,6.8902],[-49.5332,6.8904],[-49.533,6.8906],[-49.5328,6.8908],[-49.5326,6.891],[-49.5324,6.8912],[-49.5322,6.8915],[-49.532,6.8917],[-49.5318,6.8919],[-49.5316,6.8921],[-49.5314,6.8923],[-49.5312,6.8925],[-49.5311,6.8928],[-49.5309,6.893],[-49.5307,6.8932],[-49.5305,6.8934],[-49.5303,6.8936],[-49.5301,6.8938],[-49.5299,6.8941],[-49.5297,6.8943],[-49.5295,6.8945],[-49.5293,6.8947],[-49.5291,6.8949],[-49.5289,6.8951],[-49.5288,6.8954],[-49.5286,6.8956],[-49.5284,6.8958],[-49.5282,6.896],[-49.528,6.8962],[-49.5278,6.8964],[-49.5276,6.8967],[-49.5274,6.8969],[-49.5272,6.8971],[-49.527,6.8973],[-49.5268,6.8975],[-49.5266,6.8977],[-49.5265,6.898],[-49.5263,6.8982],[-49.5261,6.8984],[-49.5259,6.8986],[-49.5257,6.8988],[-49.5255,6.899],[-49.5253,6.8993],[-49.5251,6.8995],[-49.5249,6.8997],[-49.5247,6.8999],[-49.5245,6.9001],[-49.5243,6.9003],[-49.5241,6.9006],[-49.524,6.9008],[-49.5238,6.901],[-49.5236,6.9012],[-49.5234,6.9014],[-49.5232,6.9016],[-49.523,6.9019],[-49.5228,6.9021],[-49.5226,6.9023],[-49.5224,6.9025],[-49.5222,6.9027],[-49.522,6.9029],[-49.5218,6.9032],[-49.5217,6.9034],[-49.5215,6.9036],[-49.5213,6.9038],[-49.5211,6.904],[-49.5209,6.9042],[-49.5207,6.9045],[-49.5205,6.9047],[-49.5203,6.9049],[-49.5201,6.9051],[-49.5199,6.9053],[-49.5197,6.9055],[-49.5195,6.9058],[-49.5194,6.906],[-49.5192,6.9062],[-49.519,6.9064],[-49.5188,6.9066],[-49.5186,6.9068],[-49.5184,6.9071],[-49.5182,6.9073],[-49.518,6.9075],[-49.5178,6.9077],[-49.5176,6.9079],[-49.5174,6.9081],[-49.5172,6.9084],[-49.5171,6.9086],[-49.5169,6.9088],[-49.5167,6.909],[-49.5165,6.9092],[-49.5163,6.9094],[-49.5161,6.9097],[-49.5159,6.9099],[-49.5157,6.9101],[-49.5155,6.9103],[-49.5153,6.9105],[-49.5151,6.9107],[-49.5149,6.911],[-49.5147,6.9112],[-49.5146,6.9114],[-49.5144,6.9116],[-49.5142,6.9118],[-49.514,6.912],[-49.5138,6.9123],[-49.5136,6.9125],[-49.5134,6.9127],[-49.5132,6.9129],[-49.513,6.9131],[-49.5128,6.9133],[-49.5126,6.9136],[-49.5124,6.9138],[-49.5123,6.914],[-49.5121,6.9142],[-49.5119,6.9144],[-49.5117,6.9146],[-49.5115,6.9149],[-49.5113,6.9151],[-49.5111,6.9153],[-49.5109,6.9155],[-49.5107,6.9157],[-49.5105,6.9159],[-49.5103,6.9162],[-49.5101,6.9164],[-49.51,6.9166],[-49.5098,6.9168],[-49.5096,6.917],[-49.5094,6.9172],[-49.5092,6.9175],[-49.509,6.9177],[-49.5088,6.9179],[-49.5086,6.9181],[-49.5084,6.9183],[-49.5082,6.9185],[-49.508,6.9188],[-49.5078,6.919],[-49.5076,6.9192],[-49.5075,6.9194],[-49.5073,6.9196],[-49.5071,6.9198],[-49.5069,6.9201],[-49.5067,6.9203],[-49.5065,6.9205],[-49.5063,6.9207],[-49.5061,6.9209],[-49.5059,6.9211],[-49.5057,6.9214],[-49.5055,6.9216],[-49.5053,6.9218],[-49.5052,6.922],[-49.505,6.9222],[-49.5048,6.9224],[-49.5046,6.9227],[-49.5044,6.9229],[-49.5042,6.9231],[-49.504,6.9233],[-49.5038,6.9235],[-49.5036,6.9237],[-49.5034,6.924],[-49.5032,6.9242],[-49.503,6.9244],[-49.5029,6.9246],[-49.5027,6.9248],[-49.5025,6.925],[-49.5023,6.9253],[-49.5021,6.9255],[-49.5019,6.9257],[-49.5017,6.9259],[-49.5015,6.9261],[-49.5013,6.9263],[-49.5011,6.9266],[-49.5009,6.9268],[-49.5007,6.927],[-49.5006,6.9272],[-49.5004,6.9274],[-49.5002,6.9276],[-49.5,6.9279],[-49.4998,6.9281],[-49.4996,6.9283],[-49.4994,6.9285],[-49.4992,6.9287],[-49.499,6.9289],[-49.4988,6.9292],[-49.4986,6.9294],[-49.4984,6.9296],[-49.4982,6.9298],[-49.4981,6.93],[-49.4979,6.9302],[-49.4977,6.9305],[-49.4975,6.9307],[-49.4973,6.9309],[-49.4971,6.9311],[-49.4969,6.9313],[-49.4967,6.9315],[-49.4965,6.9318],[-49.4963,6.932],[-49.4961,6.9322],[-49.4959,6.9324],[-49.4958,6.9326],[-49.4956,6.9328],[-49.4954,6.9331],[-49.4952,6.9333],[-49.495,6.9335],[-49.4948,6.9337],[-49.4946,6.9339],[-49.4944,6.9341],[-49.4942,6.9344],[-49.494,6.9346],[-49.4938,6.9348],[-49.4936,6.935],[-49.4935,6.9352],[-49.4933,6.9354],[-49.4931,6.9357],[-49.4929,6.9359],[-49.4927,6.9361],[-49.4925,6.9363],[-49.4923,6.9365],[-49.4921,6.9367],[-49.4919,6.937],[-49.4917,6.9372],[-49.4915,6.9374],[-49.4913,6.9376],[-49.4911,6.9378],[-49.491,6.938],[-49.4908,6.9383],[-49.4906,6.9385],[-49.4904,6.9387],[-49.4902,6.9389],[-49.49,6.9391],[-49.4898,6.9393],[-49.4896,6.9396],[-49.4894,6.9398],[-49.4892,6.94],[-49.489,6.9402],[-49.4888,6.9404],[-49.4887,6.9406],[-49.4885,6.9409],[-49.4883,6.9411],[-49.4881,6.9413],[-49.4879,6.9415],[-49.4877,6.9417],[-49.4875,6.9419],[-49.4873,6.9422],[-49.4871,6.9424],[-49.4869,6.9426],[-49.4867,6.9428],[-49.4865,6.943],[-49.4864,6.9432],[-49.4862,6.9435],[-49.486,6.9437],[-49.4858,6.9439],[-49.4856,6.9441],[-49.4854,6.9443],[-49.4852,6.9445],[-49.485,6.9448],[-49.4848,6.945],[-49.4846,6.9452],[-49.4844,6.9454],[-49.4842,6.9456],[-49.484,6.9458],[-49.4839,6.9461],[-49.4837,6.9463],[-49.4835,6.9465],[-49.4833,6.9467],[-49.4831,6.9469],[-49.4829,6.9471],[-49.4827,6.9474],[-49.4825,6.9476],[-49.4823,6.9478],[-49.4821,6.948],[-49.4819,6.9482],[-49.4817,6.9484],[-49.4816,6.9487],[-49.4814,6.9489],[-49.4812,6.9491],[-49.481,6.9493],[-49.4808,6.9495],[-49.4806,6.9497],[-49.4804,6.95],[-49.4802,6.9502],[-49.48,6.9504],[-49.4798,6.9506],[-49.4796,6.9508],[-49.4794,6.951],[-49.4793,6.9513],[-49.4791,6.9515],[-49.4789,6.9517],[-49.4787,6.9519],[-49.4785,6.9521],[-49.4783,6.9523],[-49.4781,6.9526],[-49.4779,6.9528],[-49.4777,6.953],[-49.4775,6.9532],[-49.4773,6.9534],[-49.4771,6.9536],[-49.477,6.9539],[-49.4768,6.9541],[-49.4766,6.9543],[-49.4764,6.9545],[-49.4762,6.9547],[-49.476,6.9549],[-49.4758,6.9552],[-49.4756,6.9554],[-49.4754,6.9556],[-49.4752,6.9558],[-49.475,6.956],[-49.4748,6.9562],[-49.4746,6.9565],[-49.4745,6.9567],[-49.4743,6.9569],[-49.4741,6.9571],[-49.4739,6.9573],[-49.4737,6.9575],[-49.4735,6.9578],[-49.4733,6.958],[-49.4731,6.9582],[-49.4729,6.9584],[-49.4727,6.9586],[-49.4725,6.9588],[-49.4723,6.9591],[-49.4722,6.9593],[-49.472,6.9595],[-49.4718,6.9597],[-49.4716,6.9599],[-49.4714,6.9601],[-49.4712,6.9604],[-49.471,6.9606],[-49.4708,6.9608],[-49.4706,6.961],[-49.4704,6.9612],[-49.4702,6.9614],[-49.47,6.9617],[-49.4699,6.9619],[-49.4697,6.9621],[-49.4695,6.9623],[-49.4693,6.9625],[-49.4691,6.9628],[-49.4689,6.963],[-49.4687,6.9632],[-49.4685,6.9634],[-49.4683,6.9636],[-49.4681,6.9638],[-49.4679,6.9641],[-49.4677,6.9643],[-49.4675,6.9645],[-49.4674,6.9647],[-49.4672,6.9649],[-49.467,6.9651],[-49.4668,6.9654],[-49.4666,6.9656],[-49.4664,6.9658],[-49.4662,6.966],[-49.466,6.9662],[-49.4658,6.9664],[-49.4656,6.9667],[-49.4654,6.9669],[-49.4652,6.9671],[-49.4651,6.9673],[-49.4649,6.9675],[-49.4647,6.9677],[-49.4645,6.968],[-49.4643,6.9682],[-49.4641,6.9684],[-49.4639,6.9686],[-49.4637,6.9688],[-49.4635,6.969],[-49.4633,6.9693],[-49.4631,6.9695],[-49.4629,6.9697],[-49.4628,6.9699],[-49.4626,6.9701],[-49.4624,6.9703],[-49.4622,6.9706],[-49.462,6.9708],[-49.4618,6.971],[-49.4616,6.9712],[-49.4614,6.9714],[-49.4612,6.9716],[-49.461,6.9719],[-49.4608,6.9721],[-49.4606,6.9723],[-49.4604,6.9725],[-49.4603,6.9727],[-49.4601,6.9729],[-49.4599,6.9732],[-49.4597,6.9734],[-49.4595,6.9736],[-49.4593,6.9738],[-49.4591,6.974],[-49.4589,6.9742],[-49.4587,6.9745],[-49.4585,6.9747],[-49.4583,6.9749],[-49.4581,6.9751],[-49.458,6.9753],[-49.4578,6.9755],[-49.4576,6.9758],[-49.4574,6.976],[-49.4572,6.9762],[-49.457,6.9764],[-49.4568,6.9766],[-49.4566,6.9768],[-49.4564,6.9771],[-49.4562,6.9773],[-49.456,6.9775],[-49.4558,6.9777],[-49.4557,6.9779],[-49.4555,6.9781],[-49.4553,6.9784],[-49.4551,6.9786],[-49.4549,6.9788],[-49.4547,6.979],[-49.4545,6.9792],[-49.4543,6.9794],[-49.4541,6.9797],[-49.4539,6.9799],[-49.4537,6.9801],[-49.4535,6.9803],[-49.4533,6.9805],[-49.4532,6.9807],[-49.453,6.981],[-49.4528,6.9812],[-49.4526,6.9814],[-49.4524,6.9816],[-49.4522,6.9818],[-49.452,6.982],[-49.4518,6.9823],[-49.4516,6.9825],[-49.4514,6.9827],[-49.4512,6.9829],[-49.451,6.9831],[-49.4509,6.9833],[-49.4507,6.9836],[-49.4505,6.9838],[-49.4503,6.984],[-49.4501,6.9842],[-49.4499,6.9844],[-49.4497,6.9846],[-49.4495,6.9849],[-49.4493,6.9851],[-49.4491,6.9853],[-49.4489,6.9855],[-49.4487,6.9857],[-49.4486,6.9859],[-49.4484,6.9862],[-49.4482,6.9864],[-49.448,6.9866],[-49.4478,6.9868],[-49.4476,6.987],[-49.4474,6.9872],[-49.4472,6.9875],[-49.447,6.9877],[-49.4468,6.9879],[-49.4466,6.9881],[-49.4464,6.9883],[-49.4462,6.9885],[-49.4461,6.9888],[-49.4459,6.989],[-49.4457,6.9892],[-49.4455,6.9894],[-49.4453,6.9896],[-49.4451,6.9898],[-49.4449,6.9901],[-49.4447,6.9903],[-49.4445,6.9905],[-49.4443,6.9907],[-49.4441,6.9909],[-49.4439,6.9911],[-49.4438,6.9914],[-49.4436,6.9916],[-49.4434,6.9918],[-49.4432,6.992],[-49.443,6.9922],[-49.4428,6.9924],[-49.4426,6.9927],[-49.4424,6.9929],[-49.4422,6.9931],[-49.442,6.9933],[-49.4418,6.9935],[-49.4416,6.9937],[-49.4415,6.994],[-49.4413,6.9942],[-49.4411,6.9944],[-49.4409,6.9946],[-49.4407,6.9948],[-49.4405,6.995],[-49.4403,6.9953],[-49.4401,6.9955],[-49.4399,6.9957],[-49.4397,6.9959],[-49.4395,6.9961],[-49.4393,6.9963],[-49.4391,6.9966],[-49.439,6.9968],[-49.4388,6.997],[-49.4386,6.9972],[-49.4384,6.9974],[-49.4382,6.9976],[-49.438,6.9979],[-49.4378,6.9981],[-49.4376,6.9983],[-49.4374,6.9985],[-49.4372,6.9987],[-49.437,6.9989],[-49.4368,6.9992],[-49.4367,6.9994],[-49.4365,6.9996],[-49.4363,6.9998],[-49.4361,7.0],[-49.4359,7.0002],[-49.4357,7.0005],[-49.4355,7.0007],[-49.4353,7.0009],[-49.4351,7.0011],[-49.4349,7.0013],[-49.4347,7.0015],[-49.4345,7.0018],[-49.4344,7.002],[-49.4342,7.0022],[-49.434,7.0024],[-49.4338,7.0026],[-49.4336,7.0028],[-49.4334,7.0031],[-49.4332,7.0033],[-49.433,7.0035],[-49.4328,7.0037],[-49.4326,7.0039],[-49.4324,7.0041],[-49.4322,7.0044],[-49.432,7.0046],[-49.4319,7.0048],[-49.4317,7.005],[-49.4315,7.0052],[-49.4313,7.0054],[-49.4311,7.0057],[-49.4309,7.0059],[-49.4307,7.0061],[-49.4305,7.0063],[-49.4303,7.0065],[-49.4301,7.0067],[-49.4299,7.007],[-49.4297,7.0072],[-49.4296,7.0074],[-49.4294,7.0076],[-49.4292,7.0078],[-49.429,7.008],[-49.4288,7.0083],[-49.4286,7.0085],[-49.4284,7.0087],[-49.4282,7.0089],[-49.428,7.0091],[-49.4278,7.0093],[-49.4276,7.0096],[-49.4274,7.0098],[-49.4273,7.01],[-49.4271,7.0102],[-49.4269,7.0104],[-49.4267,7.0106],[-49.4265,7.0109],[-49.4263,7.0111],[-49.4261,7.0113],[-49.4259,7.0115],[-49.4257,7.0117],[-49.4255,7.0119],[-49.4253,7.0122],[-49.4251,7.0124],[-49.4249,7.0126],[-49.4248,7.0128],[-49.4246,7.013],[-49.4244,7.0132],[-49.4242,7.0135],[-49.424,7.0137],[-49.4238,7.0139],[-49.4236,7.0141],[-49.4234,7.0143],[-49.4232,7.0145],[-49.423,7.0148],[-49.4228,7.015],[-49.4226,7.0152],[-49.4225,7.0154],[-49.4223,7.0156],[-49.4221,7.0158],[-49.4219,7.0161],[-49.4217,7.0163],[-49.4215,7.0165],[-49.4213,7.0167],[-49.4211,7.0169],[-49.4209,7.0171],[-49.4207,7.0174],[-49.4205,7.0176],[-49.4203,7.0178],[-49.4202,7.018],[-49.42,7.0182],[-49.4198,7.0184],[-49.4196,7.0187],[-49.4194,7.0189],[-49.4192,7.0191],[-49.419,7.0193],[-49.4188,7.0195],[-49.4186,7.0197],[-49.4184,7.02],[-49.4182,7.0202],[-49.418,7.0204],[-49.4178,7.0206],[-49.4177,7.0208],[-49.4175,7.021],[-49.4173,7.0213],[-49.4171,7.0215],[-49.4169,7.0217],[-49.4167,7.0219],[-49.4165,7.0221],[-49.4163,7.0223],[-49.4161,7.0226],[-49.4159,7.0228],[-49.4157,7.023],[-49.4155,7.0232],[-49.4154,7.0234],[-49.4152,7.0236],[-49.415,7.0239],[-49.4148,7.0241],[-49.4146,7.0243],[-49.4144,7.0245],[-49.4142,7.0247],[-49.414,7.0249],[-49.4138,7.0252],[-49.4136,7.0254],[-49.4134,7.0256],[-49.4132,7.0258],[-49.413,7.026],[-49.4129,7.0262],[-49.4127,7.0265],[-49.4125,7.0267],[-49.4123,7.0269],[-49.4121,7.0271],[-49.4119,7.0273],[-49.4117,7.0275],[-49.4115,7.0278],[-49.4113,7.028],[-49.4111,7.0282],[-49.4109,7.0284],[-49.4107,7.0286],[-49.4106,7.0288],[-49.4104,7.0291],[-49.4102,7.0293],[-49.41,7.0295],[-49.4098,7.0297],[-49.4096,7.0299],[-49.4094,7.0301],[-49.4092,7.0304],[-49.409,7.0306],[-49.4088,7.0308],[-49.4086,7.031],[-49.4084,7.0312],[-49.4083,7.0314],[-49.4081,7.0317],[-49.4079,7.0319],[-49.4077,7.0321],[-49.4075,7.0323],[-49.4073,7.0325],[-49.4071,7.0327],[-49.4069,7.033],[-49.4067,7.0332],[-49.4065,7.0334],[-49.4063,7.0336],[-49.4061,7.0338],[-49.4059,7.034],[-49.4058,7.0343],[-49.4056,7.0345],[-49.4054,7.0347],[-49.4052,7.0349],[-49.405,7.0351],[-49.4048,7.0353],[-49.4046,7.0356],[-49.4044,7.0358],[-49.4042,7.036],[-49.404,7.0362],[-49.4038,7.0364],[-49.4036,7.0366],[-49.4035,7.0369],[-49.4033,7.0371],[-49.4031,7.0373],[-49.4029,7.0375],[-49.4027,7.0377],[-49.4025,7.0379],[-49.4023,7.0382],[-49.4021,7.0384],[-49.4019,7.0386],[-49.4017,7.0388],[-49.4015,7.039],[-49.4013,7.0392],[-49.4012,7.0395],[-49.401,7.0397],[-49.4008,7.0399],[-49.4006,7.0401],[-49.4004,7.0403],[-49.4002,7.0406],[-49.4,7.0408],[-49.3998,7.041],[-49.3996,7.0412],[-49.3994,7.0414],[-49.3992,7.0416],[-49.399,7.0419],[-49.3988,7.0421],[-49.3987,7.0423],[-49.3985,7.0425],[-49.3983,7.0427],[-49.3981,7.0429],[-49.3979,7.0432],[-49.3977,7.0434],[-49.3975,7.0436],[-49.3973,7.0438],[-49.3971,7.044],[-49.3969,7.0442],[-49.3967,7.0445],[-49.3965,7.0447],[-49.3964,7.0449],[-49.3962,7.0451],[-49.396,7.0453],[-49.3958,7.0455],[-49.3956,7.0458],[-49.3954,7.046],[-49.3952,7.0462],[-49.395,7.0464],[-49.3948,7.0466],[-49.3946,7.0468],[-49.3944,7.0471],[-49.3942,7.0473],[-49.3941,7.0475],[-49.3939,7.0477],[-49.3937,7.0479],[-49.3935,7.0481],[-49.3933,7.0484],[-49.3931,7.0486],[-49.3929,7.0488],[-49.3927,7.049],[-49.3925,7.0492],[-49.3923,7.0494],[-49.3921,7.0497],[-49.3919,7.0499],[-49.3917,7.0501],[-49.3916,7.0503],[-49.3914,7.0505],[-49.3912,7.0507],[-49.391,7.051],[-49.3908,7.0512],[-49.3906,7.0514],[-49.3904,7.0516],[-49.3902,7.0518],[-49.39,7.052],[-49.3898,7.0523],[-49.3896,7.0525],[-49.3894,7.0527],[-49.3893,7.0529],[-49.3891,7.0531],[-49.3889,7.0533],[-49.3887,7.0536],[-49.3885,7.0538],[-49.3789,7.0473],[-49.3649,7.038],[-49.3511,7.0286],[-49.3373,7.0191],[-49.3235,7.0096],[-49.3098,7.0],[-49.2961,6.9903],[-49.2825,6.9805],[-49.2689,6.9707],[-49.2554,6.9609],[-49.2419,6.9509],[-49.2285,6.9409],[-49.2151,6.9308],[-49.2018,6.9207],[-49.1885,6.9105],[-49.1753,6.9002],[-49.1621,6.8899],[-49.149,6.8795],[-49.1359,6.869],[-49.1229,6.8584],[-49.11,6.8478],[-49.0971,6.8372],[-49.0842,6.8264],[-49.0714,6.8156],[-49.0587,6.8048],[-49.046,6.7939],[-49.0334,6.7829],[-49.0208,6.7718],[-49.0083,6.7607],[-48.9958,6.7495],[-48.9834,6.7383],[-48.9711,6.727],[-48.9588,6.7156],[-48.9453,6.703],[-48.9329,6.6917],[-48.9206,6.6804],[-48.9083,6.669],[-48.8961,6.6575],[-48.884,6.646],[-48.8719,6.6344],[-48.8599,6.6228],[-48.8479,6.6111],[-48.836,6.5993],[-48.8242,6.5875],[-48.8124,6.5756],[-48.8007,6.5636],[-48.789,6.5517],[-48.7774,6.5396],[-48.7659,6.5275],[-48.7544,6.5153],[-48.7429,6.5031],[-48.7316,6.4908],[-48.7203,6.4784],[-48.7091,6.466],[-48.6979,6.4536],[-48.6868,6.441],[-48.6757,6.4285],[-48.6648,6.4158],[-48.6538,6.4032],[-48.643,6.3904],[-48.6322,6.3776],[-48.6215,6.3648],[-48.6108,6.3519],[-48.6002,6.3389],[-48.5897,6.3259],[-48.5792,6.3129],[-48.5688,6.2998],[-48.5585,6.2866],[-48.5482,6.2734],[-48.538,6.2601],[-48.5279,6.2468],[-48.5178,6.2335],[-48.5078,6.22],[-48.4979,6.2066],[-48.4855,6.1898],[-48.4754,6.1764],[-48.4653,6.163],[-48.4554,6.1496],[-48.4455,6.1361],[-48.4356,6.1226],[-48.4259,6.109],[-48.4161,6.0954],[-48.4065,6.0817],[-48.397,6.068],[-48.3875,6.0542],[-48.378,6.0404],[-48.3687,6.0265],[-48.3594,6.0126],[-48.3502,5.9986],[-48.341,5.9846],[-48.3319,5.9705],[-48.3229,5.9564],[-48.314,5.9423],[-48.3052,5.9281],[-48.2964,5.9139],[-48.2876,5.8996],[-48.279,5.8853],[-48.2704,5.8709],[-48.2619,5.8565],[-48.2535,5.842],[-48.2451,5.8275],[-48.2368,5.813],[-48.2286,5.7984],[-48.2205,5.7838],[-48.2124,5.7692],[-48.2044,5.7545],[-48.1965,5.7397],[-48.1886,5.7249],[-48.1809,5.7101],[-48.1732,5.6953],[-48.1656,5.6804],[-48.158,5.6654],[-48.1505,5.6505],[-48.1431,5.6355],[-48.1358,5.6204],[-48.1286,5.6053],[-48.1214,5.5902],[-48.1143,5.5751],[-48.1073,5.5599],[-48.1003,5.5447],[-48.0935,5.5294],[-48.0867,5.5141],[-48.0799,5.4988],[-48.0733,5.4834],[-48.0668,5.468],[-48.0603,5.4526],[-48.0539,5.4372],[-48.0491,5.4271],[-48.0421,5.4119],[-48.0351,5.3967],[-48.0282,5.3815],[-48.0214,5.3662],[-48.0146,5.3509],[-48.0079,5.3355],[-48.0013,5.3202],[-47.9948,5.3048],[-47.9884,5.2893],[-47.982,5.2738],[-47.9757,5.2583],[-47.9695,5.2428],[-47.9634,5.2272],[-47.9573,5.2116],[-47.9513,5.196],[-47.9454,5.1803],[-47.9396,5.1647],[-47.9339,5.1489],[-47.9282,5.1332],[-47.9226,5.1174],[-47.9171,5.1016],[-47.9117,5.0858],[-47.9063,5.0699],[-47.9011,5.0541],[-47.8973,5.043],[-47.8921,5.0271],[-47.8869,5.0112],[-47.8817,4.9952],[-47.8767,4.9793],[-47.8718,4.9633],[-47.8669,4.9473],[-47.8621,4.9313],[-47.8574,4.9152],[-47.8527,4.8991],[-47.8482,4.883],[-47.8437,4.8669],[-47.8393,4.8507],[-47.835,4.8346],[-47.8308,4.8184],[-47.8266,4.8022],[-47.8225,4.7859],[-47.8186,4.7697],[-47.8147,4.7534],[-47.8108,4.7371],[-47.8071,4.7208],[-47.8034,4.7045],[-47.7998,4.6881],[-47.7963,4.6718],[-47.7929,4.6554],[-47.7896,4.639],[-47.7863,4.6226],[-47.7831,4.6061],[-47.78,4.5897],[-47.7778,4.5784],[-47.7745,4.5619],[-47.7713,4.5455],[-47.7682,4.5291],[-47.7652,4.5126],[-47.7623,4.4961],[-47.7595,4.4796],[-47.7567,4.4631],[-47.754,4.4466],[-47.7514,4.4301],[-47.7489,4.4135],[-47.7465,4.397],[-47.7441,4.3804],[-47.7419,4.3638],[-47.7397,4.3472],[-47.7377,4.3337],[-47.7354,4.3171],[-47.7331,4.3005],[-47.731,4.2839],[-47.7289,4.2673],[-47.7269,4.2507],[-47.725,4.2341],[-47.7232,4.2174],[-47.7176,4.2125],[-47.7051,4.2015],[-47.6927,4.1903],[-47.6803,4.1791],[-47.668,4.1678],[-47.6557,4.1565],[-47.6435,4.1451],[-47.6313,4.1336],[-47.6192,4.1221],[-47.6072,4.1105],[-47.5952,4.0989],[-47.5833,4.0872],[-47.5714,4.0754],[-47.5596,4.0636],[-47.5479,4.0517],[-47.5362,4.0398],[-47.5246,4.0278],[-47.513,4.0157],[-47.5015,4.0036],[-47.4901,3.9914],[-47.4787,3.9792],[-47.4674,3.9669],[-47.4561,3.9546],[-47.4449,3.9422],[-47.4338,3.9297],[-47.4227,3.9172],[-47.4117,3.9047],[-47.4008,3.892],[-47.3899,3.8794],[-47.3791,3.8666],[-47.3683,3.8538],[-47.3576,3.841],[-47.347,3.8281],[-47.3364,3.8152],[-47.3259,3.8022],[-47.3155,3.7891],[-47.3051,3.776],[-47.2948,3.7629],[-47.2846,3.7497],[-47.2744,3.7364],[-47.2643,3.7231],[-47.2543,3.7097],[-47.2443,3.6963],[-47.2344,3.6829],[-47.2245,3.6693],[-47.2148,3.6558],[-47.2051,3.6422],[-47.1954,3.6285],[-47.1859,3.6148],[-47.1764,3.6011],[-47.167,3.5873],[-47.1576,3.5734],[-47.1483,3.5595],[-47.1391,3.5456],[-47.1299,3.5316],[-47.1208,3.5176],[-47.1118,3.5035],[-47.1029,3.4894],[-47.094,3.4752],[-47.0852,3.461],[-47.0765,3.4467],[-47.0678,3.4324],[-47.0593,3.4181],[-47.0507,3.4037],[-47.0423,3.3893],[-47.0339,3.3748],[-47.0256,3.3603],[-47.0174,3.3457],[-47.0092,3.3311],[-47.0012,3.3165],[-46.9932,3.3018],[-46.9852,3.2871],[-46.9774,3.2723],[-46.9696,3.2575],[-46.9619,3.2427],[-46.9542,3.2278],[-46.9467,3.2129],[-46.9392,3.198],[-46.9317,3.183],[-46.9244,3.168],[-46.9171,3.1529],[-46.9099,3.1378],[-46.9028,3.1227],[-46.8958,3.1075],[-46.8888,3.0923],[-46.8819,3.0771],[-46.8751,3.0618],[-46.8684,3.0465],[-46.8617,3.0311],[-46.8551,3.0158],[-46.8486,3.0004],[-46.8422,2.9849],[-46.8358,2.9694],[-46.8296,2.9539],[-46.8234,2.9384],[-46.8172,2.9228],[-46.8112,2.9072],[-46.8052,2.8916],[-46.7993,2.876],[-46.7935,2.8603],[-46.7878,2.8446],[-46.7821,2.8288],[-46.7766,2.813],[-46.7711,2.7972],[-46.7656,2.7814],[-46.7603,2.7656],[-46.755,2.7497],[-46.7499,2.7338],[-46.7417,2.7173],[-46.7253,2.7145],[-46.7089,2.7116],[-46.6925,2.7086],[-46.6762,2.7055],[-46.6598,2.7023],[-46.6435,2.6991],[-46.6272,2.6957],[-46.6109,2.6923],[-46.5946,2.6888],[-46.5784,2.6853],[-46.5621,2.6816],[-46.5459,2.6779],[-46.5297,2.674],[-46.5135,2.6701],[-46.4973,2.6662],[-46.4812,2.6621],[-46.4651,2.6579],[-46.449,2.6537],[-46.4329,2.6494],[-46.4168,2.645],[-46.4008,2.6405],[-46.3848,2.636],[-46.3688,2.6314],[-46.3528,2.6266],[-46.3368,2.6218],[-46.3209,2.617],[-46.305,2.612],[-46.2891,2.607],[-46.2733,2.6019],[-46.2575,2.5967],[-46.2417,2.5914],[-46.2259,2.5861],[-46.2102,2.5806],[-46.1944,2.5751],[-46.1788,2.5695],[-46.1631,2.5639],[-46.1475,2.5581],[-46.1319,2.5523],[-46.1163,2.5464],[-46.1007,2.5404],[-46.0852,2.5344],[-46.0697,2.5282],[-46.0543,2.522],[-46.0389,2.5157],[-46.0235,2.5093],[-46.0081,2.5029],[-45.9928,2.4964],[-45.9775,2.4898],[-45.9622,2.4831],[-45.947,2.4763],[-45.9318,2.4695],[-45.9167,2.4626],[-45.9015,2.4556],[-45.8864,2.4485],[-45.8714,2.4414],[-45.8656,2.4408],[-45.849,2.439],[-45.8325,2.4372],[-45.8159,2.4352],[-45.7994,2.4332],[-45.7829,2.4311],[-45.7664,2.4289],[-45.7499,2.4266],[-45.7334,2.4243],[-45.717,2.4218],[-45.7005,2.4193],[-45.6841,2.4167],[-45.6677,2.414],[-45.6512,2.4113],[-45.6348,2.4084],[-45.6185,2.4055],[-45.6021,2.4025],[-45.5857,2.3994],[-45.5694,2.3962],[-45.5531,2.3929],[-45.5368,2.3896],[-45.5205,2.3862],[-45.5042,2.3827],[-45.488,2.3791],[-45.6088,2.2269],[-46.2249,1.4586],[-47.8516,-0.5698],[-47.8552,-0.5743]]]}}]}